3	1320	0.006163332
815	1320	0.006163332
1320	1321	0.0054756394
5	1321	0.0054756394
795	1322	0.008562376
974	1322	0.008562376
801	1323	0.0060088946
944	1323	0.0060088946
1322	1324	0.005374152
1323	1324	0.005374152
794	1325	0.0052340575
1324	1325	0.0052340575
6	1326	0.0045896503
1325	1326	0.0045896503
1326	1327	0.0045590713
283	1327	0.0045590713
1327	1328	0.004528224
7	1328	0.004528224
1328	1329	0.004033615
951	1329	0.004033615
502	1330	0.0120957075
503	1330	0.0120957075
10	1331	0.009900451
1330	1331	0.009900451
9	1332	0.00746425
1331	1332	0.00746425
29	1333	0.014403549
401	1333	0.014403549
1333	1334	0.012208241
504	1334	0.012208241
1334	1335	0.009638245
53	1335	0.009638245
24	1336	0.008099023
1335	1336	0.008099023
1336	1337	0.0067059505
356	1337	0.0067059505
42	1338	0.008194467
64	1338	0.008194467
164	1339	0.0067490963
459	1339	0.0067490963
626	1340	0.009454696
1126	1340	0.009454696
1332	1341	0.006667735
1337	1341	0.006667735
1341	1342	0.005700301
254	1342	0.005700301
1338	1343	0.0054587508
269	1343	0.0054587508
1343	1344	0.0054317764
270	1344	0.0054317764
65	1345	0.00507657
1339	1345	0.00507657
149	1346	0.0051970663
1141	1346	0.0051970663
369	1347	0.0065670353
728	1347	0.0065670353
722	1348	0.0061776326
723	1348	0.0061776326
1348	1349	0.005296002
1094	1349	0.005296002
1349	1350	0.0050014392
768	1350	0.0050014392
1342	1351	0.0045875236
1350	1351	0.0045875236
568	1352	0.00448325
1058	1352	0.00448325
1351	1353	0.0044824113
1352	1353	0.0044824113
1353	1354	0.004411768
1340	1354	0.004411768
1344	1355	0.004573065
153	1355	0.004573065
1355	1356	0.004442495
1345	1356	0.004442495
1346	1357	0.004591954
1297	1357	0.004591954
1354	1358	0.004230999
357	1358	0.004230999
1357	1359	0.004380887
322	1359	0.004380887
1356	1360	0.0042959815
1359	1360	0.0042959815
1360	1361	0.0042612455
1347	1361	0.0042612455
1358	1362	0.004102387
541	1362	0.004102387
1362	1363	0.004075485
1361	1363	0.004075485
1363	1364	0.004029839
397	1364	0.004029839
1364	1365	0.003847652
1056	1365	0.003847652
12	1366	0.02776139
588	1366	0.02776139
1366	1367	0.008292638
1055	1367	0.008292638
1367	1368	0.0065238364
206	1368	0.0065238364
1368	1369	0.004387593
387	1369	0.004387593
1369	1370	0.004089129
1091	1370	0.004089129
1099	1371	0.014088921
1100	1371	0.014088921
1371	1372	0.012234747
1104	1372	0.012234747
13	1373	0.011917891
1372	1373	0.011917891
1373	1374	0.0060683843
1102	1374	0.0060683843
1374	1375	0.0038665566
635	1375	0.0038665566
19	1376	0.0050235316
20	1376	0.0050235316
25	1377	0.010707003
1221	1377	0.010707003
1222	1377	0.010707003
1223	1377	0.010707003
1377	1378	0.0071014515
26	1378	0.0071014515
40	1379	0.0052436064
531	1379	0.0052436064
1379	1380	0.004428162
234	1380	0.004428162
1380	1381	0.0040693018
1022	1381	0.0040693018
257	1382	0.0055419845
767	1382	0.0055419845
125	1383	0.0053334413
1382	1383	0.0053334413
1383	1384	0.0040624994
258	1384	0.0040624994
48	1385	0.0039341296
1384	1385	0.0039341296
56	1386	0.024902109
333	1386	0.024902109
1386	1387	0.015745874
58	1387	0.015745874
1387	1388	0.008430796
332	1388	0.008430796
1388	1389	0.0053143296
693	1389	0.0053143296
353	1390	0.005035526
564	1390	0.005035526
63	1391	0.0043398663
1390	1391	0.0043398663
67	1392	0.007949194
226	1392	0.007949194
71	1393	0.003983037
360	1393	0.003983037
73	1394	0.012137906
394	1394	0.012137906
468	1395	0.015095226
941	1395	0.015095226
78	1396	0.012629259
1395	1396	0.012629259
74	1397	0.0121452585
1396	1397	0.0121452585
368	1398	0.0126509275
932	1398	0.0126509275
1398	1399	0.012032677
931	1399	0.012032677
666	1400	0.03754469
680	1400	0.03754469
620	1401	0.018888243
1400	1401	0.018888243
687	1402	0.021332275
936	1402	0.021332275
814	1403	0.013653416
1015	1403	0.013653416
1403	1404	0.012527669
1181	1404	0.012527669
1404	1405	0.012313778
883	1405	0.012313778
1211	1406	0.012205867
1212	1406	0.012205867
1397	1407	0.010666237
843	1407	0.010666237
1407	1408	0.00931965
1159	1408	0.00931965
934	1409	0.009729625
1406	1409	0.009729625
1409	1410	0.0079519
1210	1410	0.0079519
1399	1411	0.0076207044
1410	1411	0.0076207044
625	1412	0.009944438
1405	1412	0.009944438
1411	1413	0.007575145
834	1413	0.007575145
1413	1414	0.00744791
1412	1414	0.00744791
1414	1415	0.0066636754
1144	1415	0.0066636754
1408	1416	0.0057121133
942	1416	0.0057121133
1415	1417	0.006560888
1401	1417	0.006560888
1416	1418	0.004374233
1417	1418	0.004374233
939	1418	0.004374233
1418	1419	0.0042768414
212	1419	0.0042768414
1402	1419	0.0042768414
937	1419	0.0042768414
76	1420	0.018829579
981	1420	0.018829579
1420	1421	0.013065996
987	1421	0.013065996
238	1422	0.0075937468
240	1422	0.0075937468
405	1423	0.0074883997
1272	1423	0.0074883997
421	1424	0.0131031
434	1424	0.0131031
1424	1425	0.007668161
1021	1425	0.007668161
1421	1426	0.006291371
973	1426	0.006291371
1422	1427	0.0061322288
239	1427	0.0061322288
1423	1428	0.0067384206
818	1428	0.0067384206
1428	1429	0.006705861
1151	1429	0.006705861
1429	1430	0.005811304
422	1430	0.005811304
1430	1431	0.0058092424
1425	1431	0.0058092424
1426	1432	0.0051330905
975	1432	0.0051330905
1432	1433	0.0040900283
313	1433	0.0040900283
286	1434	0.004503897
1431	1434	0.004503897
1433	1435	0.0039747697
1434	1435	0.0039747697
1435	1436	0.003962512
1427	1436	0.003962512
77	1437	0.005024768
1013	1437	0.005024768
89	1438	0.004877191
912	1438	0.004877191
90	1439	0.0061513237
953	1439	0.0061513237
1439	1440	0.0054779965
1293	1440	0.0054779965
1440	1441	0.004905396
641	1441	0.004905396
1441	1442	0.0038892026
1143	1442	0.0038892026
94	1443	0.008752053
95	1443	0.008752053
1443	1444	0.008478158
1184	1444	0.008478158
1444	1445	0.007639154
96	1445	0.007639154
1445	1446	0.004497063
712	1446	0.004497063
103	1447	0.018105844
105	1447	0.018105844
1447	1448	0.016753854
106	1448	0.016753854
1448	1449	0.015779797
1109	1449	0.015779797
1449	1450	0.011351613
104	1450	0.011351613
1450	1451	0.008702855
460	1451	0.008702855
486	1452	0.0070111738
1235	1452	0.0070111738
1451	1453	0.0063182916
1452	1453	0.0063182916
1453	1454	0.003950519
461	1454	0.003950519
318	1455	0.0072800494
320	1455	0.0072800494
110	1456	0.0066043064
1455	1456	0.0066043064
1456	1457	0.005349106
652	1457	0.005349106
1457	1458	0.0043248823
532	1458	0.0043248823
1458	1459	0.003979619
498	1459	0.003979619
118	1460	0.0042134374
846	1460	0.0042134374
138	1461	0.0044139097
1318	1461	0.0044139097
141	1462	0.0042535453
408	1462	0.0042535453
1093	1463	0.013718712
1213	1463	0.013718712
148	1464	0.009560735
1463	1464	0.009560735
1464	1465	0.008000739
437	1465	0.008000739
826	1465	0.008000739
1465	1466	0.0072433185
288	1466	0.0072433185
1466	1467	0.0061381618
653	1467	0.0061381618
1467	1468	0.005656351
287	1468	0.005656351
1468	1469	0.005186472
222	1469	0.005186472
1469	1470	0.004819098
654	1470	0.004819098
151	1471	0.0062302593
1250	1471	0.0062302593
1471	1472	0.0053411312
1051	1472	0.0053411312
192	1473	0.007800695
830	1473	0.007800695
559	1474	0.010147557
799	1474	0.010147557
1474	1475	0.009941476
1057	1475	0.009941476
439	1476	0.007751088
1475	1476	0.007751088
389	1477	0.0068096668
560	1477	0.0068096668
152	1478	0.0056324294
1477	1478	0.0056324294
906	1479	0.0066509917
1027	1479	0.0066509917
1473	1480	0.0055020256
1479	1480	0.0055020256
1480	1481	0.0054469095
1476	1481	0.0054469095
1481	1482	0.005299845
840	1482	0.005299845
618	1483	0.0046221553
835	1483	0.0046221553
1483	1484	0.0041201375
820	1484	0.0041201375
1478	1485	0.003938105
1482	1485	0.003938105
1484	1485	0.003938105
444	1486	0.007554113
787	1486	0.007554113
215	1487	0.005805342
1486	1487	0.005805342
217	1488	0.018899268
777	1488	0.018899268
243	1489	0.00536599
244	1489	0.00536599
242	1490	0.0048459163
1489	1490	0.0048459163
241	1491	0.0047585065
1490	1491	0.0047585065
248	1492	0.0058570323
260	1492	0.0058570323
267	1493	0.023622574
780	1493	0.023622574
277	1494	0.0039421297
910	1494	0.0039421297
1494	1495	0.0038569465
278	1495	0.0038569465
280	1495	0.0038569465
308	1496	0.005866308
899	1496	0.005866308
1496	1497	0.004713185
1265	1497	0.004713185
1497	1498	0.0039997264
900	1498	0.0039997264
309	1499	0.005296002
710	1499	0.005296002
327	1500	0.00582755
819	1500	0.00582755
355	1501	0.019018797
359	1501	0.019018797
445	1502	0.00735766
644	1502	0.00735766
453	1503	0.009051505
783	1503	0.009051505
1503	1504	0.007113032
1236	1504	0.007113032
856	1505	0.006555051
1060	1505	0.006555051
489	1506	0.0064601726
1505	1506	0.0064601726
1506	1507	0.005691205
938	1507	0.005691205
1507	1508	0.0053845746
1061	1508	0.0053845746
1508	1509	0.005056898
1129	1509	0.005056898
1029	1510	0.010032566
1302	1510	0.010032566
1510	1511	0.005580324
1122	1511	0.005580324
1511	1512	0.004650824
1271	1512	0.004650824
490	1513	0.0041617476
1512	1513	0.0041617476
1513	1514	0.004135821
491	1514	0.004135821
1277	1515	0.007927534
1278	1515	0.007927534
721	1516	0.007827601
1515	1516	0.007827601
1516	1517	0.0052813073
1218	1517	0.0052813073
516	1518	0.0045301206
1517	1518	0.0045301206
828	1519	0.054795556
1054	1519	0.054795556
551	1520	0.0054645613
1519	1520	0.0054645613
557	1521	0.0038750153
624	1521	0.0038750153
770	1522	0.00954187
998	1522	0.00954187
574	1523	0.009173823
1522	1523	0.009173823
1523	1524	0.0045850556
615	1524	0.0045850556
601	1525	0.010762817
1187	1525	0.010762817
612	1526	0.009067059
1254	1526	0.009067059
613	1527	0.0045550335
614	1527	0.0045550335
646	1528	0.0066161347
655	1528	0.0066161347
1294	1529	0.007047341
1305	1529	0.007047341
1529	1530	0.0069427784
1308	1530	0.0069427784
672	1531	0.0044994876
674	1531	0.0044994876
1531	1532	0.0039589005
1530	1532	0.0039589005
705	1533	0.005111025
907	1533	0.005111025
698	1534	0.005092893
1533	1534	0.005092893
1534	1535	0.0047729816
958	1535	0.0047729816
1535	1536	0.004154318
701	1536	0.004154318
1536	1537	0.003993081
700	1537	0.003993081
748	1538	0.029645495
852	1538	0.029645495
755	1539	0.00402906
966	1539	0.00402906
775	1540	0.0065621897
848	1540	0.0065621897
785	1541	0.008594043
1205	1541	0.008594043
1541	1542	0.005491767
1152	1542	0.005491767
839	1543	0.005551718
1034	1543	0.005551718
1543	1544	0.005515935
1172	1544	0.005515935
869	1545	0.0052578864
1201	1545	0.0052578864
927	1546	0.0060163913
928	1546	0.0060163913
954	1547	0.005577831
957	1547	0.005577831
1169	1548	0.013479939
1170	1548	0.013479939
1190	1549	0.0056567607
1191	1549	0.0056567607
1219	1550	0.008424226
1220	1550	0.008424226
1329	1551	0.0035102319
473	1551	0.0035102319
1436	1552	0.003470406
271	1552	0.003470406
1551	1553	0.0034100546
1552	1553	0.0034100546
119	1554	0.003406042
1273	1554	0.003406042
1553	1555	0.0032954568
1554	1555	0.0032954568
1521	1555	0.0032954568
1555	1556	0.003253288
496	1556	0.003253288
1365	1557	0.0037087393
1485	1557	0.0037087393
1557	1558	0.0036633715
479	1558	0.0036633715
1558	1559	0.0036537284
361	1559	0.0036537284
1559	1560	0.0036494986
1524	1560	0.0036494986
1560	1561	0.0036466564
1146	1561	0.0036466564
1561	1562	0.003644635
1393	1562	0.003644635
1562	1563	0.0036376533
30	1563	0.0036376533
1492	1564	0.0037846325
1287	1564	0.0037846325
1564	1565	0.0036327515
590	1565	0.0036327515
1563	1566	0.003571071
543	1566	0.003571071
1566	1567	0.0035604944
1565	1567	0.0035604944
1567	1568	0.003530374
512	1568	0.003530374
1487	1569	0.0033561317
1499	1569	0.0033561317
1568	1570	0.0032519302
1569	1570	0.0032519302
1570	1571	0.003152546
1454	1571	0.003152546
1571	1572	0.0031400945
809	1572	0.0031400945
1375	1573	0.003295248
1206	1573	0.003295248
1376	1574	0.0037129247
1509	1574	0.0037129247
1574	1575	0.0035793972
811	1575	0.0035793972
1575	1576	0.003310705
562	1576	0.003310705
1378	1577	0.0035476082
178	1577	0.0035476082
1381	1578	0.0032454957
578	1578	0.0032454957
1527	1578	0.0032454957
1459	1579	0.0037653523
1548	1579	0.0037653523
1579	1580	0.0032070342
319	1580	0.0032070342
213	1581	0.0036837668
1518	1581	0.0036837668
1581	1582	0.0035620665
1280	1582	0.0035620665
1542	1583	0.0033287585
786	1583	0.0033287585
1556	1584	0.0030827161
82	1584	0.0030827161
1584	1585	0.0030415417
81	1585	0.0030415417
1585	1586	0.0030355067
483	1586	0.0030355067
1586	1587	0.0030292575
1576	1587	0.0030292575
1572	1588	0.0030981728
54	1588	0.0030981728
1588	1589	0.0030706248
1580	1589	0.0030706248
1589	1590	0.003004029
956	1590	0.003004029
1590	1591	0.002985724
417	1591	0.002985724
1578	1592	0.0029742972
335	1592	0.0029742972
1591	1593	0.002943109
1592	1593	0.002943109
1593	1594	0.0029263974
1009	1594	0.0029263974
1594	1595	0.0028906306
1112	1595	0.0028906306
1595	1596	0.0028589827
41	1596	0.0028589827
1596	1597	0.0028451513
1493	1597	0.0028451513
1577	1598	0.0029327194
225	1598	0.0029327194
1583	1599	0.0028332225
1028	1599	0.0028332225
1103	1600	0.0029189864
1234	1600	0.0029189864
1597	1601	0.0027818086
367	1601	0.0027818086
1598	1602	0.002812194
1582	1602	0.002812194
1601	1603	0.0027490992
1602	1603	0.0027490992
575	1603	0.0027490992
1603	1604	0.002727583
1573	1604	0.002727583
1600	1604	0.002727583
1587	1605	0.0027195222
1604	1605	0.0027195222
1605	1606	0.0027157112
950	1606	0.0027157112
1606	1607	0.0026932878
1419	1607	0.0026932878
1599	1607	0.0026932878
1607	1608	0.0026749289
338	1608	0.0026749289
1321	1609	0.002646644
1608	1609	0.002646644
1609	1610	0.0026261385
32	1610	0.0026261385
1610	1611	0.002607446
596	1611	0.002607446
1611	1612	0.0025924009
429	1612	0.0025924009
1612	1613	0.0025857433
540	1613	0.0025857433
1613	1614	0.0025322672
1085	1614	0.0025322672
1614	1615	0.002530409
436	1615	0.002530409
1370	1616	0.0028496892
1131	1616	0.0028496892
1616	1617	0.002832675
1011	1617	0.002832675
22	1618	0.0037632636
294	1618	0.0037632636
1618	1619	0.0035201136
345	1619	0.0035201136
1619	1620	0.0026734858
349	1620	0.0026734858
1461	1621	0.0027814147
637	1621	0.0027814147
1621	1622	0.0026643472
1215	1622	0.0026643472
1622	1623	0.002635806
882	1623	0.002635806
27	1624	0.0025466145
1623	1624	0.0025466145
31	1625	0.0034613248
456	1625	0.0034613248
1385	1626	0.0035166242
993	1626	0.0035166242
134	1627	0.0037913632
135	1627	0.0037913632
1627	1628	0.0028924767
484	1628	0.0028924767
130	1629	0.0026989481
766	1629	0.0026989481
1628	1630	0.002681866
1001	1630	0.002681866
1629	1631	0.0026344685
1630	1631	0.0026344685
402	1631	0.0026344685
1626	1632	0.002577814
1631	1632	0.002577814
60	1633	0.0033640822
1246	1633	0.0033640822
1437	1634	0.003721276
587	1634	0.003721276
1547	1634	0.003721276
1634	1635	0.0034660497
657	1635	0.0034660497
305	1636	0.0036084845
1504	1636	0.0036084845
1635	1637	0.0033175978
802	1637	0.0033175978
154	1638	0.0032930337
1636	1638	0.0032930337
1637	1639	0.0032005038
1446	1639	0.0032005038
1639	1640	0.003150698
1638	1640	0.003150698
1640	1641	0.0031256904
87	1641	0.0031256904
1539	1642	0.0035272886
1240	1642	0.0035272886
1642	1643	0.0031768468
760	1643	0.0031768468
1633	1644	0.0028179998
1641	1644	0.0028179998
1644	1645	0.002762048
1166	1645	0.002762048
117	1646	0.0028741863
1064	1646	0.0028741863
1645	1647	0.0027488866
454	1647	0.0027488866
1647	1648	0.0027183234
1646	1648	0.0027183234
1648	1649	0.0026749056
1224	1649	0.0026749056
1649	1650	0.002626962
1239	1650	0.002626962
1249	1650	0.002626962
1650	1651	0.0026165794
754	1651	0.0026165794
1643	1651	0.0026165794
1651	1652	0.0025631022
1498	1652	0.0025631022
391	1653	0.003550113
668	1653	0.003550113
1391	1654	0.002744676
1653	1654	0.002744676
1442	1655	0.0034214547
1549	1655	0.0034214547
1655	1656	0.0033039711
91	1656	0.0033039711
1656	1657	0.0032281913
101	1657	0.0032281913
1657	1658	0.0032154282
982	1658	0.0032154282
464	1659	0.0035844564
589	1659	0.0035844564
1659	1660	0.0035038088
1525	1660	0.0035038088
273	1661	0.0028726396
1660	1661	0.0028726396
1658	1662	0.0026909793
1661	1662	0.0026909793
1662	1663	0.002618868
1276	1663	0.002618868
1663	1664	0.0025831393
561	1664	0.0025831393
1462	1665	0.0038149722
694	1665	0.0038149722
1665	1666	0.003494905
854	1666	0.003494905
1666	1667	0.0029688273
407	1667	0.0029688273
1667	1668	0.002701395
1314	1668	0.002701395
199	1669	0.0033071227
1502	1669	0.0033071227
887	1670	0.0030355067
888	1670	0.0030355067
404	1671	0.0029672608
738	1671	0.0029672608
263	1672	0.0028862425
1671	1672	0.0028862425
1672	1673	0.0028259621
1670	1673	0.0028259621
1495	1674	0.003405134
1544	1674	0.003405134
1674	1675	0.003172864
909	1675	0.003172864
1675	1676	0.00298788
1501	1676	0.00298788
1676	1677	0.0025437518
1063	1677	0.0025437518
301	1678	0.0026845988
1164	1678	0.0026845988
307	1679	0.0029697677
769	1679	0.0029697677
1679	1680	0.0029339327
415	1680	0.0029339327
1680	1681	0.0027948634
1245	1681	0.0027948634
1681	1682	0.0026603546
984	1682	0.0026603546
330	1683	0.003083341
1070	1683	0.003083341
1683	1684	0.0027570403
1066	1684	0.0027570403
470	1685	0.0029159605
771	1685	0.0029159605
1514	1686	0.002898408
1270	1686	0.002898408
750	1687	0.0032082184
1124	1687	0.0032082184
619	1688	0.0030512705
1687	1688	0.0030512705
537	1689	0.0029178993
1688	1689	0.0029178993
1040	1690	0.0031574494
1230	1690	0.0031574494
591	1691	0.0030846384
1690	1691	0.0030846384
1528	1692	0.0025585508
1306	1692	0.0025585508
1532	1693	0.0027542163
1137	1693	0.0027542163
1537	1694	0.0035293417
707	1694	0.0035293417
1694	1695	0.0029579084
704	1695	0.0029579084
1695	1696	0.0026566598
1203	1696	0.0026566598
789	1697	0.003480077
1074	1697	0.003480077
1540	1698	0.0026130015
1016	1698	0.0026130015
1698	1699	0.0025208313
1697	1699	0.0025208313
985	1700	0.0037893802
1242	1700	0.0037893802
1135	1701	0.0025085849
1217	1701	0.0025085849
1615	1702	0.0024742952
1394	1702	0.0024742952
1702	1703	0.0024706835
949	1703	0.0024706835
1703	1704	0.0024588013
1686	1704	0.0024588013
1704	1705	0.0024529493
370	1705	0.0024529493
1705	1706	0.0024351222
642	1706	0.0024351222
1706	1707	0.0024135718
477	1707	0.0024135718
1707	1708	0.0023992555
1392	1708	0.0023992555
1708	1709	0.0023962988
1470	1709	0.0023962988
1709	1710	0.002387221
1291	1710	0.002387221
1693	1711	0.0024846944
1165	1711	0.0024846944
1710	1712	0.002373155
1677	1712	0.002373155
1711	1712	0.002373155
1712	1713	0.0023719175
1673	1713	0.0023719175
1713	1714	0.0023562342
111	1714	0.0023562342
1714	1715	0.002345239
806	1715	0.002345239
1715	1716	0.0023387105
246	1716	0.0023387105
1716	1717	0.0023370706
39	1717	0.0023370706
1717	1718	0.0023365663
1668	1718	0.0023365663
1718	1719	0.0023347568
1669	1719	0.0023347568
1719	1720	0.0023233923
530	1720	0.0023233923
128	1721	0.0025035716
1045	1721	0.0025035716
1652	1722	0.00244779
1721	1722	0.00244779
1722	1723	0.0024237463
471	1723	0.0024237463
1723	1724	0.0024097431
1701	1724	0.0024097431
1724	1725	0.0023612883
1654	1725	0.0023612883
1664	1726	0.0024596574
1491	1726	0.0024596574
1726	1727	0.0024301158
1685	1727	0.0024301158
1699	1728	0.0023947763
1153	1728	0.0023947763
1720	1729	0.0022981826
1727	1729	0.0022981826
556	1729	0.0022981826
1538	1729	0.0022981826
1729	1730	0.0022960426
1140	1730	0.0022960426
1730	1731	0.002292587
761	1731	0.002292587
1731	1732	0.002286952
752	1732	0.002286952
1732	1733	0.0022830453
352	1733	0.0022830453
1733	1734	0.002271866
1725	1734	0.002271866
1700	1734	0.002271866
1734	1735	0.0022609709
380	1735	0.0022609709
1735	1736	0.0022544903
1157	1736	0.0022544903
1736	1737	0.0022499966
1500	1737	0.0022499966
1737	1738	0.0022442315
390	1738	0.0022442315
1048	1738	0.0022442315
1738	1739	0.002243522
884	1739	0.002243522
1739	1740	0.002227077
1052	1740	0.002227077
1740	1741	0.0022018265
487	1741	0.0022018265
1741	1742	0.002198682
1696	1742	0.002198682
631	1743	0.0022200474
726	1743	0.0022200474
1742	1744	0.0021882781
253	1744	0.0021882781
1744	1745	0.0021765467
121	1745	0.0021765467
1745	1746	0.002161912
398	1746	0.002161912
1746	1747	0.002135168
1268	1747	0.002135168
1747	1748	0.0021184878
1438	1748	0.0021184878
446	1748	0.0021184878
1748	1749	0.002111528
1049	1749	0.002111528
1749	1750	0.002111268
1728	1750	0.002111268
1750	1751	0.0021063148
1684	1751	0.0021063148
1751	1752	0.002104814
923	1752	0.002104814
1752	1753	0.00210149
1128	1753	0.00210149
1753	1754	0.0020988921
1617	1754	0.0020988921
43	1755	0.00209355
1023	1755	0.00209355
1754	1756	0.002093083
116	1756	0.002093083
1756	1757	0.0020928832
1743	1757	0.0020928832
1757	1758	0.0020910315
1755	1758	0.0020910315
1620	1759	0.0023500733
347	1759	0.0023500733
1759	1760	0.0023405002
348	1760	0.0023405002
1760	1761	0.0022246023
155	1761	0.0022246023
1632	1762	0.0024207723
1286	1762	0.0024207723
1762	1763	0.0023819818
922	1763	0.0023819818
1763	1764	0.002370605
1692	1764	0.002370605
1764	1765	0.0022767219
837	1765	0.0022767219
1389	1766	0.002274698
112	1766	0.002274698
713	1767	0.002270389
715	1767	0.002270389
1766	1768	0.0021045983
1767	1768	0.0021045983
1682	1769	0.0023020338
1243	1769	0.0023020338
1472	1770	0.0021236604
1769	1770	0.0021236604
1689	1771	0.0024596574
1289	1771	0.0024596574
1771	1772	0.002111945
538	1772	0.002111945
550	1773	0.0022911306
1520	1773	0.0022911306
1545	1774	0.0022176814
871	1774	0.0022176814
1758	1775	0.0020786703
1765	1775	0.0020786703
1775	1776	0.0020776098
851	1776	0.0020776098
1776	1777	0.0020700211
529	1777	0.0020700211
1777	1778	0.0020676274
1002	1778	0.0020676274
1778	1779	0.002066419
914	1779	0.002066419
1779	1780	0.0020412891
1774	1780	0.0020412891
2	1781	0.0020360413
1780	1781	0.0020360413
1781	1782	0.0020234522
1773	1782	0.0020234522
1782	1783	0.0020201409
80	1783	0.0020201409
1783	1784	0.0020175653
913	1784	0.0020175653
1784	1785	0.0020168894
1691	1785	0.0020168894
1785	1786	0.0020099585
542	1786	0.0020099585
1786	1787	0.0020013729
1550	1787	0.0020013729
1787	1788	0.001980984
567	1788	0.001980984
1788	1789	0.0019753585
747	1789	0.0019753585
1789	1790	0.001975001
1138	1790	0.001975001
1790	1791	0.001973817
833	1791	0.001973817
1012	1791	0.001973817
1791	1792	0.0019721661
1761	1792	0.0019721661
1792	1793	0.0019676576
1290	1793	0.0019676576
1793	1794	0.0019654774
150	1794	0.0019654774
1794	1795	0.0019491476
943	1795	0.0019491476
1795	1796	0.00193795
1178	1796	0.00193795
1796	1797	0.0019357532
1257	1797	0.0019357532
1797	1798	0.0019273728
1460	1798	0.0019273728
1770	1799	0.0020488338
396	1799	0.0020488338
1799	1800	0.0019117477
518	1800	0.0019117477
194	1801	0.001978103
1772	1801	0.001978103
481	1802	0.0019233269
971	1802	0.0019233269
1798	1803	0.0019023499
1625	1803	0.0019023499
1803	1804	0.0019010062
79	1804	0.0019010062
1804	1805	0.0018967437
1214	1805	0.0018967437
1805	1806	0.0018948072
122	1806	0.0018948072
1806	1807	0.0018918875
46	1807	0.0018918875
1807	1808	0.001891077
23	1808	0.001891077
1808	1809	0.0018837362
816	1809	0.0018837362
1809	1810	0.0018789491
991	1810	0.0018789491
1810	1811	0.0018734912
1624	1811	0.0018734912
1800	1811	0.0018734912
1526	1811	0.0018734912
1811	1812	0.0018697764
896	1812	0.0018697764
1812	1813	0.0018532501
1802	1813	0.0018532501
1813	1814	0.0018431668
428	1814	0.0018431668
1814	1815	0.0018396542
216	1815	0.0018396542
1488	1815	0.0018396542
1815	1816	0.0018361895
1678	1816	0.0018361895
1816	1817	0.0018359773
210	1817	0.0018359773
1817	1818	0.0018275
524	1818	0.0018275
659	1818	0.0018275
1801	1819	0.0018369389
857	1819	0.0018369389
1818	1820	0.0018253017
114	1820	0.0018253017
1820	1821	0.0018163281
55	1821	0.0018163281
1821	1822	0.0018151767
1546	1822	0.0018151767
1822	1823	0.0018124238
823	1823	0.0018124238
1823	1824	0.0018078111
1768	1824	0.0018078111
1824	1825	0.0017975597
136	1825	0.0017975597
1825	1826	0.001793197
289	1826	0.001793197
509	1826	0.001793197
739	1826	0.001793197
1267	1826	0.001793197
1826	1827	0.0017896929
1304	1827	0.0017896929
414	1828	0.0018012506
1207	1828	0.0018012506
1827	1829	0.0017649682
868	1829	0.0017649682
1829	1830	0.001764129
115	1830	0.001764129
1830	1831	0.0017594714
132	1831	0.0017594714
1831	1832	0.0017432736
671	1832	0.0017432736
1832	1833	0.0017429532
1819	1833	0.0017429532
1833	1834	0.0017420996
1828	1834	0.0017420996
427	1835	0.0037962778
581	1835	0.0037962778
36	1836	0.0028031885
1835	1836	0.0028031885
37	1837	0.0038123867
845	1837	0.0038123867
1837	1838	0.0037771137
485	1838	0.0037771137
1838	1839	0.0023646173
38	1839	0.0023646173
97	1840	0.022313625
1186	1840	0.022313625
1171	1841	0.012038026
1303	1841	0.012038026
742	1842	0.006940507
1841	1842	0.006940507
1842	1843	0.0053085857
850	1843	0.0053085857
1843	1844	0.0040134205
781	1844	0.0040134205
1844	1845	0.0029481717
743	1845	0.0029481717
1845	1846	0.002216726
745	1846	0.002216726
1846	1847	0.0021057215
744	1847	0.0021057215
1847	1848	0.0017681163
1261	1848	0.0017681163
1840	1849	0.0017428102
1848	1849	0.0017428102
492	1850	0.004189621
817	1850	0.004189621
1850	1851	0.0038205958
493	1851	0.0038205958
123	1852	0.0026276878
858	1852	0.0026276878
1852	1853	0.0017962417
1851	1853	0.0017962417
144	1854	0.0057426933
145	1854	0.0057426933
1854	1855	0.0029743684
284	1855	0.0029743684
1101	1856	0.005078815
1148	1856	0.005078815
1856	1857	0.0050286828
1284	1857	0.0050286828
159	1858	0.0046585724
326	1858	0.0046585724
1858	1859	0.0041399715
1857	1859	0.0041399715
1859	1860	0.0035568457
160	1860	0.0035568457
821	1861	0.003481813
1076	1861	0.003481813
1860	1862	0.0031502098
892	1862	0.0031502098
1862	1863	0.0027702844
1861	1863	0.0027702844
1863	1864	0.0026538875
1309	1864	0.0026538875
274	1865	0.0024703923
1077	1865	0.0024703923
1259	1866	0.002325765
1260	1866	0.002325765
1864	1867	0.0021295703
1866	1867	0.0021295703
1867	1868	0.0020802645
886	1868	0.0020802645
1868	1869	0.0020226396
929	1869	0.0020226396
1865	1870	0.0020923875
865	1870	0.0020923875
1869	1871	0.0019984278
1072	1871	0.0019984278
1871	1872	0.0018811818
1870	1872	0.0018811818
161	1873	0.003881455
737	1873	0.003881455
663	1874	0.0036033152
664	1874	0.0036033152
197	1875	0.0031700698
1874	1875	0.0031700698
1875	1876	0.0024461322
430	1876	0.0024461322
1876	1877	0.0023395638
472	1877	0.0023395638
945	1878	0.0022701544
1197	1878	0.0022701544
358	1879	0.0021156792
1878	1879	0.0021156792
1877	1880	0.0020041312
948	1880	0.0020041312
1880	1881	0.0018905381
946	1881	0.0018905381
1879	1882	0.0020511108
1000	1882	0.0020511108
1881	1883	0.0018170347
339	1883	0.0018170347
1883	1884	0.0017834591
1053	1884	0.0017834591
1884	1885	0.0017479513
1882	1885	0.0017479513
203	1886	0.004700534
204	1886	0.004700534
202	1887	0.0034206887
1886	1887	0.0034206887
1082	1888	0.003273336
1083	1888	0.003273336
555	1889	0.003246218
1888	1889	0.003246218
224	1890	0.0029520544
1889	1890	0.0029520544
435	1891	0.018822988
844	1891	0.018822988
1891	1892	0.0044347327
1036	1892	0.0044347327
236	1893	0.0043399874
1892	1893	0.0043399874
251	1894	0.019753361
640	1894	0.019753361
255	1895	0.013576127
639	1895	0.013576127
261	1896	0.0059945798
262	1896	0.0059945798
1896	1897	0.0050154114
597	1897	0.0050154114
513	1898	0.0030086841
1175	1898	0.0030086841
1897	1899	0.0026498167
1898	1899	0.0026498167
281	1900	0.0027674532
859	1900	0.0027674532
1900	1901	0.0021223547
282	1901	0.0021223547
306	1902	0.00202336
593	1902	0.00202336
311	1903	0.007513656
383	1903	0.007513656
1903	1904	0.007295617
384	1904	0.007295617
314	1905	0.01287536
1041	1905	0.01287536
317	1906	0.0056644655
1264	1906	0.0056644655
774	1907	0.011574253
1032	1907	0.011574253
1907	1908	0.010131799
1274	1908	0.010131799
325	1909	0.00892487
1908	1909	0.00892487
363	1910	0.0027153434
392	1910	0.0027153434
385	1911	0.011466357
406	1911	0.011466357
692	1912	0.0029082792
1113	1912	0.0029082792
1912	1913	0.0028948416
1114	1913	0.0028948416
432	1914	0.002628915
1913	1914	0.002628915
1914	1915	0.002149339
608	1915	0.002149339
1915	1916	0.0017613873
1119	1916	0.0017613873
440	1917	0.002985102
632	1917	0.002985102
494	1918	0.0020771828
499	1918	0.0020771828
507	1919	0.00883524
523	1919	0.00883524
519	1920	0.0021632873
629	1920	0.0021632873
534	1921	0.029575834
1088	1921	0.029575834
558	1922	0.005953951
696	1922	0.005953951
1922	1923	0.0054886667
718	1923	0.0054886667
565	1924	0.0069201547
566	1924	0.0069201547
607	1925	0.0034338217
961	1925	0.0034338217
1924	1926	0.0021035622
1925	1926	0.0021035622
1926	1927	0.0019105655
606	1927	0.0019105655
1927	1928	0.001741293
605	1928	0.001741293
585	1929	0.0036430815
594	1929	0.0036430815
829	1929	0.0036430815
611	1930	0.0039695865
992	1930	0.0039695865
616	1931	0.007411919
675	1931	0.007411919
622	1932	0.008676018
1005	1932	0.008676018
683	1933	0.004089904
1050	1933	0.004089904
691	1934	0.005056275
898	1934	0.005056275
730	1935	0.004874364
731	1935	0.004874364
813	1936	0.0039219004
994	1936	0.0039219004
880	1937	0.002366981
904	1937	0.002366981
893	1938	0.009131514
894	1938	0.009131514
947	1939	0.0018398653
1282	1939	0.0018398653
962	1940	0.0048879995
963	1940	0.0048879995
983	1941	0.0056135952
1281	1941	0.0056135952
1020	1942	0.0037620945
1167	1942	0.0037620945
1078	1943	0.008447569
1080	1943	0.008447569
1035	1944	0.0072317906
1943	1944	0.0072317906
1944	1945	0.0041483454
1079	1945	0.0041483454
1105	1946	0.0018158905
1204	1946	0.0018158905
1179	1947	0.0036244346
1180	1947	0.0036244346
1834	1948	0.0017375312
1916	1948	0.0017375312
1150	1948	0.0017375312
1296	1948	0.0017375312
1948	1949	0.0017286518
469	1949	0.0017286518
1949	1950	0.0017215536
1946	1950	0.0017215536
1950	1951	0.0017166726
1195	1951	0.0017166726
1951	1952	0.0017163975
1947	1952	0.0017163975
1952	1953	0.0017150176
304	1953	0.0017150176
1953	1954	0.0017148651
872	1954	0.0017148651
1954	1955	0.0017124945
431	1955	0.0017124945
841	1955	0.0017124945
1955	1956	0.0017077472
381	1956	0.0017077472
1956	1957	0.0017054854
758	1957	0.0017054854
1957	1958	0.0017001969
14	1958	0.0017001969
1849	1958	0.0017001969
1958	1959	0.0016998397
1068	1959	0.0016998397
1959	1960	0.0016942763
521	1960	0.0016942763
727	1961	0.0016931467
1228	1961	0.0016931467
1960	1962	0.0016888906
1961	1962	0.0016888906
1962	1963	0.0016883141
732	1963	0.0016883141
1963	1964	0.0016765342
1233	1964	0.0016765342
1964	1965	0.0016757026
268	1965	0.0016757026
1965	1966	0.0016714798
733	1966	0.0016714798
1966	1967	0.001663041
1941	1967	0.001663041
1241	1967	0.001663041
1967	1968	0.0016622903
725	1968	0.0016622903
1968	1969	0.0016618646
684	1969	0.0016618646
1969	1970	0.001659801
1899	1970	0.001659801
1970	1971	0.0016585034
1937	1971	0.0016585034
1872	1972	0.0017035065
418	1972	0.0017035065
1885	1973	0.001736942
1071	1973	0.001736942
1973	1974	0.0016913923
782	1974	0.0016913923
1974	1975	0.00166949
1939	1975	0.00166949
1975	1976	0.0016622215
595	1976	0.0016622215
1971	1977	0.0016563853
1145	1977	0.0016563853
1977	1978	0.0016559903
1087	1978	0.0016559903
1978	1979	0.0016485491
510	1979	0.0016485491
1979	1980	0.0016406636
467	1980	0.0016406636
1980	1981	0.0016239518
930	1981	0.0016239518
1981	1982	0.0016091024
838	1982	0.0016091024
1982	1983	0.001605949
716	1983	0.001605949
1983	1984	0.001601508
1976	1984	0.001601508
1089	1984	0.001601508
1298	1984	0.001601508
1984	1985	0.0016007285
137	1985	0.0016007285
536	1985	0.0016007285
586	1985	0.0016007285
1985	1986	0.0016005149
223	1986	0.0016005149
1986	1987	0.001596207
735	1987	0.001596207
1987	1988	0.0015895839
373	1988	0.0015895839
1988	1989	0.0015818866
549	1989	0.0015818866
1989	1990	0.001581803
276	1990	0.001581803
1990	1991	0.0015759328
8	1991	0.0015759328
1991	1992	0.0015757902
685	1992	0.0015757902
1972	1993	0.0015727915
312	1993	0.0015727915
1992	1994	0.0015707299
1993	1994	0.0015707299
864	1994	0.0015707299
1994	1995	0.0015627657
127	1995	0.0015627657
1945	1995	0.0015627657
1279	1995	0.0015627657
1995	1996	0.0015618464
695	1996	0.0015618464
1996	1997	0.0015509031
1007	1997	0.0015509031
1997	1998	0.0015483631
247	1998	0.0015483631
1998	1999	0.0015447207
1909	1999	0.0015447207
1999	2000	0.0015418483
807	2000	0.0015418483
295	2001	0.0017073165
296	2001	0.0017073165
861	2002	0.0016843587
862	2002	0.0016843587
2000	2003	0.0015400869
1198	2003	0.0015400869
2003	2004	0.0015389831
1019	2004	0.0015389831
2004	2005	0.001538672
1069	2005	0.001538672
2005	2006	0.0015232153
214	2006	0.0015232153
2006	2007	0.0015177898
1904	2007	0.0015177898
2007	2008	0.00151626
235	2008	0.00151626
1893	2008	0.00151626
2008	2009	0.001509494
757	2009	0.001509494
2009	2010	0.001507273
448	2010	0.001507273
2010	2011	0.0015058107
1065	2011	0.0015058107
2011	2012	0.0015019657
1176	2012	0.0015019657
2012	2013	0.0014952517
1154	2013	0.0014952517
2013	2014	0.0014873914
1038	2014	0.0014873914
2014	2015	0.0014822657
133	2015	0.0014822657
2015	2016	0.0014817676
70	2016	0.0014817676
2016	2017	0.0014794808
1933	2017	0.0014794808
2017	2018	0.0014742193
978	2018	0.0014742193
2018	2019	0.0014690569
791	2019	0.0014690569
2019	2020	0.0014685089
508	2020	0.0014685089
1139	2020	0.0014685089
2020	2021	0.0014671652
1156	2021	0.0014671652
2021	2022	0.001462593
323	2022	0.001462593
2022	2023	0.0014619373
788	2023	0.0014619373
2023	2024	0.0014534352
1929	2024	0.0014534352
2024	2025	0.0014509035
99	2025	0.0014509035
2025	2026	0.0014478327
386	2026	0.0014478327
2026	2027	0.0014473713
61	2027	0.0014473713
2027	2028	0.0014463328
2001	2028	0.0014463328
2028	2029	0.0014381962
4	2029	0.0014381962
2029	2030	0.0014319213
636	2030	0.0014319213
2030	2031	0.0014275865
188	2031	0.0014275865
2031	2032	0.0014253799
773	2032	0.0014253799
2032	2033	0.001424059
28	2033	0.001424059
2033	2034	0.0014239391
1136	2034	0.0014239391
2034	2035	0.0014200276
2002	2035	0.0014200276
2035	2036	0.0014185731
1188	2036	0.0014185731
2036	2037	0.0014140635
1043	2037	0.0014140635
2037	2038	0.0014121045
209	2038	0.0014121045
2038	2039	0.0014106942
1935	2039	0.0014106942
2039	2040	0.0014051225
697	2040	0.0014051225
2040	2041	0.0014038453
1248	2041	0.0014038453
2041	2042	0.001398498
1940	2042	0.001398498
2042	2043	0.0013978503
218	2043	0.0013978503
2043	2044	0.0013962904
59	2044	0.0013962904
2044	2045	0.001394088
266	2045	0.001394088
2045	2046	0.0013886488
259	2046	0.0013886488
2046	2047	0.0013874067
465	2047	0.0013874067
2047	2048	0.0013866194
583	2048	0.0013866194
2048	2049	0.0013846728
793	2049	0.0013846728
221	2050	0.0015768278
1132	2050	0.0015768278
410	2051	0.0014631278
964	2051	0.0014631278
870	2052	0.0015927154
874	2052	0.0015927154
875	2053	0.0015713203
876	2053	0.0015713203
2049	2054	0.0013820687
579	2054	0.0013820687
2054	2055	0.0013785412
2051	2055	0.0013785412
2055	2056	0.001369313
1110	2056	0.001369313
2056	2057	0.0013665918
1906	2057	0.0013665918
2057	2058	0.001366301
1244	2058	0.001366301
2058	2059	0.0013661537
902	2059	0.0013661537
2059	2060	0.0013549865
198	2060	0.0013549865
2060	2061	0.0013539919
656	2061	0.0013539919
2061	2062	0.0013504671
1044	2062	0.0013504671
2062	2063	0.0013480628
1855	2063	0.0013480628
2063	2064	0.0013477618
736	2064	0.0013477618
2064	2065	0.0013461788
372	2065	0.0013461788
2065	2066	0.0013353609
366	2066	0.0013353609
517	2066	0.0013353609
1047	2066	0.0013353609
2066	2067	0.0013303285
249	2067	0.0013303285
2067	2068	0.0013199878
1923	2068	0.0013199878
1262	2068	0.0013199878
2068	2069	0.0013176264
976	2069	0.0013176264
2069	2070	0.0013133455
800	2070	0.0013133455
2070	2071	0.0013094349
763	2071	0.0013094349
2071	2072	0.00130194
1247	2072	0.00130194
2072	2073	0.0013005021
1118	2073	0.0013005021
2073	2074	0.001292752
1285	2074	0.001292752
570	2075	0.0013215062
571	2075	0.0013215062
2074	2076	0.0012869462
925	2076	0.0012869462
2076	2077	0.0012788294
232	2077	0.0012788294
2077	2078	0.0012744006
667	2078	0.0012744006
2050	2079	0.001292669
1902	2079	0.001292669
2078	2080	0.0012679141
926	2080	0.0012679141
2080	2081	0.0012601863
762	2081	0.0012601863
959	2081	0.0012601863
2081	2082	0.0012591663
1918	2082	0.0012591663
2082	2083	0.0012569675
1283	2083	0.0012569675
2083	2084	0.0012563781
2079	2084	0.0012563781
2084	2085	0.0012553014
371	2085	0.0012553014
2085	2086	0.001252217
1930	2086	0.001252217
1030	2086	0.001252217
2086	2087	0.0012442389
425	2087	0.0012442389
2087	2088	0.0012423794
630	2088	0.0012423794
2088	2089	0.0012407985
2053	2089	0.0012407985
2089	2090	0.0012399716
990	2090	0.0012399716
2090	2091	0.0012352807
72	2091	0.0012352807
2091	2092	0.001232889
413	2092	0.001232889
2092	2093	0.0012324026
299	2093	0.0012324026
2093	2094	0.0012285542
1090	2094	0.0012285542
2094	2095	0.0012221793
1006	2095	0.0012221793
2095	2096	0.0012165295
1890	2096	0.0012165295
2075	2096	0.0012165295
15	2097	0.0013443994
501	2097	0.0013443994
1853	2098	0.0013160394
831	2098	0.0013160394
337	2099	0.0012668879
584	2099	0.0012668879
2096	2100	0.0012072409
1067	2100	0.0012072409
2100	2101	0.0012040673
661	2101	0.0012040673
2101	2102	0.0012026118
576	2102	0.0012026118
2102	2103	0.0011965494
180	2103	0.0011965494
2103	2104	0.0011944461
1130	2104	0.0011944461
2104	2105	0.0011885667
1301	2105	0.0011885667
2105	2106	0.0011880506
1238	2106	0.0011880506
2106	2107	0.001186925
2098	2107	0.001186925
2107	2108	0.0011810141
184	2108	0.0011810141
2108	2109	0.0011801927
1936	2109	0.0011801927
2109	2110	0.0011733926
1125	2110	0.0011733926
2110	2111	0.0011689425
836	2111	0.0011689425
2111	2112	0.0011604097
2099	2112	0.0011604097
2112	2113	0.0011529598
2097	2113	0.0011529598
51	2113	0.0011529598
751	2113	0.0011529598
2113	2114	0.0011470702
379	2114	0.0011470702
2114	2115	0.0011449279
88	2115	0.0011449279
142	2116	0.0011484677
2052	2116	0.0011484677
2115	2117	0.0011445691
229	2117	0.0011445691
2117	2118	0.001140982
1931	2118	0.001140982
2118	2119	0.0011374142
451	2119	0.0011374142
2119	2120	0.0011338715
999	2120	0.0011338715
2120	2121	0.0011328757
441	2121	0.0011328757
2121	2122	0.0011285987
665	2122	0.0011285987
2122	2123	0.0011259826
553	2123	0.0011259826
2123	2124	0.0011184415
580	2124	0.0011184415
2124	2125	0.0011183021
500	2125	0.0011183021
2125	2126	0.0011068202
279	2126	0.0011068202
2126	2127	0.0011054357
569	2127	0.0011054357
2127	2128	0.0011049444
1162	2128	0.0011049444
2128	2129	0.0010903783
2116	2129	0.0010903783
2129	2130	0.0010898069
1095	2130	0.0010898069
2130	2131	0.0010896455
677	2131	0.0010896455
2131	2132	0.0010866636
1092	2132	0.0010866636
2132	2133	0.0010863913
776	2133	0.0010863913
173	2134	0.0013683237
443	2134	0.0013683237
617	2135	0.0012137777
867	2135	0.0012137777
623	2136	0.0011413734
918	2136	0.0011413734
2133	2137	0.0010769968
143	2137	0.0010769968
2137	2138	0.0010667795
669	2138	0.0010667795
2138	2139	0.001064525
179	2139	0.001064525
1134	2139	0.001064525
2139	2140	0.0010605314
2134	2140	0.0010605314
2140	2141	0.0010572827
120	2141	0.0010572827
2141	2142	0.0010568829
1160	2142	0.0010568829
2142	2143	0.0010486245
2135	2143	0.0010486245
2143	2144	0.0010485435
1938	2144	0.0010485435
1258	2144	0.0010485435
2144	2145	0.0010439303
1216	2145	0.0010439303
2145	2146	0.0010387396
291	2146	0.0010387396
2146	2147	0.0010325302
515	2147	0.0010325302
2147	2148	0.0010245721
940	2148	0.0010245721
2148	2149	0.0010222272
170	2149	0.0010222272
2149	2150	0.0010169136
972	2150	0.0010169136
2150	2151	0.001011911
2136	2151	0.001011911
2151	2152	0.001009139
1295	2152	0.001009139
2152	2153	0.0010074712
1232	2153	0.0010074712
2153	2154	0.0010061692
647	2154	0.0010061692
2154	2155	0.0010061129
554	2155	0.0010061129
2155	2156	0.0009979218
227	2156	0.0009979218
885	2156	0.0009979218
2156	2157	0.0009931882
805	2157	0.0009931882
2157	2158	0.0009917116
895	2158	0.0009917116
2158	2159	0.0009892142
169	2159	0.0009892142
2159	2160	0.0009882442
764	2160	0.0009882442
2160	2161	0.000983701
1121	2161	0.000983701
2161	2162	0.0009794935
310	2162	0.0009794935
2162	2163	0.00097542146
200	2163	0.00097542146
1928	2164	0.001074961
1299	2164	0.001074961
2163	2165	0.0009753188
1901	2165	0.0009753188
2165	2166	0.00096272863
1887	2166	0.00096272863
2166	2167	0.00096036773
1319	2167	0.00096036773
2167	2168	0.00095650123
1017	2168	0.00095650123
2168	2169	0.0009543936
1942	2169	0.0009543936
2169	2170	0.00095306215
189	2170	0.00095306215
2170	2171	0.0009508367
2164	2171	0.0009508367
2171	2172	0.0009506232
1894	2172	0.0009506232
2172	2173	0.0009482328
1142	2173	0.0009482328
2173	2174	0.0009432331
933	2174	0.0009432331
2174	2175	0.0009290273
457	2175	0.0009290273
2175	2176	0.00092620694
250	2176	0.00092620694
600	2176	0.00092620694
2176	2177	0.000924182
129	2177	0.000924182
1836	2178	0.00095743936
126	2178	0.00095743936
2177	2179	0.0009234095
1174	2179	0.0009234095
2179	2180	0.00091599295
703	2180	0.00091599295
2180	2181	0.00091098767
965	2181	0.00091098767
2181	2182	0.00090788933
93	2182	0.00090788933
2182	2183	0.0008955729
1155	2183	0.0008955729
2183	2184	0.0008852429
165	2184	0.0008852429
2184	2185	0.00087909837
995	2185	0.00087909837
2185	2186	0.00087464834
1873	2186	0.00087464834
2186	2187	0.0008694517
1895	2187	0.0008694517
2187	2188	0.00086879975
272	2188	0.00086879975
2188	2189	0.00086806854
2178	2189	0.00086806854
2189	2190	0.0008654953
1911	2190	0.0008654953
2190	2191	0.00086273236
1269	2191	0.00086273236
426	2192	0.0010196769
1081	2192	0.0010196769
2191	2193	0.0008608412
252	2193	0.0008608412
2193	2194	0.00085584744
44	2194	0.00085584744
2194	2195	0.0008554634
350	2195	0.0008554634
2195	2196	0.0008544261
52	2196	0.0008544261
779	2196	0.0008544261
2196	2197	0.0008534304
908	2197	0.0008534304
2197	2198	0.0008496653
1004	2198	0.0008496653
2198	2199	0.0008478751
275	2199	0.0008478751
2199	2200	0.00084417517
1917	2200	0.00084417517
2200	2201	0.0008425098
167	2201	0.0008425098
2201	2202	0.00083943724
265	2202	0.00083943724
2202	2203	0.0008381477
709	2203	0.0008381477
2203	2204	0.0008374242
1920	2204	0.0008374242
520	2204	0.0008374242
2204	2205	0.00083472504
50	2205	0.00083472504
2205	2206	0.0008317652
1919	2206	0.0008317652
2206	2207	0.00082777016
411	2207	0.00082777016
2207	2208	0.00082185306
208	2208	0.00082185306
2208	2209	0.00081975665
686	2209	0.00081975665
2209	2210	0.0008162273
2192	2210	0.0008162273
2210	2211	0.0008097861
544	2211	0.0008097861
916	2211	0.0008097861
2211	2212	0.0008081108
1839	2212	0.0008081108
2212	2213	0.0008049153
822	2213	0.0008049153
2213	2214	0.0007998041
1934	2214	0.0007998041
2214	2215	0.00079175376
825	2215	0.00079175376
2215	2216	0.0007890761
1173	2216	0.0007890761
1208	2217	0.00080675527
1209	2217	0.00080675527
2216	2218	0.0007870981
935	2218	0.0007870981
1194	2218	0.0007870981
2218	2219	0.00078029843
2217	2219	0.00078029843
2219	2220	0.000769139
231	2220	0.000769139
2220	2221	0.00075930916
211	2221	0.00075930916
2221	2222	0.00075735437
35	2222	0.00075735437
2222	2223	0.00075631536
1098	2223	0.00075631536
2223	2224	0.00075472496
533	2224	0.00075472496
2224	2225	0.0007544768
340	2225	0.0007544768
2225	2226	0.000752319
190	2226	0.000752319
2226	2227	0.0007514659
563	2227	0.0007514659
2227	2228	0.00074955425
1252	2228	0.00074955425
2228	2229	0.000749054
331	2229	0.000749054
2229	2230	0.0007474416
682	2230	0.0007474416
2230	2231	0.0007392521
778	2231	0.0007392521
2231	2232	0.0007355832
162	2232	0.0007355832
2232	2233	0.0007354468
1921	2233	0.0007354468
2233	2234	0.00073483237
21	2234	0.00073483237
2234	2235	0.00073348393
1010	2235	0.00073348393
2235	2236	0.0007300709
1225	2236	0.0007300709
2236	2237	0.0007262401
903	2237	0.0007262401
2237	2238	0.0007215648
1932	2238	0.0007215648
2238	2239	0.0007169795
455	2239	0.0007169795
2239	2240	0.0007159355
1905	2240	0.0007159355
2240	2241	0.0007151406
158	2241	0.0007151406
1910	2241	0.0007151406
365	2241	0.0007151406
2241	2242	0.0007128506
784	2242	0.0007128506
62	2243	0.003608228
881	2243	0.003608228
84	2244	0.0035825346
1266	2244	0.0035825346
462	2245	0.01030334
1108	2245	0.01030334
102	2246	0.002430682
2245	2246	0.002430682
2246	2247	0.002028602
463	2247	0.002028602
2247	2248	0.0017646304
514	2248	0.0017646304
107	2249	0.012356581
1185	2249	0.012356581
2249	2250	0.012061706
1149	2250	0.012061706
2250	2251	0.011870018
108	2251	0.011870018
2251	2252	0.0047027296
1182	2252	0.0047027296
140	2253	0.040439036
412	2253	0.040439036
2253	2254	0.037235744
796	2254	0.037235744
2254	2255	0.0155494055
797	2255	0.0155494055
2255	2256	0.0027280867
860	2256	0.0027280867
146	2257	0.019364195
147	2257	0.019364195
156	2258	0.011425003
393	2258	0.011425003
2257	2259	0.00073244853
2258	2259	0.00073244853
171	2260	0.002118669
354	2260	0.002118669
175	2261	0.0047977953
176	2261	0.0047977953
220	2262	0.0015547203
1183	2262	0.0015547203
264	2263	0.017266031
660	2263	0.017266031
230	2264	0.0094433315
2263	2264	0.0094433315
2264	2265	0.0036104878
849	2265	0.0036104878
2265	2266	0.0026450697
967	2266	0.0026450697
374	2267	0.003975579
375	2267	0.003975579
2267	2268	0.003948902
376	2268	0.003948902
400	2269	0.0008640331
423	2269	0.0008640331
449	2270	0.007998334
450	2270	0.007998334
2270	2271	0.0021256257
495	2271	0.0021256257
2271	2272	0.0015919945
734	2272	0.0015919945
2272	2273	0.0011588025
711	2273	0.0011588025
505	2274	0.0030296093
506	2274	0.0030296093
511	2275	0.002372056
740	2275	0.002372056
526	2276	0.018953172
527	2276	0.018953172
2276	2277	0.008241583
528	2277	0.008241583
573	2278	0.0010815902
866	2278	0.0010815902
627	2279	0.016829716
1106	2279	0.016829716
688	2280	0.0137341125
724	2280	0.0137341125
2280	2281	0.012312682
689	2281	0.012312682
996	2282	0.012689591
997	2282	0.012689591
749	2283	0.0036750797
2282	2283	0.0036750797
804	2284	0.002619463
1315	2284	0.002619463
812	2285	0.0011506219
1192	2285	0.0011506219
1024	2286	0.0045852745
1025	2286	0.0045852745
2286	2287	0.00070806773
1026	2287	0.00070806773
1031	2288	0.0014251798
1312	2288	0.0014251798
1115	2289	0.009386439
1256	2289	0.009386439
1199	2290	0.030205118
1200	2290	0.030205118
1158	2291	0.029214153
2290	2291	0.029214153
2242	2292	0.0007061818
193	2292	0.0007061818
205	2292	0.0007061818
2292	2293	0.0007057404
810	2293	0.0007057404
2293	2294	0.00070003286
1288	2294	0.00070003286
2294	2295	0.0006882234
378	2295	0.0006882234
2295	2296	0.0006842565
2278	2296	0.0006842565
2296	2297	0.00068228814
303	2297	0.00068228814
2297	2298	0.0006814472
409	2298	0.0006814472
2298	2299	0.0006806314
651	2299	0.0006806314
2299	2300	0.0006774665
2291	2300	0.0006774665
2300	2301	0.0006773923
2287	2301	0.0006773923
2301	2302	0.00067637867
604	2302	0.00067637867
2302	2303	0.00067222276
488	2303	0.00067222276
2303	2304	0.00066893554
207	2304	0.00066893554
2304	2305	0.0006684233
343	2305	0.0006684233
2305	2306	0.0006612909
293	2306	0.0006612909
2306	2307	0.0006584168
1097	2307	0.0006584168
1229	2307	0.0006584168
2307	2308	0.00065779197
83	2308	0.00065779197
2308	2309	0.00065709004
1086	2309	0.00065709004
2309	2310	0.00065689057
298	2310	0.00065689057
2310	2311	0.00065661344
174	2311	0.00065661344
2311	2312	0.0006559519
759	2312	0.0006559519
2312	2313	0.000653922
1292	2313	0.000653922
2313	2314	0.000652722
808	2314	0.000652722
2314	2315	0.00065031095
649	2315	0.00065031095
2315	2316	0.0006479479
548	2316	0.0006479479
2316	2317	0.00064751116
756	2317	0.00064751116
2317	2318	0.00064406625
765	2318	0.00064406625
2318	2319	0.0006428215
1189	2319	0.0006428215
2319	2320	0.00063842593
177	2320	0.00063842593
582	2321	0.0006921247
650	2321	0.0006921247
2320	2322	0.00063714816
113	2322	0.00063714816
2322	2323	0.0006347816
185	2323	0.0006347816
2323	2324	0.00063395046
621	2324	0.00063395046
2324	2325	0.0006316397
577	2325	0.0006316397
2325	2326	0.0006287146
679	2326	0.0006287146
2326	2327	0.0006273359
341	2327	0.0006273359
2321	2327	0.0006273359
2327	2328	0.00062699197
598	2328	0.00062699197
2328	2329	0.0006266874
69	2329	0.0006266874
2329	2330	0.00062588684
388	2330	0.00062588684
2330	2331	0.0006257927
2266	2331	0.0006257927
2331	2332	0.0006223874
790	2332	0.0006223874
2332	2333	0.0006222744
2260	2333	0.0006222744
2333	2334	0.0006166864
1263	2334	0.0006166864
2334	2335	0.0006151181
466	2335	0.0006151181
2335	2336	0.0006138629
1310	2336	0.0006138629
2336	2337	0.0006114897
166	2337	0.0006114897
2337	2338	0.0006112309
181	2338	0.0006112309
2338	2339	0.0006067654
342	2339	0.0006067654
2339	2340	0.0006001063
832	2340	0.0006001063
2340	2341	0.0005998727
1075	2341	0.0005998727
2341	2342	0.0005990974
438	2342	0.0005990974
2342	2343	0.000589315
676	2343	0.000589315
2343	2344	0.00057972857
1111	2344	0.00057972857
2344	2345	0.00057709863
2269	2345	0.00057709863
628	2345	0.00057709863
2345	2346	0.00057453546
100	2346	0.00057453546
2346	2347	0.0005729163
168	2347	0.0005729163
2347	2348	0.00057145784
2268	2348	0.00057145784
297	2349	0.00058297894
1253	2349	0.00058297894
2348	2350	0.000569339
662	2350	0.000569339
2350	2351	0.0005689767
452	2351	0.0005689767
2351	2352	0.00056652277
2285	2352	0.00056652277
2352	2353	0.0005623172
986	2353	0.0005623172
2353	2354	0.00055877573
545	2354	0.00055877573
602	2354	0.00055877573
1307	2354	0.00055877573
2354	2355	0.00055854
2284	2355	0.00055854
2355	2356	0.00055818923
1231	2356	0.00055818923
2356	2357	0.00055419555
1107	2357	0.00055419555
2357	2358	0.0005499815
1202	2358	0.0005499815
2358	2359	0.0005491852
643	2359	0.0005491852
2359	2360	0.00054865406
1084	2360	0.00054865406
2360	2361	0.00054735824
1227	2361	0.00054735824
2361	2362	0.0005462706
1120	2362	0.0005462706
2362	2363	0.00053757615
195	2363	0.00053757615
2363	2364	0.00053393247
1147	2364	0.00053393247
2364	2365	0.00053371384
315	2365	0.00053371384
2365	2366	0.0005331554
196	2366	0.0005331554
2366	2367	0.00053269364
2259	2367	0.00053269364
2367	2368	0.00052608777
901	2368	0.00052608777
2368	2369	0.00052467216
228	2369	0.00052467216
2369	2370	0.00052409625
2275	2370	0.00052409625
2370	2371	0.0005208494
920	2371	0.0005208494
2371	2372	0.0005151002
85	2372	0.0005151002
2372	2373	0.0005120429
300	2373	0.0005120429
2373	2374	0.00051163277
2349	2374	0.00051163277
2374	2375	0.0005112927
2243	2375	0.0005112927
2375	2376	0.00051115855
873	2376	0.00051115855
2376	2377	0.00050520635
201	2377	0.00050520635
2377	2378	0.00050294935
68	2378	0.00050294935
2378	2379	0.00049717096
18	2379	0.00049717096
2379	2380	0.0004965088
890	2380	0.0004965088
2380	2381	0.00049582584
1196	2381	0.00049582584
2381	2382	0.000495595
66	2382	0.000495595
2382	2383	0.0004935289
482	2383	0.0004935289
2383	2384	0.000490194
497	2384	0.000490194
2384	2385	0.0004841083
855	2385	0.0004841083
2385	2386	0.00047908284
419	2386	0.00047908284
878	2387	0.0005055251
879	2387	0.0005055251
2386	2388	0.00047134623
416	2388	0.00047134623
2388	2389	0.00047073202
16	2389	0.00047073202
2389	2390	0.00046461486
1226	2390	0.00046461486
2390	2391	0.00046261965
1251	2391	0.00046261965
2391	2392	0.00045836816
2387	2392	0.00045836816
2392	2393	0.00044948878
1059	2393	0.00044948878
2393	2394	0.00044858444
897	2394	0.00044858444
2394	2395	0.00044739392
955	2395	0.00044739392
2395	2396	0.00044451936
433	2396	0.00044451936
2396	2397	0.00044435664
290	2397	0.00044435664
2397	2398	0.0004428634
324	2398	0.0004428634
633	2399	0.0006266874
634	2399	0.0006266874
2398	2400	0.0004422658
2252	2400	0.0004422658
2400	2401	0.00044172737
334	2401	0.00044172737
2401	2402	0.00043452566
547	2402	0.00043452566
2402	2403	0.00042188173
2279	2403	0.00042188173
2403	2404	0.00040931493
969	2404	0.00040931493
2404	2405	0.00040263202
480	2405	0.00040263202
2405	2406	0.0003924851
2288	2406	0.0003924851
2406	2407	0.00038420837
1193	2407	0.00038420837
2407	2408	0.00038351916
911	2408	0.00038351916
2408	2409	0.00038230963
968	2409	0.00038230963
2409	2410	0.00037486112
603	2410	0.00037486112
2410	2411	0.0003701003
34	2411	0.0003701003
2411	2412	0.00036821843
1177	2412	0.00036821843
2412	2413	0.00036443144
377	2413	0.00036443144
2413	2414	0.00036221513
364	2414	0.00036221513
2414	2415	0.0003621023
321	2415	0.0003621023
2415	2416	0.00035882936
2256	2416	0.00035882936
2416	2417	0.0003581786
714	2417	0.0003581786
2417	2418	0.00035764027
2274	2418	0.00035764027
2418	2419	0.0003575112
1003	2419	0.0003575112
2419	2420	0.0003518506
191	2420	0.0003518506
2420	2421	0.0003502253
699	2421	0.0003502253
2421	2422	0.0003497036
139	2422	0.0003497036
546	2422	0.0003497036
2422	2423	0.00034756257
539	2423	0.00034756257
2423	2424	0.00034443493
163	2424	0.00034443493
2424	2425	0.0003442007
1317	2425	0.0003442007
2425	2426	0.00034232927
45	2426	0.00034232927
2426	2427	0.00033848285
1311	2427	0.00033848285
2427	2428	0.00033703048
237	2428	0.00033703048
2428	2429	0.0003350403
960	2429	0.0003350403
2429	2430	0.0003348526
717	2430	0.0003348526
2430	2431	0.0003310789
592	2431	0.0003310789
2431	2432	0.00032613773
917	2432	0.00032613773
1046	2432	0.00032613773
2432	2433	0.00032389653
746	2433	0.00032389653
2433	2434	0.00032377447
979	2434	0.00032377447
2434	2435	0.00031759008
720	2435	0.00031759008
2435	2436	0.00031470807
648	2436	0.00031470807
2436	2437	0.00031169367
2273	2437	0.00031169367
2437	2438	0.0003098269
1313	2438	0.0003098269
2438	2439	0.0003091693
905	2439	0.0003091693
2439	2440	0.00030588638
599	2440	0.00030588638
2440	2441	0.0003037043
678	2441	0.0003037043
2441	2442	0.00030177485
476	2442	0.00030177485
2442	2443	0.0002977266
344	2443	0.0002977266
1	2444	0.0002962952
2443	2444	0.0002962952
2444	2445	0.00029307933
2281	2445	0.00029307933
2445	2446	0.00029026126
2283	2446	0.00029026126
2446	2447	0.000289932
690	2447	0.000289932
2447	2448	0.00028610363
847	2448	0.00028610363
2448	2449	0.0002828274
673	2449	0.0002828274
2449	2450	0.00027663563
1014	2450	0.00027663563
2450	2451	0.0002763872
346	2451	0.0002763872
2451	2452	0.00027621083
2399	2452	0.00027621083
2452	2453	0.00027567477
952	2453	0.00027567477
2453	2454	0.00026804212
638	2454	0.00026804212
2454	2455	0.00026743812
157	2455	0.00026743812
442	2455	0.00026743812
2455	2456	0.0002671903
1039	2456	0.0002671903
2456	2457	0.000267152
98	2457	0.000267152
2457	2458	0.00026410754
172	2458	0.00026410754
2458	2459	0.0002640358
645	2459	0.0002640358
2459	2460	0.00026112184
474	2460	0.00026112184
475	2460	0.00026112184
47	2461	0.00049208954
1042	2461	0.00049208954
131	2462	0.00035626662
186	2462	0.00035626662
2462	2463	0.00031316755
182	2463	0.00031316755
2460	2464	0.00025277658
2289	2464	0.00025277658
2464	2465	0.00025094845
1073	2465	0.00025094845
2465	2466	0.0002508086
2463	2466	0.0002508086
183	2466	0.0002508086
187	2466	0.0002508086
1096	2466	0.0002508086
2466	2467	0.00024718596
458	2467	0.00024718596
658	2467	0.00024718596
2467	2468	0.00024474054
753	2468	0.00024474054
2468	2469	0.0002392511
1116	2469	0.0002392511
2469	2470	0.0002364583
708	2470	0.0002364583
2470	2471	0.00023626965
853	2471	0.00023626965
2471	2472	0.0002353188
719	2472	0.0002353188
2472	2473	0.00022905886
609	2473	0.00022905886
2473	2474	0.0002289435
403	2474	0.0002289435
2474	2475	0.00022840663
980	2475	0.00022840663
2475	2476	0.00022811236
302	2476	0.00022811236
2461	2477	0.00022673442
915	2477	0.00022673442
2476	2478	0.00021385722
889	2478	0.00021385722
2478	2479	0.00021302482
921	2479	0.00021302482
2479	2480	0.00021296814
988	2480	0.00021296814
2477	2481	0.000219828
399	2481	0.000219828
2480	2482	0.00020951373
2481	2482	0.00020951373
1237	2482	0.00020951373
2482	2483	0.00020826023
382	2483	0.00020826023
2483	2484	0.00020784137
2261	2484	0.00020784137
2484	2485	0.00020699765
729	2485	0.00020699765
2485	2486	0.00019420544
803	2486	0.00019420544
2486	2487	0.00019400976
1123	2487	0.00019400976
2487	2488	0.00019197208
842	2488	0.00019197208
2488	2489	0.00019067436
1062	2489	0.00019067436
2489	2490	0.00018996112
478	2490	0.00018996112
2490	2491	0.0001855489
572	2491	0.0001855489
2491	2492	0.00017422045
75	2492	0.00017422045
2492	2493	0.0001717228
827	2493	0.0001717228
2493	2494	0.00016951485
610	2494	0.00016951485
2494	2495	0.00016850399
1255	2495	0.00016850399
2495	2496	0.00016463127
49	2496	0.00016463127
2496	2497	0.00016200512
1117	2497	0.00016200512
2497	2498	0.00016158924
702	2498	0.00016158924
2498	2499	0.00016146986
1161	2499	0.00016146986
2499	2500	0.00016033603
2244	2500	0.00016033603
2500	2501	0.00015437313
245	2501	0.00015437313
2501	2502	0.00015181335
2277	2502	0.00015181335
2502	2503	0.00015163214
336	2503	0.00015163214
552	2503	0.00015163214
741	2503	0.00015163214
1008	2503	0.00015163214
2503	2504	0.00015026555
362	2504	0.00015026555
2504	2505	0.00014942986
447	2505	0.00014942986
2505	2506	0.0001438855
1275	2506	0.0001438855
2506	2507	0.00014197979
1133	2507	0.00014197979
2507	2508	0.00014031018
92	2508	0.00014031018
2508	2509	0.00013989292
285	2509	0.00013989292
2509	2510	0.00013768602
420	2510	0.00013768602
2510	2511	0.0001331592
292	2511	0.0001331592
2511	2512	0.00013208258
316	2512	0.00013208258
2512	2513	0.00013131436
329	2513	0.00013131436
2513	2514	0.00012594568
772	2514	0.00012594568
2514	2515	0.00012451518
1163	2515	0.00012451518
2515	2516	0.00012147416
1127	2516	0.00012147416
2516	2517	0.0001207623
256	2517	0.0001207623
2517	2518	0.00012040051
57	2518	0.00012040051
2518	2519	0.00011867223
124	2519	0.00011867223
2519	2520	0.000117897674
1037	2520	0.000117897674
2520	2521	0.00011133527
424	2521	0.00011133527
2521	2522	0.00010996887
792	2522	0.00010996887
2522	2523	0.000105500534
824	2523	0.000105500534
2523	2524	9.542901e-05
109	2524	9.542901e-05
989	2524	9.542901e-05
2524	2525	9.1196474e-05
1300	2525	9.1196474e-05
2525	2526	9.041927e-05
977	2526	9.041927e-05
2526	2527	8.887047e-05
1316	2527	8.887047e-05
2527	2528	8.696403e-05
2262	2528	8.696403e-05
2528	2529	7.9273384e-05
525	2529	7.9273384e-05
2529	2530	7.337289e-05
351	2530	7.337289e-05
2530	2531	7.158508e-05
328	2531	7.158508e-05
2531	2532	7.140617e-05
706	2532	7.140617e-05
2532	2533	6.944097e-05
395	2533	6.944097e-05
2533	2534	6.610126e-05
877	2534	6.610126e-05
2534	2535	6.496978e-05
863	2535	6.496978e-05
2535	2536	6.3777115e-05
891	2536	6.3777115e-05
2536	2537	5.7220495e-05
535	2537	5.7220495e-05
2537	2538	5.656509e-05
970	2538	5.656509e-05
2538	2539	5.07237e-05
1018	2539	5.07237e-05
2539	2540	4.7027792e-05
233	2540	4.7027792e-05
2540	2541	4.535947e-05
33	2541	4.535947e-05
2541	2542	4.225975e-05
1168	2542	4.225975e-05
2542	2543	4.1425134e-05
86	2543	4.1425134e-05
2543	2544	3.6120357e-05
522	2544	3.6120357e-05
2544	2545	3.2842127e-05
219	2545	3.2842127e-05
2545	2546	2.9802475e-05
1033	2546	2.9802475e-05
2546	2547	2.8490462e-05
670	2547	2.8490462e-05
2547	2548	2.6226106e-05
681	2548	2.6226106e-05
2548	2549	2.4259232e-05
798	2549	2.4259232e-05
2549	2550	2.342456e-05
2248	2550	2.342456e-05
2550	2551	2.0444371e-05
924	2551	2.0444371e-05
2551	2552	1.990791e-05
919	2552	1.990791e-05
2552	2553	5.9604627e-06
17	2553	5.9604627e-06
2553	2554	2.1457674e-06
11	2554	2.1457674e-06