A1BG	0.0
AAAS	6.426354914370043
AAED1	0.03544389137064871
AAGAB	0.03544389137064871
AAK1	1.9682834405609742
AAMP	6.695884876643427
AARS	0.18532608820163451
AASDHPPT	0.0
AATF	0.7635370170028339
ABCC1	2.630776876982588
ABCC2	0.026833607912012118
ABCC3	1.0671470452665714
ABCD4	0.0
ABCE1	0.0
ABCF1	0.9896342915320486
ABCF2	0.9061107650697169
ABCG2	0.0
ABHD14B	0.11985908304552331
ABHD17A	0.12998902477209276
ABHD2	0.0
ABI2	0.1747316204726997
ABL2	0.8725779656224469
ABR	0.0
ABRACL	0.03544389137064871
ABT1	0.5029396330038571
AC006262.5	0.0
AC009403.2	0.0
AC013461.1	0.2692786847609639
AC090498.1	0.25824434361950277
AC091729.9	0.0
AC093323.3	0.0
AC093673.5	0.02236949763042075
ACAA2	0.0
ACACA	2.1030463739267615
ACADVL	0.22490018191694475
ACAT1	0.010065775245278234
ACAT2	2.20245532004157
ACBD3	0.23572807361987658
ACD	0.652410345642925
ACER3	0.0
ACIN1	0.0
ACO2	0.009124204035320653
ACOT7	0.18532608820163451
ACOT9	0.35822185116123334
ACSL3	0.0
ACTB	0.10863669999858011
ACTG1	0.0
ACTL6A	0.01965360847938971
ACTN1	0.04428630588884549
ACTN4	0.37427771741154225
ACTR1A	0.0
ACTR1B	0.20561629845874224
ACTR3	0.07961838380614836
ACYP1	0.5905986663607274
ADA	0.0
ADAM10	0.4248088268157322
ADAM17	0.05677119515116502
ADAM9	0.14562977212182682
ADAR	0.007286875715560637
ADGRG6	0.0
ADH5	0.014884384833939017
ADIPOR2	0.05950915730638154
ADK	0.5287612489660343
ADM	0.046610014967217846
ADNP	0.14443786283329677
ADPGK	0.0
ADSL	0.7913400875816043
ADSS	0.07987363144477014
AEN	0.010537448301284096
AFAP1	0.026833607912012118
AFF4	0.09472967172945217
AFG3L2	0.43865105978658137
AFMID	0.22859694390161706
AGAP2-AS1	0.1669292580262471
AGBL5	0.03544389137064871
AGFG1	9.166172597616615
AGGF1	0.0
AGO2	0.3023021391191922
AGPAT1	0.0
AGPAT5	0.0
AGR2	0.0
AGRN	0.0067071220937006595
AGTRAP	0.03675695137534548
AHI1	0.0
AHNAK	0.03675695137534548
AHNAK2	0.0
AIDA	0.2560109162510513
AIFM1	0.012415385599249013
AIFM2	0.11364638403040776
AIG1	0.0
AIMP1	0.20893793703972324
AIMP2	0.09685639831297095
AIP	0.20533778810706188
AJUBA	2.258593729992116
AK3	0.0
AKAP12	0.04912236096029807
AKAP13	0.0
AKAP17A	0.010333851977281027
AKAP9	0.0
AKIP1	0.6497447562661194
AKIRIN1	4.32125062467221
AKIRIN2	9.169606842892495
AKR1B1	0.16743620807491683
AKR1B10	0.0
AKR1C1	0.23572807361987658
AKR1C2	0.18856778821043346
AKR1C3	0.09449134097081692
AKR7A2	0.0
AKT1	0.1661908945455346
ALCAM	0.009124204035320653
ALDH1A1	0.0
ALDH1B1	0.0640372380446768
ALDH2	0.0
ALDH3A1	5.686288704552771
ALDH3B1	0.82223099639095
ALDOA	0.0
ALG13	0.1573917386610081
ALG3	7.555864829075357
ALG5	0.01965360847938971
ALG8	0.0
ALKBH2	1.9012009297629635
ALX1	0.0
AMFR	0.03853518225595115
AMIGO2	3.6761304579505643
AMOTL2	0.0
ANAPC13	0.07463031461992468
ANAPC7	0.5207198500553778
ANGPTL4	0.0
ANKIB1	0.0
ANKLE2	0.02623009594239049
ANKRD1	0.0
ANKRD13D	0.0
ANKRD28	14.357699443988047
ANKRD29	0.12133046864570902
ANKRD30A	0.0
ANKRD33B	0.0
ANKRD40	0.0
ANKRD54	0.0
ANKRD9	0.0
ANKS3	0.0
ANKS6	0.005671589407381324
ANLN	0.06598765711870799
ANO6	0.0
ANP32E	0.0
ANXA1	0.12845559303577567
ANXA2	0.3656040460453205
ANXA3	0.0
ANXA4	3.1913361575706336
ANXA5	3.6554276713805045
ANXA7	0.0
ANXA8L1	1.7288267717231367
AP006222.2	0.04777848351683964
AP006621.5	0.0
AP1G1	0.0477926217819267
AP1M2	1.0203558760938591
AP1S2	0.09472967172945217
AP2A2	0.0
AP3D1	0.30110467667463103
APIP	1.2996707372474419
APITD1	1.9624253365873363
APLP2	0.05865693453471334
APMAP	0.03754542294051939
APOBEC3C	0.09242302674429813
APOC1	0.0
APOE	0.0
APOO	0.04592435739808383
APP	0.07618220183352474
APPL1	0.0
APTX	0.0
AR	1.8636181558388105
ARCN1	0.06894781517271133
AREG	0.0
ARF4	0.07795342066414303
ARF5	0.27840682273140915
ARFIP2	0.03853518225595115
ARGLU1	0.007189331651389567
ARHGAP11A	70.34530190884543
ARHGAP11B	0.0
ARHGAP29	0.652410345642925
ARHGAP35	0.03544389137064871
ARHGAP5	1.0697143014266404
ARHGAP5-AS1	0.0
ARID1A	0.0
ARID4B	0.05310141050836254
ARIH2	0.2758278584457377
ARL1	0.10382063715562519
ARL14EP	0.013340736469475459
ARL4C	18.725247289001572
ARL6IP1	0.12401999025277219
ARL6IP5	0.034253260360483345
ARL8B	0.07426552318514874
ARMC1	0.049882386575148804
ARMCX6	0.30572197971279547
ARNTL2	0.0
ARPC1B	0.009124204035320653
ARPC3	0.18419292354031264
ARRDC1-AS1	0.010993177432302437
ARV1	0.0
ASAH1	0.051093690798233116
ASAP2	0.0
ASB1	0.21488158405387006
ASCC3	3.075389183502388
ASF1A	0.0
ASF1B	0.5148278063125152
ASH1L	0.0
ASNA1	0.206617123240135
ASNS	0.4283188440960418
ASNSD1	0.042057406646478473
ASPHD1	0.0
ASPM	6.154655146945781
ASPSCR1	1.773384299204741
ASRGL1	0.0067071220937006595
ASXL1	0.3706197981819088
ATAD2	0.0
ATAD5	0.012559427122981909
ATF5	0.0
ATF7	0.0
ATF7IP2	0.0
ATG12	0.08749583649947536
ATG5	4.030375183001923
ATIC	0.11985908304552331
ATL3	0.6111266461669073
ATMIN	0.10326312100864317
ATN1	0.04428630588884549
ATOH8	0.0
ATP1B1	0.6999303166250846
ATP2A1-AS1	0.0
ATP2B1	0.19614808511192325
ATP5B	0.02623009594239049
ATP6AP1	0.0
ATP6AP2	0.19060862087105027
ATP6V0D1	0.10326312100864317
ATP6V1C1	0.16471620627651992
ATP6V1D	3.0138696966898455
ATP6V1E1	4.717072796993468
ATP6V1E2	0.9921666083684123
ATPAF1	0.0
ATRX	0.0
ATXN10	0.6389149830920597
ATXN2	0.06713744224310549
ATXN2L	0.3878133752980494
ATXN7L3B	0.0
AURKA	0.4361598432847756
AURKB	0.05310141050836254
AVEN	0.006859781864728323
AVPI1	2.8368319718437305
AXL	0.0758718279814857
AZI2	12.375176642297543
AZIN1	0.060225367398892934
AZIN1-AS1	0.0
B3GALT6	0.013340736469475459
B3GAT3	0.8636851183932384
B4GALNT1	0.0
B4GALT1	0.0
B4GALT2	0.0
B4GALT3	0.03544389137064871
B4GALT4	0.0
B4GALT5	0.33212434873440655
B4GALT7	0.08619198007573987
B9D1	0.07987363144477014
B9D2	0.026151420198231943
BABAM1	0.13792160696043027
BAG2	0.0
BAG3	3.934210789205486
BAIAP2L1	0.30386051725586544
BAMBI	0.0
BANP	43.60259900486174
BASP1	41.40276644915316
BATF3	0.11794936840449327
BAX	0.0
BAZ1A	0.006972996753910246
BAZ2A	0.0
BBC3	0.7109583113342152
BBIP1	0.0
BBX	0.8732945840374177
BCAM	0.0
BCAR1	0.14756400946567721
BCAS4	0.5359115693641776
BCAT1	0.3137753379740762
BCAT2	0.11980824635575027
BCCIP	13.282287591182902
BCKDK	0.11985908304552331
BCL2L1	0.0
BCL3	0.04428630588884549
BCLAF1	0.0
BCS1L	0.7735600541232774
BCYRN1	0.0
BDNF	0.008482467249499592
BDP1	0.02815171657052688
BECN1	0.0
BEST1	0.10523587239854375
BET1	2.6156525585879145
BEX2	0.0
BFAR	0.07906245529502647
BHLHE40	0.0
BICC1	1.9607742738037197
BIN1	0.039305277088780545
BIRC2	0.0
BIRC3	0.4706137870204501
BIRC5	0.029736806391023312
BIRC6	4.091341350315533
BLMH	0.0
BLOC1S4	0.007189331651389567
BLVRA	0.07228687206531734
BLVRB	0.6111266461669073
BMP4	0.0
BMS1	0.024991184465407403
BNIP2	0.09472967172945217
BNIP3L	0.0
BOLA1	1.20219740189693
BOP1	0.012559427122981909
BORCS7	0.006859781864728323
BORCS8	0.006775396688430409
BRCA1	0.10629942639693592
BRD2	0.0
BRD3	0.16743620807491683
BRE	0.0067071220937006595
BRI3BP	0.912410804875241
BRIX1	0.30009972683422786
BROX	0.09940670868167312
BTBD11	0.0
BTBD6	0.0
BTBD7	0.0
BTF3L4	0.02623009594239049
BTG1	3.962175491451484
BUB3	0.049882386575148804
BZW1	4.5743387225864645
BZW2	0.07795342066414303
C10orf35	0.0
C10orf54	0.0
C11orf1	0.4719932208322063
C11orf68	0.0
C11orf74	0.1054069731874036
C11orf86	0.0
C12orf29	0.03675695137534548
C12orf43	0.0
C12orf49	0.007286875715560637
C12orf65	0.0
C12orf73	0.023794785561094198
C12orf75	8.677639573601562
C12orf76	0.09352523687786479
C14orf119	0.2463727937904349
C14orf80	0.21237699303487922
C15orf48	0.0
C16orf45	1.6041736591918998
C16orf52	0.0
C16orf59	0.35861941841526873
C16orf72	0.13916639053127158
C16orf74	0.0
C16orf91	0.21488158405387006
C17orf58	1.0073787221720272
C17orf62	0.39629688828437265
C19orf12	0.0
C19orf25	0.017149500290023663
C19orf81	0.1867925129988101
C1D	0.11985908304552331
C1QL1	1.9640921910342648
C1orf106	0.0
C1orf131	20.007277567881555
C1orf174	0.02236949763042075
C1orf21	0.5928758784644907
C1orf35	0.11073839104933504
C1orf53	0.05114063975921037
C1orf56	0.0
C1orf61	0.0
C21orf58	0.0
C21orf59	0.7746774280115649
C22orf39	0.9908195834359228
C2orf47	0.08631907346982459
C2orf68	0.3021795541483416
C2orf74	1.8198261301569794
C2orf82	0.3959900943962742
C3orf14	0.5284323840136602
C4orf27	0.0
C5orf24	0.40498440596778895
C6orf1	9.54786503281774
C6orf141	0.0
C6orf48	0.06271006898537572
C6orf62	17.55849635120422
C7orf55	0.701168736530865
C8orf4	0.05580563148448414
C8orf82	0.8814296923311171
C9orf116	0.22830504633895235
C9orf69	0.04305990996056754
C9orf78	0.0
CA12	0.2727469887143467
CA8	0.0
CACNG6	0.5728415262057565
CACNG8	0.03675695137534548
CACUL1	0.13208884242361849
CACYBP	2.560512058981414
CALB2	0.0
CALM2	0.39629688828437265
CALR	0.18325241280504148
CALU	0.0
CAMK2N1	5.600299321278706
CAMLG	0.0
CAND1	0.09488858735343952
CANT1	0.005911450894683836
CAPG	0.0
CAPN1	0.026833607912012118
CAPN12	0.0
CAPRIN1	0.0
CAPZA1	0.0
CARS	0.0
CASC10	1.208207195304105
CASC3	1.9394360913497481
CASC4	0.0
CASC8	0.0
CASK	0.17154859364421662
CAV1	0.03435153811179233
CAV2	0.0
CBR3	0.0
CBX6	0.0
CCAR1	0.0
CCDC106	0.4788553250567657
CCDC107	0.03691947513488185
CCDC109B	0.19671446945241094
CCDC12	0.36775974085676855
CCDC137	0.03226460794793139
CCDC47	0.0
CCDC50	2.4526863852896943
CCDC53	0.03675695137534548
CCDC57	0.0
CCDC58	0.1661908945455346
CCDC6	0.20561629845874224
CCDC74A	0.24872636934768075
CCDC80	0.0
CCDC85B	0.39363361588930273
CCDC85C	0.0
CCDC86	0.4457470396694768
CCDC88A	0.5029396330038571
CCDC88B	0.0
CCDC90B	0.5728415262057565
CCDC91	1.6479739903118094
CCDC92	0.0
CCK	0.16877432727637356
CCL2	0.38702407775225306
CCNA2	0.17665271099753696
CCNB1	0.0
CCNB1IP1	0.07426552318514874
CCNB2	0.09817689611463136
CCNC	0.3845716231239724
CCND1	0.1406195386209271
CCND3	0.0
CCNE1	0.0
CCNF	0.0
CCNG1	0.4205678761375018
CCNH	0.057741542724087366
CCNK	0.012116577657450512
CCNL1	0.0
CCNYL1	0.0
CCSER2	0.0
CCT2	1.3038842721275583
CCT3	0.206617123240135
CCT4	0.03853518225595115
CCT5	0.0
CCT7	0.0
CCT8	0.04428630588884549
CCZ1	0.0
CD164	0.01209089303238163
CD24	0.0
CD2BP2	0.11463429256447934
CD3EAP	0.04137379350391582
CD44	1.2420787666825164
CD47	0.012559427122981909
CD55	0.0
CD59	1.267765021811072
CD70	0.0
CD81	0.10075298844840261
CD9	0.00040185583703933683
CDA	0.0
CDC123	0.03853518225595115
CDC20	0.043256199625543
CDC27	0.032828949523055664
CDC34	0.012559427122981909
CDC42	0.2534629287566892
CDC42BPA	0.19604001456947534
CDC42BPB	0.2616621334960566
CDC42EP1	0.01965360847938971
CDC42EP3	0.5082971888094892
CDC42EP4	0.1904019201900366
CDC42SE1	0.0
CDC42SE2	0.03544389137064871
CDC6	0.0
CDC73	0.016074365771407136
CDCA2	0.029736806391023312
CDCA3	0.0
CDCA4	0.01821843201993577
CDCA5	0.0
CDCA7	0.35945683914370863
CDCA7L	13.069338464077973
CDCA8	0.0969009803769231
CDCP1	2.551368454826897
CDH2	0.10326312100864317
CDIPT	0.1669292580262471
CDK1	0.001511925026393783
CDK12	0.7240942415659963
CDK5	0.23572807361987658
CDK5RAP2	0.0
CDK6	0.0
CDKN1A	0.7724017910833504
CDKN2C	0.0
CDR2L	0.0
CDS2	0.0
CDT1	0.012559427122981909
CDYL	0.0
CEBPB	2.5822458334908625
CEBPD	1.0165828812714472
CEBPZ	0.6563261109934662
CEBPZOS	0.05310141050836254
CECR5	0.007457678564388391
CELF1	0.19733059372843645
CENPA	0.0
CENPB	0.025718135154544748
CENPE	0.20648998524274462
CENPF	0.3099842981132983
CENPH	0.0
CENPK	0.0
CENPU	0.037890960023794475
CEP290	0.0
CEP350	0.0
CEP55	0.11617681401889109
CEP89	0.025718135154544748
CERS2	4.0656926169852605
CES1	0.0
CES2	2.560512058981414
CETN2	0.0
CFAP20	2.584646006727457
CFAP36	1.363147189948725
CFAP97	0.08749583649947536
CFD	0.05149255245082551
CFDP1	0.0
CFLAR	0.09413557989051492
CGGBP1	0.21988594731486089
CH17-340M24.3	0.0
CH17-360D5.2	3.324737776069564
CHAC2	0.09142932536686624
CHAF1A	1.599567870901413
CHAMP1	0.3166228112414728
CHCHD6	0.4594118469098162
CHCHD7	0.1068964471264317
CHD1	0.009124204035320653
CHD3	0.6092323565388823
CHD4	0.0
CHD9	0.2594930933856225
CHEK1	0.07987363144477014
CHID1	0.02623009594239049
CHML	0.0
CHMP1A	0.33362767859081005
CHMP1B	0.2079443648900064
CHMP2B	0.0
CHMP5	2.607592454842318
CHORDC1	0.0
CHP1	5.978006358796484
CHTF8	0.11985908304552331
CHURC1	0.1617670634531211
CIAO1	1.9638667608254092
CIAPIN1	0.0
CIB2	0.38702407775225306
CINP	0.09171420284881247
CITED2	0.049882386575148804
CITED4	0.2206052680991536
CKAP2	0.10326312100864317
CKAP2L	0.0
CKAP4	0.0
CKAP5	0.25419407171491915
CKB	0.0812851555305198
CKS2	0.0
CLCF1	0.032828949523055664
CLDN1	0.005671589407381324
CLDND2	0.0
CLEC11A	0.20572775263025955
CLIC1	8.227801545417485
CLINT1	0.5953296485139514
CLIP1	0.0
CLMP	0.0
CLPTM1	0.06765166891910035
CLSPN	0.0
CLU	0.0
CLUH	0.10454357873334463
CMAS	0.01965360847938971
CMB9-22P13.1	0.0
CMPK1	0.21288432295624724
CMTM3	2.5014507354968862
CMTM6	0.07232934047674486
CMTM7	0.11617681401889109
CMTM8	0.0
CNBD2	0.0
CNFN	0.012415385599249013
CNN2	0.43865105978658137
CNN3	0.0
CNOT1	0.03853518225595115
CNOT2	0.029736806391023312
CNOT4	0.0
CNP	0.12031286333593746
CNPY3	0.036360854414544806
CNTN1	0.31744509779212954
CNTNAP3B	0.0
COA5	0.1034986188592562
COIL	0.13809286840482463
COL18A1	0.21488158405387006
COL4A2	0.03907466242766489
COL5A2	0.05901486540954698
COL7A1	0.07906245529502647
COLGALT1	0.3142915275167776
COMMD1	1.4968116106760103
COMMD10	0.5326923932000247
COMMD2	0.07987363144477014
COMMD3	0.0
COMMD5	0.3800860403940797
COMMD9	0.12098407394461133
COMTD1	0.6268641577320063
COPS5	0.16877432727637356
COPS6	0.3142915275167776
COPS7A	0.01965360847938971
COPS7B	0.14827327107685606
COPS8	0.09685639831297095
COPZ2	0.03154423237790027
COQ5	0.02798552335648461
COQ9	0.039720233557369505
CORO1C	0.17922254067214938
COX16	0.03853518225595115
COX19	0.10326312100864317
CPLX2	0.01821843201993577
CPNE1	0.5562272470437027
CPNE2	0.0
CPNE3	0.4146950402459414
CPNE7	0.0
CPS1	0.0
CPSF6	0.02623009594239049
CPT1C	0.0
CRACR2B	0.0
CREB1	0.6889169225684945
CREB3	1.0032425198123154
CRELD2	0.16743620807491683
CRIM1	0.252426243342685
CRIP1	0.2561334481649839
CRIP2	0.4534634458733838
CRTC3	0.580184979057341
CRYZ	0.0
CS	0.0
CSAG1	0.07906245529502647
CSE1L	0.0
CSF1	0.30463039875262526
CSNK1D	0.19309702204006077
CSNK1E	0.11500623962168623
CSNK1G2	0.08378409782821904
CSNK1G3	0.05310141050836254
CSNK2A1	0.14495409859757263
CSNK2A2	1.599567870901413
CSTF3	0.11693661726357873
CTA-29F11.1	0.11985908304552331
CTA-392C11.1	0.0
CTB-178M22.2	0.0
CTBP1	0.14495409859757263
CTBP2	0.0
CTC-459F4.3	0.017886757328116596
CTC-524C5.2	0.21488158405387006
CTCF	0.0
CTD-2015H6.3	0.0
CTD-2270L9.4	0.024991184465407403
CTD-2314B22.1	0.0
CTD-2336O2.1	1.4581491659768984
CTD-2600O9.1	0.013340736469475459
CTD-3001H11.2	0.0
CTD-3138B18.5	0.0
CTD-3184A7.4	0.5287660948826551
CTD-3252C9.4	0.0
CTDSP1	0.6111266461669073
CTDSP2	0.0
CTDSPL	0.01965360847938971
CTGF	0.0
CTNNA1	0.04137379350391582
CTNNAL1	7.173868405550826
CTNNB1	0.2561334481649839
CTNNBL1	0.0
CTNND1	0.0
CTPS1	0.07232934047674486
CTSA	0.1651050968305307
CTSB	0.0
CTSC	0.0
CTSD	0.27843015422733053
CTSL	0.0
CTTN	0.11985908304552331
CTU1	0.0
CTXN1	0.007189331651389567
CUEDC2	0.012559427122981909
CUL3	0.11617681401889109
CUTC	0.2628880892247767
CUX1	20.233583846589585
CWC15	2.43409453434222
CWC25	0.07601915529091068
CWC27	0.45469994288040605
CXCL1	0.0
CXCL2	2.3043625462579977
CXCL3	0.0
CXCL5	0.09352523687786479
CXCL8	0.03996447432788839
CXXC5	0.0
CXorf40B	0.0477926217819267
CYB561A3	0.03793755532408568
CYB5B	0.0
CYB5D2	0.20244013867908417
CYB5R3	0.0
CYBA	0.0
CYHR1	0.10613560796926265
CYP1B1	3.9002099071590495
CYP24A1	0.0
CYP2S1	0.0
CYR61	0.0
CYTH2	0.14756400946567721
DAAM1	0.5354566039429234
DAB2	0.0
DAG1	2.5283055709429956
DAP	0.0
DAP3	2.69888450885126
DAPK1	0.0
DARS	0.023794785561094198
DAXX	0.16743620807491683
DBF4	0.6497447562661194
DBNDD1	0.1651050968305307
DBNL	0.04819100601497315
DBP	0.0
DCAF13	0.2154674116736208
DCAF7	0.01821843201993577
DCBLD2	17.475509265006902
DCDC2	0.0
DCTD	0.0
DCTN1	0.7268458286308999
DCTN2	0.12926713750471033
DCTN6	0.08867296528230205
DDAH2	0.0
DDB1	0.0477087376087944
DDB2	1.1626393921754723
DDIT3	2.5888963329816304
DDIT4	0.1410394931532256
DDOST	0.0
DDRGK1	0.32232193400725523
DDX10	0.10687345659076739
DDX17	0.8413815941938039
DDX18	0.0
DDX23	5.3026433414303185
DDX24	0.007286875715560637
DDX27	0.08229423902677385
DDX39A	0.012559427122981909
DDX42	0.7251173672681295
DDX50	0.024991184465407403
DDX52	0.0631768599835414
DDX54	1.4591547647541538
DDX56	0.16412000415694372
DDX6	1.3548688427605917
DEAF1	0.062053586936353766
DEDD2	0.5520704122480048
DENND5B	0.02623009594239049
DEPDC1	0.11779780105995744
DERA	0.17922254067214938
DERL1	1.7787945046341165
DERL2	2.187803914497067
DESI1	0.0
DESI2	0.7371696259556768
DFFA	0.14822129574008833
DGKD	0.010065775245278234
DGKE	0.36405309591765245
DGUOK-AS1	0.3878133752980494
DHCR24	0.3329957731808143
DHCR7	0.09472967172945217
DHPS	0.0
DHRS3	0.09242302674429813
DHRS4	0.25824434361950277
DHRS4-AS1	0.0
DHRS4L2	0.16877432727637356
DHRS7	0.0
DHRSX	0.8561124877467221
DHX15	0.10382063715562519
DHX30	0.005671589407381324
DHX33	1.3094662376596333
DHX9	0.007286875715560637
DIAPH1	2.088095187808338
DIMT1	0.012559427122981909
DIO2	0.2266525717295505
DIO3OS	0.0
DKK1	0.0
DLC1	0.4033218003056059
DLD	0.08129132459950832
DLEU1	0.09817689611463136
DLEU2	0.0
DLGAP1-AS1	0.19614808511192325
DLGAP5	3.9629739310434284
DMKN	0.9908195834359228
DMWD	0.0
DNAAF2	0.0
DNAJA1	0.0
DNAJA2	0.35417794119507584
DNAJA3	0.07987363144477014
DNAJB1	0.014393235703388548
DNAJB11	0.05310141050836254
DNAJB9	11.166451197502498
DNAJC1	0.0
DNAJC10	0.0
DNAJC12	0.0
DNAJC21	0.2452960252361793
DNAJC3	0.16743620807491683
DNAJC30	120.8384923760312
DNAJC4	0.4819960687191697
DNAJC8	0.5912105465234971
DNM1L	0.05439190247465085
DNPEP	0.04311170118319246
DNTTIP2	0.0
DOCK5	0.013340736469475459
DOK4	0.0
DPCD	0.3355083174749108
DPF2	0.0
DPH2	14.121919139860491
DPM1	2.056635137712202
DPM3	89.72827021653775
DPP7	0.3090171953512233
DPYSL2	24.494967500452685
DPYSL3	0.012559427122981909
DR1	0.07986858242330641
DRAM1	0.0
DRG1	0.43865105978658137
DSCR3	0.0
DSG2	0.0
DST	3.802679233032063
DTL	0.0
DTX2	0.0
DUSP1	0.0
DUSP12	0.4480028870512547
DUSP14	0.5396494924341043
DUSP3	0.40892711917283486
DUSP4	0.0
DUSP5	0.5901301881297454
DYNC1H1	0.06456841888598804
DYNC1I2	0.012415385599249013
DYNC1LI1	0.026833607912012118
DYNC1LI2	0.38944273149147
DYNLL1	0.11985908304552331
DYNLL2	5.727305732275094
DYNLT3	0.5912105465234971
DYRK4	0.1387166167392817
E2F1	2.8417596445958324
E2F4	1.2808435885484624
E2F6	1.7288267717231367
EAPP	0.09755063575331338
EBAG9	0.9618496803119626
EBLN3	0.02623009594239049
ECE2	0.03544389137064871
ECH1	0.0
ECHDC1	0.0
ECI2	0.1722374318119074
ECSIT	1.3120111127738217
ECT2	0.09171420284881247
EDEM2	0.0
EDN1	0.10016207470045597
EEA1	8.238733503850751
EEF1A1	3.5610269412990094
EEF1A2	0.0
EEF2KMT	0.4100560786850974
EFHD2	0.03675695137534548
EFNA1	0.03686040309790122
EFNA5	0.16877432727637356
EFR3B	0.0
EFTUD2	0.0
EGFR	0.0
EGLN1	0.03694793052630025
EHBP1	0.2601586550421096
EHD1	0.044541523705839026
EHD2	0.029568360680453046
EID2	0.05865693453471334
EID2B	0.0
EIF1	0.03853518225595115
EIF1AY	0.10243167232535616
EIF1B	0.7724017910833504
EIF2A	0.3099842981132983
EIF2AK2	0.029736806391023312
EIF2AK4	0.19604001456947534
EIF2B1	0.03691947513488185
EIF2B4	0.029568360680453046
EIF2S1	0.11985908304552331
EIF2S3	0.11803811757193028
EIF3D	0.0
EIF3I	0.36405309591765245
EIF4A1	0.10326312100864317
EIF4A2	0.03239315918716363
EIF4A3	0.0
EIF4E	0.07232934047674486
EIF4EBP1	62.88757079936043
EIF4G1	0.13764655918444282
EIF4G2	0.024991184465407403
EIF5A	0.05901486540954698
EIF5AL1	0.8814296923311171
ELAC2	3.0793154589269247
ELAVL1	0.09242302674429813
ELF3	41.91575816910954
ELOVL1	0.0
ELOVL5	0.0
ELP6	0.0
EMC3	0.2020862117252968
EMP2	0.12401999025277219
EMP3	23.464678505226082
ENAH	0.0812851555305198
ENDOG	0.0
ENDOV	0.49194708571992035
ENO1	18.858589766150576
ENOPH1	0.01965360847938971
ENTPD6	0.02623009594239049
EPAS1	0.7623941351155961
EPB41L1	0.03675695137534548
EPB41L2	0.03713285611113197
EPC1	0.21488158405387006
EPDR1	6.451577191537601
EPHA2	0.16877432727637356
EPHX1	0.6175123600715827
EPN2	0.3959900943962742
EPRS	0.1054020384044973
EPS8	0.0
EPS8L2	1.6969822338621119
ERAL1	0.07426552318514874
ERBB2IP	0.0
EREG	0.0
ERF	2.8715643292773314
ERGIC2	0.0
ERICH1	0.0
ERLIN2	3.631003592371006
ERN1	0.0
ERO1A	24.246995737724056
ERRFI1	0.3165409826121173
ERV3-1	0.0
ESAM	0.05310141050836254
ESD	11.379867002694537
ESF1	0.652410345642925
ESRRA	0.0
ETFB	0.05676962140150019
ETHE1	0.4616193394401358
ETV4	0.0
ETV5	0.07468325843425298
EVA1B	0.20572775263025955
EVA1C	3.5822199693036922
EVL	0.0
EWSR1	1.47997338590919
EXOC3-AS1	0.0
EXOC7	0.0
EXOG	0.10326312100864317
EXOSC1	0.0
EXOSC2	6.249597449842493
EXOSC3	0.38695007042864443
EXOSC6	0.0
EXOSC7	0.12781347477088975
EXOSC8	0.029547088536534302
EZR	0.026833607912012118
F12	0.909481826246591
F2RL1	1.5866381458236416
F8A1	0.012559427122981909
FA2H	0.6442726989339089
FAAP24	0.0
FADD	0.4580891613696344
FADS2	0.1661908945455346
FAF2	0.3908929912929776
FAHD1	2.1580607608403364
FAM101B	7.032354393866902
FAM102A	0.0
FAM103A1	0.08220014185465795
FAM107B	17.574962840415246
FAM120A	1.2420787666825164
FAM127A	0.5287612489660343
FAM129B	0.0
FAM131C	0.0
FAM133A	0.0
FAM133B	0.8948561789311402
FAM134A	0.035428698157657756
FAM161A	0.0
FAM162A	0.24632596968624432
FAM168B	0.013340736469475459
FAM189B	0.01965360847938971
FAM192A	0.09472967172945217
FAM208B	0.0
FAM210B	0.0
FAM215B	0.0
FAM216A	0.017886757328116596
FAM219B	0.05346622894142033
FAM229B	0.0
FAM3A	0.03853518225595115
FAM3C	0.24209776873383376
FAM45A	0.41866821626249595
FAM50A	0.0
FAM57A	0.0
FAM60A	1.733579379921013
FAM64A	0.18856778821043346
FAM83D	0.03193703638040854
FAM89A	0.012559427122981909
FAM89B	3.158131795362862
FAM92A1	0.07232934047674486
FAM98A	0.10243167232535616
FANCD2	0.2580268084806742
FANCI	0.006687863355256772
FARSA	0.026880427013305463
FARSB	0.035428698157657756
FASTK	0.07601915529091068
FAT1	0.3588405627432273
FBLIM1	0.0
FBN2	17.17108280981515
FBRSL1	0.10326312100864317
FBXL15	0.0
FBXO21	0.18114719385263398
FBXO22	7.357993776587304
FBXO25	0.0006125305026200873
FBXO7	0.09242302674429813
FBXO9	0.0
FBXW11	5.928751707256196
FBXW2	0.11803811757193028
FCGRT	0.2361982643509714
FCHO1	0.0
FDFT1	0.9632909969933466
FDPS	0.0
FDX1L	0.09817689611463136
FDXR	0.0812851555305198
FEN1	0.0
FERMT1	0.14756400946567721
FES	2.1028608400193107
FGA	0.0
FGD5-AS1	0.4706137870204501
FGD6	0.0
FGF2	0.06765166891910035
FGFR1	0.0
FGFR1OP2	2.7415251744196683
FH	0.20561629845874224
FHL1	0.0
FHL2	6.465224444376011
FIBCD1	0.0
FILIP1	0.0
FJX1	0.17922254067214938
FKBP10	0.025718135154544748
FKBP11	2.0871524105554973
FKBP1B	0.5728415262057565
FKBP3	5.031655708868762
FKBP9	0.0
FLAD1	1.0671470452665714
FLII	0.0
FLJ20021	0.0
FLNA	0.0
FLOT2	0.42770913171410063
FMNL1	0.0
FN1	0.19186389047640617
FN3KRP	0.14756400946567721
FNBP4	0.0
FNDC3B	0.0
FNIP1	0.0
FNTA	0.5424882370465711
FOPNL	0.8725243393841013
FOSL1	0.252426243342685
FOSL2	0.0
FOXA2	0.0
FOXC1	0.013340736469475459
FRA10AC1	0.0
FRMD6	0.0
FRMD6-AS1	0.0
FSCN1	0.0
FST	0.0
FSTL1	0.0
FSTL3	0.0
FTSJ1	0.0
FTSJ2	0.024991184465407403
FTSJ3	0.10523587239854375
FUBP1	0.2580268084806742
FUNDC1	0.017886757328116596
FXN	0.2075589734578481
FXR1	0.36964507544474934
FYB	0.059191919937526226
FZD2	0.0
G0S2	0.0
G2E3	0.0
G3BP1	0.0
G3BP2	0.0
G6PC3	2.5888963329816304
GABPB1	0.0
GABPB1-AS1	0.5146145803032944
GABRA5	0.0
GABRB3	0.0
GACAT2	0.0
GADD45A	0.0
GADD45B	24.19801126199973
GAL	0.0
GAL3ST1	0.0
GALE	1.4591547647541538
GALK1	0.0
GALNT1	0.02506172534191609
GALNT10	0.20936463958536716
GALNT2	0.15309894851850006
GAMT	0.0
GAN	3.7148499502202585
GAPDH	0.0
GAR1	0.7908069946508862
GARS	0.11500623962168623
GAS2L1	0.01965360847938971
GATAD2A	0.007189331651389567
GATC	0.18355460059673037
GATS	0.0
GBAS	0.9265158811355197
GCC2	0.0
GCFC2	0.0
GCHFR	0.0
GCNT3	0.49582207522745186
GDF15	0.18856778821043346
GFER	0.0
GFOD2	0.0
GFRA1	0.03686040309790122
GGCX	0.0
GGH	0.12133046864570902
GGNBP2	0.3417677603449856
GGPS1	0.09242302674429813
GIGYF1	0.09472967172945217
GINS1	0.019681393334203212
GINS4	0.22226680861188222
GIP	0.0
GIT1	0.0
GJA1	0.4307008126225874
GJC1	1.448752007193519
GLCE	0.0
GLG1	0.0
GLIPR1	0.0
GLIS3	0.0
GLOD4	0.1669292580262471
GLRX	0.0
GLS	0.0
GLTP	0.03996447432788839
GLUD1	0.10939910992901104
GMCL1	0.2561334481649839
GMNN	0.2580268084806742
GMPS	0.0
GNAI2	1.068158728483234
GNAI3	0.008383947952239746
GNAQ	0.8352801694205217
GNB2L1	0.05665423187970096
GNB5	0.9534623259864851
GNG11	0.0
GNG12	0.8071229486807547
GNL3	0.07987363144477014
GNPAT	0.0
GNPDA1	0.2206052680991536
GNPNAT1	0.009124204035320653
GOLGA3	0.11617681401889109
GOLGB1	0.3090171953512233
GOLIM4	0.0
GOLM1	1.1287106412722752
GOLT1B	0.07426552318514874
GOPC	0.3172466350338127
GORASP2	0.30742245999072276
GOSR1	0.0
GOSR2	0.0
GOT1	0.0631768599835414
GPAT3	0.09242302674429813
GPAT4	0.8725779656224469
GPATCH8	0.0
GPBP1	0.10016207470045597
GPC1	0.04305990996056754
GPCPD1	0.0
GPN1	0.0
GPN3	0.08077510395882136
GPR137	0.5828777575580177
GPRC5A	22.94088218193538
GPRC5C	0.0
GPRIN2	0.0
GPRIN3	0.0
GPS1	1.3665307889535054
GPX1	2.572285564548751
GPX2	0.024991184465407403
GPX3	0.35006881428045056
GPX8	0.0
GRAMD1B	0.169594903710565
GREM1	0.03853518225595115
GRIN2B	0.0
GRK6	0.5326923932000247
GRN	0.19987465502999902
GRPEL1	0.0
GRSF1	0.034253260360483345
GRWD1	0.0
GS1-124K5.4	0.07906245529502647
GSR	0.0
GSTK1	0.20936463958536716
GSTO1	0.3392820017611045
GSTZ1	0.0
GTF2F1	0.0
GTF2F2	1.95311912902739
GTF2H1	1.6242798669572163
GTF3C2	0.0
GTPBP4	0.40695494567216495
GTSE1	0.24979253377431584
GULP1	0.0
H1F0	0.6563261109934662
H1FX	0.07363407295322451
HACD1	0.0
HACD2	0.040248086471423875
HACD3	0.049882386575148804
HADHA	0.0
HADHB	0.08853697111360431
HAGH	0.005671589407381324
HAGHL	0.36405309591765245
HAPLN3	0.0
HARS	0.0
HAT1	0.10454357873334463
HAUS1	0.06765166891910035
HAUS2	3.3571295478268066
HAUS6	0.049882386575148804
HCCS	85.40424090860215
HCFC1	0.7009096800464965
HDAC1	1.570444220395771
HDAC2	0.0
HDAC3	0.04590201032529744
HEBP1	0.4100560786850974
HECTD1	0.051106980100578986
HECW1	0.13809286840482463
HERC2	0.8725779656224469
HERC4	0.234829561766367
HERPUD1	0.09857421206885374
HES1	0.09755063575331338
HES4	1.2905089462059003
HES6	0.0
HEXA	0.0
HEXB	0.0
HEXIM1	0.07929418316326119
HEXIM2	2.615371494134587
HGS	0.10863669999858011
HGSNAT	0.0
HHEX	0.4002737402745201
HIF1A	0.1592905420300207
HIGD1A	0.02623009594239049
HILPDA	1.7173101613148813
HIP1	0.026151420198231943
HIPK2	0.09814710205661031
HIST1H1C	0.3060624333751279
HIST1H1D	0.33602159212765564
HIST1H1E	0.0
HIST1H2AC	0.0
HIST1H2BD	0.0
HIST1H2BJ	0.0
HIST1H4C	0.38695007042864443
HIST2H2AC	0.11617681401889109
HIST3H2A	0.0
HJURP	0.09814710205661031
HLA-A	0.09488858735343952
HM13	0.006972996753910246
HMG20B	0.029736806391023312
HMGA1	0.08077510395882136
HMGA2	2.1479624198639886
HMGB2	0.0
HMGB3	1.051076798394009
HMGCS1	0.05248890278806887
HMGXB3	0.03501150716348941
HMGXB4	0.0
HMMR	0.8731126736421675
HMOX1	0.5694605937036664
HMOX2	0.0
HN1	0.18856778821043346
HNRNPDL	0.234405258271806
HNRNPH1	4.015261515876475
HNRNPUL2	0.0
HOMER3	5.791146513925378
HOTAIRM1	0.218483516895338
HOXA-AS2	0.0
HOXA3	0.0
HOXB13	4.805748772800092
HOXB6	0.20533778810706188
HOXB8	0.0
HOXB9	0.0
HOXC9	0.0
HPCAL1	30.892572753844615
HPGD	4.32125062467221
HPRT1	0.993314370877338
HPS1	1.052208857559776
HRSP12	0.06525402696394093
HSBP1L1	0.025718135154544748
HSD17B12	0.5318841677460555
HSP90AA1	0.2997943834352437
HSP90AB1	0.18770383876259605
HSP90B1	0.23691377942555972
HSPA14	0.7478139611608986
HSPA1A	0.02404006452958691
HSPA2	0.8725779656224469
HSPA4	0.024991184465407403
HSPA5	0.0
HSPA8	0.07911887489275743
HSPA9	0.5521122100840279
HSPD1	0.09488858735343952
HSPG2	0.0
HSPH1	0.1867925129988101
HTATSF1	0.7166836465084998
HUWE1	0.060225367398892934
HYAL2	0.024991184465407403
IARS	0.18114719385263398
IARS2	0.4819960687191697
IBTK	0.0
ICE1	0.0
ICE2	0.0
ICMT	0.0
ID1	1.0671470452665714
ID2	1.97231539189046
ID3	5.318364895173788
IDH1	21.673814964114186
IDH2	0.23981622619602486
IDH3A	0.09206399082333076
IDH3B	22.40027859631065
IDH3G	0.08749583649947536
IDI1	0.11985908304552331
IDS	0.08129132459950832
IER2	8.599401032209082
IER3	16.88633862772316
IER5	0.09472967172945217
IER5L	0.05677119515116502
IFI27L1	0.012559427122981909
IFI27L2	0.8850983795736003
IFITM2	0.0
IFNGR2	7.4371845393817635
IFRD1	0.11985908304552331
IFT27	19.353815521320588
IFT43	0.4211368322746737
IFT57	0.0
IFT81	0.0
IGBP1	0.02595480801037313
IGF1R	6.63455484520673
IGF2	0.0
IGF2BP1	0.0
IGFBP3	1.1307011901437827
IGFBP4	0.024991184465407403
IGFBP6	0.0
IGFBP7	0.03328001451710276
IK	0.20561906488751133
IKBIP	2.2349845172896208
IL11	0.12781347477088975
IL13RA1	0.07906245529502647
IL18	0.30836380760819393
IL32	0.14042221514690892
IL6ST	0.0
ILF2	0.07232934047674486
ILF3-AS1	0.036998067471126474
ILK	0.11985908304552331
ILKAP	0.02506172534191609
IMMP1L	0.021035620340298527
IMMT	0.01209089303238163
IMPAD1	0.16877432727637356
IMPDH1	0.05310141050836254
IMPDH2	0.0
INA	0.0
INAFM1	0.0
INF2	0.10016207470045597
ING2	0.5044734948201272
INHBB	0.0
INO80C	0.28962662841706965
INO80E	0.16471620627651992
INSIG1	0.023477698867225786
INSL4	0.0
INTS10	0.10939910992901104
IP6K2	0.009124204035320653
IPO5	0.026833607912012118
IPO9	0.5634062557332765
IQGAP1	0.1983746120869332
IQSEC2	1.382820142948999
IREB2	0.38695007042864443
IRF1	0.0
IRF2BP2	0.07232934047674486
IRF2BPL	0.0
IRF3	0.09210094588097874
IRS1	0.9249538401189613
IRS2	0.07232934047674486
IRX3	0.0
ISG15	0.10523587239854375
ISG20	0.18532608820163451
ISG20L2	0.02556424294373869
ITFG2	0.0
ITGA2	0.30616689351608933
ITGA3	0.14827327107685606
ITGAV	0.0
ITGB1	0.5728415262057565
ITGB3BP	0.009124204035320653
ITGB4	0.9262958485759573
ITGB5	0.4651612214164558
ITM2B	0.060225367398892934
ITM2C	0.0
ITSN2	0.07987363144477014
IVNS1ABP	0.0
JADE1	0.0
JAG1	0.010993177432302437
JAK1	0.09472967172945217
JKAMP	0.01965360847938971
JMJD1C	0.11803811757193028
JMJD6	0.0
JUN	0.25983821297343324
JUNB	0.04777848351683964
JUND	0.007189331651389567
JUP	0.2893008790594824
KANK1	0.0
KARS	0.1661908945455346
KB-1732A1.1	0.0
KCNF1	2.1250607326132
KCNK6	0.0
KCNMA1	60.928521462452714
KCNQ1OT1	0.0
KCTD1	0.5548408135117713
KCTD15	0.09171420284881247
KCTD9	0.07601915529091068
KDM5A	0.3656040460453205
KDSR	7.93598238652864
KEAP1	0.13873817724550336
KHSRP	0.10523587239854375
KIAA0907	0.16471620627651992
KIAA0930	0.8310945407576147
KIAA1191	0.9945496742573738
KIAA2013	0.0
KIF14	0.08719816494299679
KIF18A	0.010993177432302437
KIF1C	2.2818071745894066
KIF20B	0.10382063715562519
KIF21A	0.0
KIF22	0.1740959402723913
KIF23	0.27982203164182273
KIF2A	0.07906245529502647
KIF3B	0.0
KIF3C	0.41866821626249595
KIF4A	0.13935765424276123
KIF5B	0.7207025203231674
KIF9	4.007833325871874
KLF10	0.0
KLF13	0.0
KLF3	0.07987363144477014
KLF5	0.5562272470437027
KLF6	0.0
KLHDC2	0.0
KLHDC3	2.069828259035117
KLHL23	0.0
KLHL42	1.3305131554319667
KLHL5	0.5011560967370052
KMT2A	0.18621314010290374
KMT2B	0.012559427122981909
KMT2E	0.012559427122981909
KMT2E-AS1	0.0
KMT5A	0.0
KNSTRN	0.0
KPNA1	2.7554044260191777
KPNA2	0.0
KPNA3	0.11985908304552331
KPNA4	0.04771109675843035
KPNA6	0.0
KRAS	0.005551756077104313
KRCC1	0.06535942991455398
KRIT1	0.14795781107838582
KRR1	0.049882386575148804
KRT18	0.11985908304552331
KRT19	0.09817689611463136
KRT7	0.8779866031965735
KRT8	0.5960637437331765
KRT80	0.0
KRTCAP2	0.01209089303238163
KYNU	0.0
L3HYPDH	0.026833607912012118
LACTB	0.060225367398892934
LACTB2	0.8137204357210375
LAMA5	0.06570552177214584
LAMC2	0.0
LAMP1	0.07906245529502647
LAPTM4A	0.020484267866691427
LARP4	0.09472967172945217
LARP7	0.017886757328116596
LARS	0.1054020384044973
LAS1L	0.0
LAYN	0.0
LBH	0.0
LBR	0.026151420198231943
LCMT1	0.07284600881396484
LDHA	0.0
LDHB	0.45020292120365923
LDLR	0.03193703638040854
LDOC1	2.7228720738664243
LENG8	0.0
LEO1	0.013340736469475459
LEPROT	0.9481999176059641
LEPROTL1	0.38695007042864443
LETM1	0.03853518225595115
LETM2	0.0
LGALS3	87.34124611721872
LGALS3BP	0.13873817724550336
LGR4	0.0
LIMA1	0.1513957928488011
LIMCH1	1.9394360913497481
LIMD2	0.0
LIMS1	0.5418075187471411
LINC-PINT	0.0
LINC00152	0.03853518225595115
LINC00467	0.0
LINC00473	0.026833607912012118
LINC00511	0.0
LINC00657	0.3271810018996053
LINC00662	1.8081689348506313
LINC00665	0.0
LINC00667	0.00636142581528593
LINC00685	0.0
LINC00707	0.0
LINC00936	0.0
LINC00969	0.06456841888598804
LINC00973	0.0
LINC00998	1.0144347906446383
LINC01021	0.0
LINC01089	0.0
LINC01116	0.013340736469475459
LINC01137	0.0
LINC01184	0.7449564442441416
LINC01234	0.001935191364671925
LINC01297-1	0.0
LINC01468	0.0
LINC01481	0.0
LINC01588	0.0
LIPE-AS1	0.0
LMAN1	0.18564723572371977
LMCD1	1.4591547647541538
LMNA	1.0427847564849029
LMNB2	112.60384924812925
LMO4	0.0
LMTK3	0.0
LONP1	0.05310141050836254
LOXL2	0.0
LPGAT1	0.11886583194761009
LPIN1	0.0
LPP	0.0
LRFN4	0.5015507802232563
LRIF1	0.9024008895308648
LRP10	1.4312587113180484
LRP3	0.0
LRPAP1	0.0
LRPPRC	0.0
LRRC14	0.010993177432302437
LRRC23	1.4909470738103525
LRRC58	0.3725438681483221
LRRC75A	0.0
LRRC8A	0.0
LRRC8B	0.0
LRRFIP2	0.05677119515116502
LSM6	0.0
LSR	0.1387166167392817
LTA4H	0.10075298844840261
LTBP3	0.1922109015236573
LTBP4	0.05420515700874769
LUC7L	0.2079443648900064
LURAP1L	0.0
LUZP1	0.5318841677460555
LXN	0.0
LY6K	3.871474020510069
LYAR	0.07310704331284139
LYPD1	0.05310141050836254
LYRM1	0.548699210162657
LYRM2	0.11463429256447934
LYRM5	0.10454357873334463
LYRM7	0.0
LYSMD2	0.02798552335648461
LZIC	0.09171420284881247
MACF1	0.09327219514648225
MAD2L1	0.09472967172945217
MAD2L2	0.012559427122981909
MAFG-AS1	0.03675695137534548
MAFK	0.315230555168358
MAGEF1	0.0
MAGOH	0.20851396059172983
MAN1A2	0.0
MANF	1.723881553348336
MAP1B	0.21771975248466519
MAP1LC3A	0.7654945266349028
MAP2K3	0.03544389137064871
MAP2K4	0.03675695137534548
MAP3K11	0.05370001255234891
MAP3K13	1.2873525059525426
MAP3K14	0.15164851511302077
MAP3K2	0.0
MAP3K8	0.0
MAP4	0.038698781318684136
MAP4K4	7.845044246521006
MAP7	0.2986676277661254
MAP7D1	0.2594930933856225
MAP7D3	0.00297060674229388
MAPK12	2.5739830660871803
MAPK1IP1L	0.18312174232099312
MAPK6	0.0
MAPK9	0.0
MAPKAPK3	2.560512058981414
MAPKAPK5	0.6560483024170938
MAPKAPK5-AS1	1.773384299204741
MAPRE1	0.0
MARCH2	0.0
MARCH6	0.03675695137534548
MARCH9	0.0
MARCKS	0.02798552335648461
MARCKSL1	0.07841561132026631
MARK3	0.0
MARS	0.08129132459950832
MARVELD1	0.0
MAVS	0.5120947360653475
MAX	0.08129132459950832
MBD2	0.6131332523925739
MBD3	0.0
MBD4	0.0
MBNL1	0.5728415262057565
MBOAT7	0.7608094659704048
MBP	0.6395207812310201
MCL1	17.742203350655842
MCM10	0.06747470051389402
MCM3	0.10382063715562519
MCM4	0.0
MCM5	0.8405524650586703
MCM6	0.06765166891910035
MCM7	0.0
MCM8	0.0
MCMBP	0.01965360847938971
MCTS1	0.3706828474166954
MCU	0.0
MDFIC	0.0
MDH1	0.02623009594239049
MDK	16.251701971359388
MDM2	0.10569968311507912
MDM4	0.0
ME1	0.035428698157657756
MEAF6	0.499327854316838
MECP2	0.051093690798233116
MED1	0.0
MED11	0.0
MED13L	0.18856778821043346
MED19	0.029568360680453046
MED21	0.1054069731874036
MED28	0.0
MED29	0.007286875715560637
MED31	0.0
MED8	0.0
MEG3	1.4188223144166965
MEGF9	0.0
MEIS2	0.02623009594239049
MEIS3	0.0
MELK	0.027341530417858067
MEPCE	0.21804405308821032
MESDC2	0.9534952895597228
MESP1	15.795392607720997
MEST	0.09242302674429813
MET	0.02623009594239049
METRN	35.230752699242785
METTL10	0.0
METTL12	0.07232934047674486
METTL16	14.109204901188994
METTL21A	0.057741542724087366
METTL2A	0.0
METTL2B	0.03328001451710276
METTL8	0.0
MFGE8	0.0
MFHAS1	0.0
MFSD10	0.0
MFSD12	0.5663067627990492
MFSD3	0.3369300437961824
MFSD5	0.29296701039243195
MGAT1	0.02798552335648461
MGAT2	0.010065775245278234
MGEA5	0.0
MGLL	0.0027113102089275755
MGME1	0.18965994472564346
MGST1	0.05865693453471334
MGST2	3.2662803518503623
MICU1	0.0006125305026200873
MID1	0.2964365498899052
MID1IP1	0.03853518225595115
MIDN	0.02623009594239049
MIF	0.3822124702637868
MIF4GD	32.04409170281924
MINCR	0.11070036789896774
MIR503HG	0.0
MIS18BP1	0.0
MISP	1.6527950244551426
MKI67	2.6654056775778248
MKNK1	0.6804754646772124
MKNK2	0.0
MKRN1	0.0510834268480923
MLLT10	0.001511925026393783
MLLT4	0.0
MLPH	0.0
MLX	0.0
MLXIP	0.469697750729643
MMD	1.820903202420332
MMP24	0.9691258125942525
MMP24-AS1	1.7809969288275518
MNAT1	0.1600989153131356
MND1	0.11624725875292675
MNX1-AS1	0.0
MOB3B	0.0
MOB4	0.050345717858825106
MOCS2	4.037437192521853
MOK	0.0
MORC4	6.546666471471033
MORN2	0.20561629845874224
MOSPD3	0.060225367398892934
MPDU1	0.20533778810706188
MPHOSPH10	0.0
MPHOSPH6	0.11794936840449327
MPHOSPH8	0.03328001451710276
MPRIP	0.0
MPV17	0.2652375155183891
MPZL1	0.10629942639693592
MROH8	0.0
MRPL1	0.09425774348130138
MRPL10	0.03544389137064871
MRPL16	1.5691773851649802
MRPL2	1.0965341578431775
MRPL35	0.18856778821043346
MRPL37	0.0
MRPL44	0.7268239668851566
MRPL45	0.10181180297445747
MRPL46	0.13874557666051543
MRPL47	0.3392820017611045
MRPL48	0.10454357873334463
MRPL49	0.0
MRPL50	0.22830504633895235
MRPS17	0.1617670634531211
MRPS18A	0.30355773042730877
MRPS18B	3.080708709833447
MRPS27	0.0
MRPS30	0.0
MRPS9	0.0
MRRF	0.02623009594239049
MRS2	0.006972996753910246
MRTO4	0.0
MSANTD3	0.20851396059172983
MSC	0.007286875715560637
MSH6	0.05310141050836254
MSI2	0.44186133793707333
MSL1	2.991107751362492
MSL3	0.0
MSMO1	0.49582207522745186
MSRB3	0.8057173229016108
MSX1	0.5424882370465711
MT-ATP6	0.0
MT-ND1	0.0
MT-ND6	13.63128621980064
MT1A	15.755332630985578
MT1F	0.0
MT1X	12.518232234927417
MT2A	112.59870741381602
MTA1	0.0
MTERF4	17.911307553003574
MTFMT	0.004215579593937489
MTHFD1	0.11463429256447934
MTHFD2	0.03691947513488185
MTHFD2L	0.1860442999442285
MTIF2	0.012415385599249013
MTIF3	0.0
MTRF1L	0.0
MTUS1	2.573058313558646
MTX1	0.0
MTX2	0.0
MUC5AC	0.04305990996056754
MUM1	0.0
MVB12A	0.2594930933856225
MVD	0.02798552335648461
MVK	0.2079443648900064
MXD4	0.1034986188592562
MYADM	0.41696320650187124
MYC	0.16743620807491683
MYCBP2	0.024991184465407403
MYEOV	9.986675371622393
MYH9	0.11803811757193028
MYL6	21.673814964114186
MYO10	0.41937811497132305
MYO19	0.03793755532408568
MYO1B	0.10382063715562519
MYOF	0.4194460918785492
MYPOP	0.0
MZT1	0.0
N4BP2L2	0.07212259910778682
NAA15	0.01965360847938971
NAA60	16.672059258361344
NACC1	0.0
NACC2	0.19679014492512975
NAE1	0.6593149406441158
NAMPT	0.05677119515116502
NANS	0.07426552318514874
NAPA	0.012559427122981909
NARF	0.049882386575148804
NARS	0.3739812449126908
NASP	0.0
NAT14	0.048704092046473045
NBL1	0.20324162039948118
NBR1	2.640515844195082
NCAPD2	0.10075298844840261
NCBP2	0.14999968012544074
NCBP3	0.0
NCKAP1	0.12845559303577567
NCKAP5	0.0
NCL	0.0
NCLN	0.0
NCOA3	0.0
NCOA7	0.993314370877338
NCOR2	0.01965360847938971
NDFIP1	0.0
NDRG1	0.0
NDUFA10	1.9531786597722267
NDUFA13	0.07906245529502647
NDUFA5	0.6075768083577364
NDUFA7	0.15646113357819644
NDUFA9	0.0
NDUFAF4	0.5033277449379129
NDUFAF6	0.09242302674429813
NDUFB5	0.0
NDUFS2	0.5285112705529919
NEAT1	0.6840097368501623
NECAP2	0.0
NEDD4L	9.54786503281774
NEDD9	0.10326312100864317
NEIL2	0.01965360847938971
NEK2	0.03675695137534548
NEK6	0.2297350000745451
NELFB	0.7724017910833504
NEMF	0.0
NET1	1.458638148580805
NF1	1.3487157971255792
NF2	0.08626122279718028
NFAT5	0.0
NFE2L1	0.8957316546740801
NFE2L2	0.0
NFIB	0.23282785344140075
NFIC	6.13436119538443
NFKB2	0.1573917386610081
NFKBIA	0.0
NFKBIB	0.1810230119551501
NFYB	0.0
NGDN	0.20648998524274462
NGRN	0.0
NIFK	0.005626415810673832
NIP7	0.006972996753910246
NIPSNAP1	0.0
NIT2	0.04305990996056754
NKAP	0.0
NKIRAS2	0.0
NKTR	0.6337527154818299
NLN	0.08077510395882136
NMB	7.4371845393817635
NMRAL1	0.3319765756968894
NMT1	1.4358267627766548
NMT2	0.0
NNMT	0.04305990996056754
NOC2L	0.01821843201993577
NOC3L	0.7720108508308186
NOC4L	0.5561732810485629
NOL10	0.28382728336067126
NOL11	0.19954811656749802
NOL3	0.07601915529091068
NOL4L	0.0
NOL8	1.5934498350293025
NOLC1	0.3656040460453205
NOM1	0.3102573493428017
NOP14	0.10454357873334463
NOP2	0.0
NOP58	0.30386051725586544
NOVA1	0.0
NPAS2	0.5312790086051495
NPC1	0.010993177432302437
NPC2	0.0
NPDC1	0.050859153236989266
NPEPPS	0.2738884036805063
NPLOC4	1.550059035537263
NPM1	0.8028795402142714
NPRL3	0.12401999025277219
NPTX1	0.0
NQO1	0.0
NR0B1	0.0
NR2C2AP	0.10523587239854375
NR2F2	0.024991184465407403
NR3C1	0.10454357873334463
NR4A1	0.0
NRAV	0.01821843201993577
NRBF2	0.005671589407381324
NRBP1	0.05580563148448414
NRCAM	0.12401999025277219
NRDC	0.03328001451710276
NRG1	0.0
NRGN	0.0
NRIP1	0.0
NRP1	0.060225367398892934
NRP2	0.0
NSD1	0.9908195834359228
NSFL1C	0.010993177432302437
NSL1	0.0
NSMCE1	0.06765166891910035
NSRP1	0.16471620627651992
NSUN5	0.03853518225595115
NT5C2	0.1904019201900366
NT5DC2	0.6937955842541564
NT5E	0.0
NTN4	0.0
NTS	0.04305990996056754
NUAK1	0.08129132459950832
NUAK2	0.0
NUBP1	0.024991184465407403
NUCB1	0.0
NUCB2	0.0
NUCKS1	4.871752295281157
NUDC	0.1573917386610081
NUDT15	0.0
NUDT19	0.0193153637240823
NUDT2	2.672685094790004
NUDT21	1.2221488068356265
NUDT22	3.9641366523672295
NUDT3	0.652410345642925
NUDT4	0.6686218797070903
NUDT8	0.0006125305026200873
NUF2	0.057917470455532395
NUFIP2	0.1573917386610081
NUMBL	0.33153001022497064
NUP155	1.6807493453774083
NUP37	0.0
NUP62	0.08299776414364074
NUPR1	0.14530878133097958
NUS1	0.3656040460453205
NUSAP1	0.43831714080947193
NUTM2A-AS1	0.008482467249499592
NUTM2B-AS1	0.20572775263025955
NXN	0.013340736469475459
NXPE3	0.0
OARD1	0.025718135154544748
OAS1	3.3118049115423114
OBFC1	6.907559249777568
OCIAD1	0.0
OCIAD2	35.22575975872285
ODC1	7.031001689900578
OGFOD3	0.0
OGFRL1	0.0
OPN3	0.0
OPTN	0.25191173292879715
ORAI2	0.30742245999072276
ORAI3	0.0
ORC6	0.327991506044537
ORMDL2	0.017886757328116596
OS9	0.2635933584081005
OSBPL9	0.0
OSER1	0.21804405308821032
OSGIN1	3.771668498123792
OTUD6B-AS1	0.5376121267133995
P3H4	0.053447382947737244
PA2G4	1.7799934896943188
PABPC4	0.0
PACS1	0.0
PACSIN3	0.18532608820163451
PAF1	0.04592435739808383
PAFAH1B2	0.2182984045336422
PAK1IP1	0.0
PAK2	0.049882386575148804
PAK4	0.0
PALLD	0.42905664591959414
PANK2	0.08129132459950832
PANK3	0.0
PAPPA	0.015540678701627083
PAPSS2	0.30742245999072276
PAQR4	0.0
PAQR5	14.12496785520084
PARD3	0.0949469036810242
PARD6A	0.0
PARD6B	0.0
PARP6	0.0
PARPBP	0.30742245999072276
PART1	0.0
PAXIP1-AS1	0.0
PBDC1	0.6939358859610132
PBK	1.7335193000884765
PBX1	0.25191173292879715
PCDH9	9.176198152052564
PCED1B	0.0
PCGF2	0.0193153637240823
PCIF1	0.025718135154544748
PCM1	0.0
PCMT1	0.1250326334095314
PCNA	7.159433029505187
PCOLCE2	0.0
PCSK1N	2.5018678155152076
PCSK7	0.0
PCYOX1	1.7193724565479815
PDCD10	2.7926391445819374
PDCD2L	0.21112627415189011
PDCD7	0.16743620807491683
PDCL3	0.4248088268157322
PDDC1	0.0
PDE6D	2.8248185374677566
PDE8A	1.550059035537263
PDGFA	0.0
PDHA1	0.11364638403040776
PDHB	0.0
PDIA3	1.7632266676163693
PDIA4	0.0
PDK4	0.0
PDLIM1	0.029568360680453046
PDLIM5	0.26022151299951246
PDLIM7	0.09472967172945217
PDRG1	0.10921552743398326
PDS5A	0.0
PDXK	46.012542428437044
PDZD8	0.0
PDZK1IP1	0.0
PEA15	108.43567287783657
PEF1	0.0
PEG10	0.395749275655502
PELO	0.09857421206885374
PELP1	0.0
PEPD	0.06570552177214584
PER2	0.3537393091140888
PES1	1.857881489902555
PET100	0.3642769278797848
PET117	0.09674483476271191
PEX10	0.5785907120396563
PEX2	0.09755063575331338
PFAS	0.6605920109513495
PFDN6	0.07225731820143819
PFKFB3	0.12130829377742432
PFKP	3.773457166810935
PFN1	0.049882386575148804
PGAM5	0.3725438681483221
PGAP2	0.05397299083308933
PGK1	0.02171033591582865
PGM2L1	0.014884384833939017
PGRMC2	2.7290318758122516
PHACTR2	0.0
PHAX	0.35861941841526873
PHC2	2.487841801657167
PHF20	1.7803494404467355
PHF20L1	0.01209089303238163
PHF23	0.1339191478292886
PHF3	0.060225367398892934
PHF6	0.0
PHGDH	0.6879012702262665
PHIP	0.05310141050836254
PHKG1	0.0
PHLDA1	0.09472967172945217
PHLDA2	20.925697919972766
PHLDA3	2.3043625462579977
PHLDB2	0.0
PHLPP2	0.05310141050836254
PIF1	20.008353668214415
PIGBOS1	0.4089490693089634
PIGF	0.0741949402993692
PIGH	0.6510025220300505
PIGP	0.30742245999072276
PIGW	0.0
PIGX	0.09472967172945217
PIH1D1	1.7809969288275518
PILRB	0.20851396059172983
PIM3	0.11794936840449327
PIR	0.3656040460453205
PITHD1	0.049882386575148804
PITPNA	0.43831714080947193
PITPNC1	0.4706137870204501
PITX1	0.2331913315006151
PKDCC	0.0
PKIG	1.0158761118341813
PKM	0.0631768599835414
PKN1	0.03544389137064871
PKN2	0.0
PLA2G12A	0.1681507102400081
PLA2G16	3.066013768973282
PLAU	0.0
PLAUR	1.5267881424965566
PLCD3	0.11985908304552331
PLCXD1	0.2700477220932941
PLEK2	0.8784905151907085
PLEKHA3	0.11064344503883068
PLEKHB2	0.049882386575148804
PLEKHH2	0.0
PLEKHJ1	2.4731430437348187
PLGRKT	0.6916864228104408
PLIN2	0.3656040460453205
PLIN3	0.7724493001501416
PLK1	0.0
PLK2	1.804115745411075
PLOD2	0.3153933829213072
PLPP5	0.0
PLS3	0.8071229486807547
PMAIP1	0.05677119515116502
PMEPA1	1.550059035537263
PMF1	0.0
PMP22	0.0
PMPCA	0.4618519169530353
PMPCB	0.04137379350391582
PNISR	0.0
PNKP	0.7071794853436492
PNO1	0.06468625884678061
PNPT1	0.20936463958536716
PNRC1	0.0
PNRC2	0.0
PODXL	0.14042221514690892
POLR2A	3.6427830911680634
POLR2D	0.0
POLR2H	0.018374919708923014
POLR3D	3.4150535636087427
POLR3G	0.7711786033147333
POLR3GL	0.30129495930055944
POPDC3	1.4666310686202397
POR	0.0
PPA2	0.14046661954988104
PPAN	0.0
PPARG	0.21494260990987782
PPCS	0.9898131270884312
PPFIA1	0.0
PPFIBP1	2.665701386640053
PPHLN1	0.049882386575148804
PPID	0.24975286949073117
PPIE	0.14756400946567721
PPIF	0.4838237555052434
PPIG	0.0
PPIH	0.02197369077478693
PPIL1	0.30836380760819393
PPM1B	0.7908069946508862
PPME1	0.0
PPP1CB	7.858210123365539
PPP1R10	0.12134656752556182
PPP1R11	0.0
PPP1R12A	0.0
PPP1R14A	6.426354914370043
PPP1R15A	0.12401999025277219
PPP1R16A	0.0
PPP1R35	1.8927223233558574
PPP1R7	36.896208158590426
PPP2CA	2.113418020687809
PPP2CB	0.012559427122981909
PPP2R1A	0.0
PPP2R2A	0.08595849913052457
PPP2R3C	0.5866884079585162
PPP2R4	0.27840682273140915
PPP2R5C	0.14233693830041277
PPP2R5E	0.06598765711870799
PPP3CA	5.052927421331424
PPP4R2	2.619637441326414
PPP4R3A	1.1740809159025853
PPP4R3B	0.04535279214124432
PPP5C	0.3656040460453205
PPP6R1	0.11980824635575027
PQLC3	0.1573917386610081
PRADC1	0.03766321811574826
PRAF2	0.04414454597035963
PRAME	0.0
PRC1	0.11779780105995744
PRCC	0.0
PRDX1	0.07232934047674486
PRDX4	0.0
PREB	0.0
PRIM1	0.2844447727733441
PRKAG2	0.039720233557369505
PRKAR1A	0.02197369077478693
PRKAR2A	0.11980824635575027
PRKCA	9.33960817342629
PRKCDBP	0.603185705159706
PRKCSH	0.5728415262057565
PRKRIP1	0.0
PRKRIR	0.07987363144477014
PRMT1	1.220660684286408
PRMT5	0.7866229216852573
PRNP	0.0
PROCR	0.20936463958536716
PROSC	0.026833607912012118
PROSER3	0.0
PRPF19	0.017886757328116596
PRPF38B	0.652410345642925
PRPF4	0.3324301717713951
PRPF4B	1.0671470452665714
PRPF6	0.0
PRPF8	0.4192315536344783
PRPS1	2.1030463739267615
PRPS2	0.1210474455209508
PRPSAP1	0.22549755706726637
PRR11	0.20390541059942344
PRR7	1.6998329321245496
PRR7-AS1	0.0
PRRC2A	0.3369300437961824
PRRC2B	0.18856778821043346
PRRT3-AS1	0.1651050968305307
PRSS23	7.4219313882245785
PRSS3	0.1573917386610081
PSAP	0.060225367398892934
PSAT1	0.2079443648900064
PSD4	0.0
PSIP1	0.15165107569248545
PSMA3	0.20936463958536716
PSMA3-AS1	0.02236949763042075
PSMA4	5.843520789376324
PSMB1	0.11693661726357873
PSMB3	0.24975286949073117
PSMB4	0.8857511238943412
PSMB6	0.2534629287566892
PSMB9	0.07347200136808375
PSMC1	0.0
PSMC2	0.185336220989296
PSMC3	0.07426552318514874
PSMC3IP	0.04137379350391582
PSMC4	0.2534629287566892
PSMC6	0.07987363144477014
PSMD1	0.4920752483526958
PSMD10	0.38702407775225306
PSMD12	0.09242302674429813
PSMD13	0.45469994288040605
PSMD2	0.0
PSMD3	0.5953296485139514
PSMD6	0.0
PSMD7	0.17373648910049774
PSMD9	0.0
PSME1	0.0
PSME2	0.0
PSMG1	0.06589546705069009
PSMG2	0.20936463958536716
PSMG4	0.1047578765411371
PSPH	0.08378409782821904
PTBP3	0.0
PTCD3	0.0
PTDSS1	0.4487961245276241
PTEN	0.1669292580262471
PTGES	0.21488158405387006
PTGR1	6.296519818967884
PTGS2	0.8354271567150992
PTHLH	0.0
PTK2	0.8179778552210696
PTMA	0.0
PTOV1	0.7333155888683324
PTP4A1	0.46824336202471795
PTPN1	0.0
PTPN12	0.0
PTPN18	0.02595480801037313
PTPN2	0.12926713750471033
PTPRA	26.500360910574322
PTPRF	0.4838237555052434
PTPRJ	4.590153620912056
PTPRS	0.6968484097867851
PTRF	11.535184054750019
PTRH1	0.0
PTRH2	0.32232193400725523
PTTG1	0.4100560786850974
PTTG1IP	0.0
PUM3	1.021889214995174
PURA	0.18471909014911908
PVR	0.007189331651389567
PVRL2	0.6907421122082811
PVRL3	0.0
PVT1	0.010065775245278234
PXMP2	1.4581491659768984
PXN	0.08129132459950832
PXN-AS1	2.6946496070467827
PYCARD	0.0477926217819267
PYGB	7.93598238652864
PYGL	0.12401999025277219
PYM1	0.0
QDPR	0.0
QKI	0.0
QSER1	0.0
R3HCC1	0.08079338839157185
R3HDM1	0.006859781864728323
R3HDM2	0.0
RAB10	34.56144359670714
RAB11B	1.608750784688374
RAB11FIP2	0.6389149830920597
RAB14	0.03328001451710276
RAB15	0.0
RAB18	0.08129132459950832
RAB1B	0.252426243342685
RAB21	0.18325241280504148
RAB22A	0.16352471607617416
RAB27B	0.049882386575148804
RAB30-AS1	0.5274076209192262
RAB31	0.0
RAB35	0.0
RAB3B	0.09755063575331338
RAB40B	0.0
RAB4B	0.0
RAB5A	0.03328001451710276
RAB5B	0.0
RAB6A	0.04137379350391582
RAB8A	0.4548597928746537
RAB9A	0.0
RABEPK	0.01965360847938971
RABGGTB	0.012415385599249013
RAC3	0.03263726072502863
RACGAP1	0.5207198500553778
RAD1	0.1819666130286106
RAD21	0.16352471607617416
RAD50	1.0965341578431775
RAD51D	3.6761304579505643
RAD9A	0.10243167232535616
RAE1	0.47209060624704985
RAF1	0.14827327107685606
RAI14	2.5799139821517776
RALA	0.0
RALB	0.2700477220932941
RAP2B	0.0
RARA-AS1	0.0
RARG	0.0
RARS	0.007286875715560637
RASSF10	0.0
RASSF3	0.0
RASSF7	2.6207814505787543
RB1CC1	0.049882386575148804
RBBP4	0.0
RBBP5	5.062870884282807
RBBP6	0.053447382947737244
RBBP7	0.7850079770820664
RBBP8	0.0
RBCK1	0.07987363144477014
RBFA	0.0
RBFOX3	0.04137379350391582
RBM14	0.0
RBM18	0.057590534893638794
RBM23	0.49582207522745186
RBM25	0.0
RBM26	0.03675695137534548
RBM28	0.0
RBM42	0.0
RBM47	0.3135852625164648
RBMS1	0.5828777575580177
RBMX2	0.0
RBPMS	4.767949590268363
RCC1	0.0
RCC2	0.00040185583703933683
RCCD1	0.012559427122981909
RDH10	0.0
RDH11	0.0
RDH14	0.01965360847938971
RDX	0.4872221681640676
RECQL	0.30770053517328533
REEP3	0.8577770710010859
REEP4	0.09352523687786479
REL	0.6815074072014846
RELB	0.09755063575331338
REPIN1	0.08129132459950832
RERE	37.86818246284087
REST	0.5424882370465711
REXO4	0.0
RFC1	12.330578285458355
RFC2	0.0
RFC3	0.2844447727733441
RFC4	0.5548408135117713
RGCC	0.4698638416310038
RGS14	0.7087549138711798
RGS19	14.480966805358868
RGS2	0.603185705159706
RHBDD2	0.07987363144477014
RHOB	0.5424882370465711
RHOBTB3	0.026151420198231943
RHOD	0.0
RHOQ	3.871474020510069
RHOV	0.4283188440960418
RHPN2	0.10937749398512252
RIC8A	0.03675695137534548
RICTOR	0.0044531331860493874
RIF1	0.11985908304552331
RILP	0.0
RIN2	0.014884384833939017
RMI2	0.0
RMND5B	0.0
RNASEH2A	0.02623009594239049
RNASEH2B	0.08402754310654334
RND3	7.744886425980015
RNF11	1.712046128601544
RNF114	0.09759692838005245
RNF115	0.010993177432302437
RNF130	0.29382411123366936
RNF135	0.07906245529502647
RNF212	0.0
RNF220	0.09817689611463136
RNF26	0.025890275746353025
RNF34	0.09472967172945217
RNF40	1.5383369925410502
RNF5	0.05164060923487773
RNF8	0.09472967172945217
RNMT	0.02623009594239049
RNMTL1	0.0
RNPEPL1	0.0
ROCK1	0.01209089303238163
ROCK2	0.0
RP1-267D11.6	0.0
RP11-1055B8.9	0.0
RP11-111M22.3	1.052208857559776
RP11-115C21.2	0.0
RP11-11N9.4	0.9908195834359228
RP11-12G12.7	0.06535942991455398
RP11-138A9.2	0.0
RP11-1391J7.1	0.0
RP11-160O5.1	1.5635023003345494
RP11-254F7.4	0.0
RP11-294J22.6	0.0
RP11-295G20.2	10.980853513021614
RP11-297J22.1	0.0
RP11-357H14.17	0.20533778810706188
RP11-38M8.1	0.04428630588884549
RP11-390F4.6	0.647161697445469
RP11-390P2.4	0.0
RP11-400F19.6	0.0
RP11-408N14.1	4.857322449907992
RP11-452F19.3	0.0
RP11-467L13.7	0.0
RP11-473M20.16	0.0
RP11-490M8.1	0.024991184465407403
RP11-498P14.5	0.0
RP11-499E18.1	0.0
RP11-505K9.1	0.0
RP11-51J9.5	0.0
RP11-538P18.2	0.0
RP11-545E17.3	0.22859147344296404
RP11-54H7.4	0.0
RP11-554I8.2	0.03544389137064871
RP11-563N4.1	0.0
RP11-620J15.3	0.007399723707251523
RP11-631N16.4	0.0
RP11-660L16.2	0.09755063575331338
RP11-669N7.2	0.0
RP11-670E13.6	0.0
RP11-680F8.1	9.857246375523408
RP11-758H9.2	0.0
RP11-783K16.5	4.224730000048989
RP11-792A8.4	0.10454357873334463
RP11-874J12.4	0.0
RP11-879F14.2	0.0
RP13-1032I1.7	0.0
RP13-463N16.6	0.0
RP4-555D20.2	0.0
RP5-908M14.9	0.0
RP5-943J3.2	0.0
RP9	0.0
RPA1	0.0
RPA2	0.20561906488751133
RPE	0.25038711937406755
RPF2	0.4651612214164558
RPIA	0.025718135154544748
RPL22L1	0.0
RPL26	0.16743620807491683
RPN2	2.19644665099266
RPP30	0.09472967172945217
RPP38	2.43409453434222
RPS27	0.05397299083308933
RPS27L	0.0
RPS4X	1.7628983790478743
RPS4Y1	0.0
RPS6KA3	0.8636851183932384
RPS6KA4	15.917545726870856
RPS7	0.38702407775225306
RPUSD1	1.0965341578431775
RPUSD3	0.5683075719292828
RQCD1	0.0044531331860493874
RRAGA	0.0
RRAS2	0.0
RRBP1	0.0
RRM1	0.03853518225595115
RRM2	0.40010022136248874
RRP1	0.03766321811574826
RRP15	0.0
RRP1B	0.35574265822640905
RRP36	0.8957316546740801
RRP9	0.12781347477088975
RSAD1	1.6218602953378
RSBN1L	0.5029396330038571
RSF1	5.385954135400525
RSPO3	8.987710776800009
RSRC1	0.5885798897543053
RSRC2	0.0
RTCA	1.297531321099885
RTCB	12.402824765859776
RTFDC1	0.05310141050836254
RTN2	0.0
RTN3	0.4788553250567657
RTN4RL2	4.068526889079858
RUSC1	0.03544389137064871
RUVBL1	4.069902022433531
RWDD4	0.856879994757685
S100A16	39.28091671732182
S100A2	0.0
S100A3	0.37503041273457044
S100A4	0.02623009594239049
S100A6	18.065472870718303
S100P	0.0
S1PR3	23.64383284555519
SAFB	0.0
SAFB2	0.0
SAMD1	0.0
SAMD11	0.0
SAMD4B	0.0
SAP30BP	0.03853518225595115
SAP30L	0.036360854414544806
SAPCD2	0.0
SAR1A	0.0
SAR1B	4.590466854116329
SARS	0.11877253734270923
SAT1	0.03193703638040854
SAV1	0.0
SBDS	0.24144856571287118
SBF2-AS1	0.0
SBNO1	0.3878133752980494
SCAF1	0.0477926217819267
SCAMP3	0.35417794119507584
SCAMP4	0.05397299083308933
SCARB1	0.0
SCCPDH	0.05310141050836254
SCD	0.20561629845874224
SCN1B	0.0
SCNM1	0.0
SCO1	0.36964507544474934
SCO2	0.5634894267947579
SCOC	0.43183965667324975
SCP2	0.0
SCRIB	0.8868093284300893
SDC1	0.0
SDC4	0.0
SDCBP	0.07232934047674486
SDCCAG3	2.1580607608403364
SDF2	0.08079338839157185
SDF4	0.1773718705590019
SDHAF1	0.039720233557369505
SDHAF2	0.21771975248466519
SDHAF3	0.0
SDHD	0.0
SDPR	0.0
SDR39U1	0.7724138414870461
SDSL	0.06208208688433638
SEC13	0.82223099639095
SEC14L1	0.0
SEC22C	35.31886122191864
SEC61A1	0.017886757328116596
SEC63	0.05100315550814315
SECISBP2	0.3355083174749108
SELK	0.05310141050836254
SEMA3C	0.8028795402142714
SENP6	0.023794785561094198
SEPHS1	0.0
SEPT1	0.0
SEPT11	0.10326312100864317
SEPT7	1.034179186910705
SERINC2	0.0
SERINC3	0.01965360847938971
SERPINB1	0.8636851183932384
SERPINB6	1.5195652050042225
SERPINE1	0.03342793629997666
SERPINE2	0.10613663849943154
SERPINH1	0.0
SERTAD1	0.30110467667463103
SERTAD3	0.0
SERTAD4-AS1	0.0
SET	0.0
SETD5	0.22830504633895235
SETD7	0.5738300911181902
SF3B1	0.0
SF3B3	0.0027037902609318284
SF3B4	0.049882386575148804
SFN	0.0
SFRP1	0.0
SFT2D2	0.0
SFXN1	0.07426552318514874
SFXN4	0.10454357873334463
SFXN5	0.0
SGK223	0.0
SGOL1	0.00040185583703933683
SGOL2	0.02623009594239049
SGTA	0.16877432727637356
SH2D4A	0.0
SH3BGRL	0.15791436877110618
SH3BGRL3	7.290120118662968
SH3BP4	0.0
SH3GLB1	0.11364638403040776
SH3KBP1	0.3419472129074791
SHARPIN	0.03226460794793139
SHB	0.09206399082333076
SHISA4	0.0
SHKBP1	3.1913361575706336
SHMT2	0.012559427122981909
SHTN1	0.0
SIAH2	0.0
SIRT7	14.97997206546703
SKAP2	0.21237699303487922
SKIL	0.07060218142916323
SLBP	0.04592435739808383
SLC10A3	0.2702661817918981
SLC12A2	0.005671589407381324
SLC16A1-AS1	0.0
SLC16A3	0.0
SLC16A4	0.0
SLC20A1	0.01965360847938971
SLC22A18AS	0.0
SLC25A10	0.10016207470045597
SLC25A13	0.7369271094551878
SLC25A19	0.12781347477088975
SLC25A26	0.03544389137064871
SLC25A3	0.0
SLC25A33	0.0193153637240823
SLC25A4	0.3201696897512815
SLC25A43	0.06598765711870799
SLC25A6	0.0
SLC26A2	0.652410345642925
SLC27A2	0.0
SLC2A1	0.11985908304552331
SLC2A3	0.0
SLC2A8	0.0
SLC30A5	0.04025693864414973
SLC35A4	0.12496610287363691
SLC35B2	0.012559427122981909
SLC35B4	0.026629926321938398
SLC35C2	0.10382063715562519
SLC35D2	0.012559427122981909
SLC35F2	0.0
SLC35F6	3.9459116699482126
SLC36A4	0.024991184465407403
SLC39A10	0.0
SLC39A14	0.0
SLC39A3	0.07987363144477014
SLC3A2	0.0
SLC40A1	0.0
SLC44A1	0.0
SLC48A1	1.6314881551929683
SLC4A2	0.7106699103278831
SLC4A7	0.0
SLC50A1	0.0
SLC5A6	0.0
SLC6A6	0.169594903710565
SLC7A1	0.017149500290023663
SLC7A5	0.0
SLC9A3R1	0.29393090469772704
SLC9A3R2	0.05310141050836254
SLF1	0.0
SLF2	0.5562272470437027
SLK	0.1054069731874036
SLU7	0.10382063715562519
SMAD2	0.0
SMAGP	0.18856778821043346
SMAP1	0.35006881428045056
SMARCA1	0.6396769913248128
SMARCA5	0.0812851555305198
SMARCB1	0.0
SMARCC1	0.1210474455209508
SMARCC2	0.09171420284881247
SMARCD1	0.09472967172945217
SMARCD2	0.7735600541232774
SMARCE1	0.3588910148795888
SMC1A	0.0
SMC2	0.16877432727637356
SMC4	0.08684946124896267
SMC5	3.080708709833447
SMC6	0.16352471607617416
SMCHD1	0.0
SMCO4	0.028371197888538157
SMG1	0.02506172534191609
SMIM13	0.3099842981132983
SMIM14	0.0
SMIM19	0.646935959149176
SMIM4	0.11980824635575027
SMKR1	0.5634062557332765
SMOX	0.0
SMYD2	0.30792517245150935
SNAP47	4.05831583148556
SNAPC1	0.0
SNCG	0.4192315536344783
SNHG10	0.5604818303043104
SNHG12	0.0
SNHG19	3.854034948610455
SNHG21	0.05310141050836254
SNHG25	0.8760117911068095
SNRNP200	0.006972996753910246
SNRNP27	0.0
SNRNP40	0.05310141050836254
SNUPN	0.3863183230964625
SNW1	0.4867621820356345
SNX12	0.0
SNX2	0.0
SNX6	6.040517890149181
SNX8	65.11401186431497
SOCS2	0.11463429256447934
SOCS3	1.5948162072253322
SOCS6	0.0706579612453951
SOD2	0.5148278063125152
SON	0.580184979057341
SOWAHC	0.0
SOX12	1.733579379921013
SOX2	0.09940670868167312
SOX4	0.0
SOX9	6.9682506578459416
SPAG9	0.0
SPANXB1	0.0
SPATA20	0.1651050968305307
SPATA33	0.00010445414459075816
SPATS2	25.811249934411844
SPATS2L	0.1387166167392817
SPC25	0.059191919937526226
SPCS2	0.02506172534191609
SPCS3	1.117467622026821
SPDL1	0.05397299083308933
SPECC1	0.5148278063125152
SPG7	0.20936463958536716
SPHK1	1.857881489902555
SPINT2	2.5888963329816304
SPNS1	0.27417432221229
SPOCK1	0.0
SPP1	0.0
SPPL3	0.07852759860280283
SPRED2	0.1034986188592562
SPRYD4	0.16260609812259985
SPRYD7	0.43865105978658137
SPSB2	0.4033218003056059
SPTAN1	0.07176655186216752
SPX	0.0
SQLE	0.6337864105404853
SQRDL	0.0
SRC	0.1722374318119074
SREBF1	0.01419421990095701
SREK1	0.03853518225595115
SREK1IP1	0.04428630588884549
SRGAP1	0.0
SRGN	0.39629688828437265
SRP68	0.007286875715560637
SRP72	0.9625513805258492
SRPK1	0.3063848173166701
SRPK2	0.16743620807491683
SRRD	0.02506172534191609
SRRT	0.0
SRSF11	0.049882386575148804
SRSF3	0.9249538401189613
SRSF4	0.005911450894683836
SRSF6	0.001935191364671925
SRSF8	0.17665271099753696
SS18L2	0.699360071225456
SSB	0.23572807361987658
SSBP1	1.1972202096406612
SSBP4	0.3102573493428017
SSFA2	0.8829017326887172
SSH2	0.24975286949073117
SSR1	0.1687732854548021
ST3GAL4	0.0
ST3GAL5	17.413291315008166
ST6GAL2	0.0
STAG2	9.54786503281774
STAMBP	0.0
STAMBPL1	0.8369752514436379
STARD10	0.0
STARD3NL	1.9344207976511094
STAT1	0.0
STAT3	0.11803811757193028
STAU1	0.9591378943540736
STC1	0.0
STC2	0.049882386575148804
STEAP1	0.0
STK16	0.43267356128785295
STK17A	1.9682834405609742
STK24	0.0
STK25	1.3123071355514295
STK32C	0.22989999577854334
STMN1	11.234947262031184
STOM	0.0
STRADB	0.0
STRBP	0.33602159212765564
STRN3	0.3361741094126121
STT3B	0.0
STX2	0.10730310523041393
STX4	0.5375311351599528
STX8	0.03328001451710276
SUGT1	0.02595480801037313
SULF2	0.0
SULT2B1	0.012559427122981909
SUMF2	0.005736800338097708
SUN1	0.03435153811179233
SUPT16H	1.2938506078667529
SUPT5H	0.0
SUPT6H	0.15168864483811595
SURF1	0.0
SUSD2	0.0
SVBP	0.7371696259556768
SVIL	0.05865693453471334
SWAP70	0.0
SYCE1L	0.0
SYF2	0.0
SYNCRIP	0.0
SYNE1	0.1387166167392817
SYNGR1	0.0
SYNJ2BP	0.0
SYNM	0.0
SYNPO	1.3793287792202489
SYPL1	0.0
SYT1	0.07225731820143819
TACC1	0.0
TACC2	0.0
TACC3	0.12607581031354165
TACO1	0.7268239668851566
TAF11	0.16877432727637356
TAF12	15.73910467591843
TAF15	0.3121198998593182
TAF1D	1.3665307889535054
TAF6	0.18856778821043346
TAF7	0.006859781864728323
TAGLN	0.0
TAGLN2	7.092393860496021
TALDO1	0.06468625884678061
TANK	0.39579019775473717
TAOK1	0.4693320918906616
TAOK3	0.0
TAPBP	0.08894273329042533
TARDBP	4.752879374105767
TAX1BP1	0.09685639831297095
TBC1D20	0.14827327107685606
TBL1X	0.0
TBL1XR1	0.0
TBPL1	12.808239829141494
TBRG1	0.20670225371450227
TBRG4	0.007286875715560637
TBX2-AS1	0.0
TBX3	0.0
TBXAS1	0.10243167232535616
TCEA2	1.034179186910705
TCEAL3	0.0
TCEAL8	0.05397299083308933
TCEB3	0.0
TCERG1	0.0
TCF25	0.0
TCHP	1.2209894350751036
TCOF1	0.0
TCTEX1D2	0.012559427122981909
TCTN1	0.16877432727637356
TDG	1.8827185152343218
TDP2	0.1998501075394562
TEAD1	0.0
TEAD4	0.08260683239245101
TECR	0.11803811757193028
TERF1	0.432732344832478
TES	0.11985908304552331
TESC	3.6671444857838593
TEX261	0.03694793052630025
TEX264	0.8310945407576147
TEX30	0.029736806391023312
TFAP2A	0.0
TFAP2C	0.8422511460674529
TFDP2	0.0
TFF1	0.3142915275167776
TFG	4.837888798607065
TFPI	0.0
TFPI2	11.625012373905129
TFRC	0.0812851555305198
TGFB2	0.0
TGFBI	0.0
TGFBR1	0.2702661817918981
TGFBR2	0.0
TGM2	0.652410345642925
TGOLN2	0.10075298844840261
TGS1	0.2570403804515124
THAP11	0.06271006898537572
THAP2	0.03544389137064871
THAP4	0.0
THAP7	0.30386051725586544
THBD	0.07987363144477014
THEM4	0.006775396688430409
THG1L	0.0
THOC2	0.013340736469475459
THOC3	0.0
THOC6	0.7087549138711798
THRAP3	0.0
THSD4	0.0
THUMPD1	0.0
THUMPD2	0.0
THUMPD3	0.0
THUMPD3-AS1	4.384675488896873
TIAL1	0.12347933779285623
TIGAR	0.0
TIMELESS	0.037890960023794475
TIMM10B	0.3369300437961824
TIMM23	0.01965360847938971
TIMM44	15.398773259119913
TIMMDC1	0.27274231743390215
TIMP1	0.0768174831903878
TIMP2	0.09940670868167312
TIPIN	1.1206518232026657
TIPRL	0.0024204647867995376
TJP1	0.10454357873334463
TKT	2.8105363443468385
TLCD1	1.0348052238406416
TLE1	0.10613663849943154
TLE4	0.0
TLK1	0.0
TLK2	0.03544389137064871
TLN1	53.017298888391196
TM2D2	0.09515819175911891
TM2D3	0.14530878133097958
TM4SF1	4.543423818838772
TM4SF18	0.0
TM4SF20	0.0
TM7SF3	0.8636851183932384
TM9SF3	0.036998067471126474
TMA16	0.2859776290853172
TMC5	0.0
TMED1	0.5683075719292828
TMED10	0.0
TMED4	0.0
TMED7	0.5562272470437027
TMEM106B	0.0
TMEM107	1.0738553685719587
TMEM109	0.0
TMEM120B	0.2580268084806742
TMEM121	0.0
TMEM132A	0.0
TMEM136	0.006859781864728323
TMEM138	0.05397299083308933
TMEM156	0.0
TMEM158	0.0
TMEM165	0.036360854414544806
TMEM177	0.0
TMEM18	24.609269610249704
TMEM189	0.07167764291189374
TMEM19	0.0
TMEM199	2.7415251744196683
TMEM2	0.0
TMEM218	0.007286875715560637
TMEM223	0.049882386575148804
TMEM237	0.10542145262523889
TMEM243	0.16352471607617416
TMEM245	0.1054069731874036
TMEM248	0.010065775245278234
TMEM251	0.30792517245150935
TMEM259	0.01965360847938971
TMEM263	0.0
TMEM30A	0.049882386575148804
TMEM33	0.07987363144477014
TMEM41A	0.0
TMEM41B	0.005626415810673832
TMEM50A	0.5424882370465711
TMEM55B	0.2634716089763413
TMEM56	0.0
TMEM59	0.10382063715562519
TMEM60	0.0631768599835414
TMEM70	0.03434607255751899
TMEM9	0.049882386575148804
TMEM92	0.0
TMEM98	1.4556317102188914
TMEM99	2.7929845014466337
TMEM9B	1.3345192450223509
TMPO-AS1	0.0
TMX1	0.6916864228104408
TMX2	0.15653767973881808
TMX4	0.009124204035320653
TNFAIP1	0.0
TNFAIP2	0.11985516612025925
TNFAIP8	0.0
TNFRSF10B	0.0
TNFRSF12A	0.3725438681483221
TNIP1	9.299380405331865
TNIP2	0.0
TNNT1	0.03544389137064871
TNPO3	0.0
TNRC6A	0.0
TNRC6B	0.4211368322746737
TNS3	7.594805961593542
TNS4	62.187153893303204
TOB1	0.10613663849943154
TOLLIP	0.029568360680453046
TOMM70A	0.001511925026393783
TOP1	0.0
TOP2A	0.0027037902609318284
TOP2B	0.0
TOPBP1	0.06589546705069009
TOR1A	0.0
TOR1AIP2	0.0
TOR3A	1.907812604318644
TOX4	6.0028632504984545
TP53	0.0
TP53I11	0.0
TP53I13	0.060225367398892934
TP53I3	0.0
TP53TG1	0.11803811757193028
TPBG	0.0
TPD52L1	0.0193153637240823
TPD52L2	0.03171303488391632
TPGS1	0.1722374318119074
TPM1	0.010993177432302437
TPM2	0.13272030446321864
TPR	0.36964507544474934
TPRA1	0.0
TPX2	11.855048042911044
TRA2A	0.10326312100864317
TRABD	0.10863669999858011
TRADD	0.029736806391023312
TRAF2	0.03915550053437532
TRAF3IP1	0.0
TRAF4	0.6288795717534968
TRAF5	0.013340736469475459
TRAF7	0.0013462245820110236
TRAM1	0.6593149406441158
TRAP1	0.22830504633895235
TRAPPC10	0.6680906645026277
TRAPPC4	8.880779139783169
TRAPPC6A	1.0223156843345973
TRIB3	12.808239829141494
TRIM37	0.24975286949073117
TRIM44	0.0
TRIM47	0.07906245529502647
TRIM56	0.0
TRIM59	14.357699443988047
TRIM65	0.0
TRIM7	1.7809969288275518
TRIML2	5.8593293379904985
TRIOBP	0.0
TRIP12	4.242666863284175
TRIP13	0.03825800355345932
TRIP6	0.0
TRMT10C	1.0655620601046092
TRMT6	0.02623009594239049
TRMT61A	0.0
TRNP1	2.0981500898908143
TROVE2	0.16877432727637356
TRPT1	1.2143185787314104
TRUB2	3.1154958503577754
TSC22D1	70.1093784922795
TSC22D4	1.6188437530213624
TSEN15	0.01821843201993577
TSEN54	0.16743620807491683
TSFM	0.3369300437961824
TSG101	0.0
TSN	0.049882386575148804
TSNAX	1.151743014966144
TSPAN13	0.0
TSPAN14	8.23412622549473
TSPAN15	0.10326312100864317
TSPAN17	0.0
TSPAN3	0.05310141050836254
TSPYL1	0.0
TSR1	0.3165409826121173
TSR2	0.012559427122981909
TSSC1	2.665701386640053
TSTA3	0.8948561789311402
TTC1	0.0
TTC19	0.07987363144477014
TTC32	0.0
TTC39C	0.35861941841526873
TTF1	4.218599398202022
TUBA1A	0.013340736469475459
TUBA1B	0.0
TUBA1C	2.2037547537945734
TUBA4A	0.12926713750471033
TUBB	0.0
TUBB4B	0.42616583408902753
TUBB6	0.0
TUBGCP2	0.7353631078808219
TUG1	0.0
TUSC1	0.02506172534191609
TUSC3	0.010993177432302437
TWF1	0.05865693453471334
TWIST2	0.699360071225456
TWISTNB	0.8725779656224469
TXN	0.1054069731874036
TXNDC12	0.060225367398892934
TXNDC9	0.20851396059172983
TXNRD1	0.10142419325218666
TXNRD2	0.2758278584457377
TYMP	0.29576533125809273
TYW3	0.8957316546740801
U2AF1L4	0.0
U2AF2	0.0
UACA	0.0
UAP1	0.0
UBA1	0.38702407775225306
UBALD1	0.25983821297343324
UBALD2	1.1777995189083634
UBAP2	0.0
UBAP2L	0.07911887489275743
UBASH3B	1.2444804717338085
UBB	0.0
UBC	0.08220014185465795
UBE2B	0.38695007042864443
UBE2C	0.13916639053127158
UBE2D1	0.06297750283458588
UBE2D4	0.08220014185465795
UBE2E1	0.057917470455532395
UBE2E2	0.0
UBE2G1	0.5548408135117713
UBE2G2	0.0
UBE2H	0.0
UBE2J1	69.29494654790662
UBE2J2	0.0
UBE2Q2	1.3094662376596333
UBE2S	0.13935765424276123
UBE2T	0.03993880673826887
UBE2Z	0.2079443648900064
UBE3A	0.05248890278806887
UBE3C	0.0
UBL4A	0.09329525296462939
UBL7	0.0
UBN1	0.10863669999858011
UBP1	0.0
UBQLN1	0.0
UBR4	0.0
UBTD1	0.0
UBTF	0.5285112705529919
UBXN2A	44.04903857743674
UBXN4	1.4188223144166965
UCHL3	0.06765166891910035
UCHL5	0.22859147344296404
UCK2	0.0
UCP2	0.20533778810706188
UFM1	0.7538248393904353
UGP2	0.049882386575148804
UHMK1	0.5296790794631131
UHRF1	4.078662329682984
UMPS	0.12594263752360718
UNC119	0.11576949973885688
UNC119B	0.0
UNC50	0.0
UNC93B1	1.3123247190221097
UNG	0.02595480801037313
UNK	1.3665307889535054
UNKL	1.1062945556823134
UPF2	0.10199417470698872
UPF3A	0.7724017910833504
UPF3B	0.19614808511192325
UPK1B	0.0
UQCRC1	0.036998067471126474
UQCRC2	0.13764655918444282
URB1-AS1	0.049882386575148804
USO1	1.0484882803851643
USP1	0.0
USP10	0.19604001456947534
USP12	0.04615109156110684
USP14	0.5892809461951244
USP3	0.0
USP34	0.0982162058553675
USP39	0.0
USP7	0.0
USP8	0.19614808511192325
USP9X	0.021914088268662476
UTP11L	0.049882386575148804
UTP18	0.02623009594239049
VAMP2	0.02354984363489818
VAMP3	0.17922254067214938
VAMP8	4.262735006742017
VASP	0.0
VCL	0.17665271099753696
VDAC3	0.0
VEGFB	0.0
VEZT	1.083202922714588
VGF	0.813795157515219
VIM	13.64731248382742
VKORC1L1	0.0
VOPP1	3.5068854543261705
VPS25	0.0
VPS26A	1.4206889168094303
VPS28	0.0
VPS35	0.0
VPS4A	0.0
VPS53	0.15791436877110618
VPS9D1-AS1	0.01968859046857184
VSIG10	0.11617681401889109
VSTM1	0.0
VTA1	3.7483163099909254
WAC	0.017886757328116596
WAC-AS1	0.0
WAPL	0.0
WARS	0.21112627415189011
WASF2	4.346994764599649
WBP11	0.05397299083308933
WBP2	0.0
WBP4	0.3139542056889545
WBP5	0.9265158811355197
WBSCR16	0.2534629287566892
WBSCR27	0.0
WDR1	8.987710776800009
WDR13	0.029736806391023312
WDR18	0.21288432295624724
WDR33	0.09413557989051492
WDR4	0.1747316204726997
WDR45	0.2561334481649839
WDR46	0.036360854414544806
WDR5	0.0
WDR61	26.465491359313774
WDR73	0.005671589407381324
WDR74	0.0
WDR76	0.0
WDR77	0.10326312100864317
WDR82	1.4225147195862906
WDYHV1	0.07601915529091068
WHSC1	0.2384184208088762
WIPF2	0.1651050968305307
WIPI2	0.08853697111360431
WNT7B	1.083202922714588
WRB	0.025718135154544748
WSB2	0.9564471421598753
WTAP	0.07228687206531734
WTIP	0.09488858735343952
WWC1	0.05397299083308933
WWTR1	0.25100575701234756
XBP1	0.006972996753910246
XIAP	0.0
XPC	2.2681858690354977
XPOT	0.07487186715444302
XRCC2	0.0
XRCC5	0.09413557989051492
XRCC6	0.6939358859610132
XRN2	0.06271006898537572
XXyac-YM21GA2.4	0.0
XYLT2	0.0
YAF2	0.05114063975921037
YARS	0.8577770710010859
YBEY	0.0
YEATS4	0.5548408135117713
YIF1B	0.020497592619202386
YIPF4	0.009124204035320653
YIPF6	0.017886757328116596
YKT6	0.18856778821043346
YME1L1	0.5287660948826551
YPEL3	0.0
YPEL5	0.0
YRDC	0.2206052680991536
YTHDC1	0.0
YTHDF1	0.08129132459950832
YTHDF2	0.13273631520818907
YWHAE	0.01821843201993577
ZBED1	0.0
ZBED5	0.0
ZBED5-AS1	0.11985908304552331
ZBTB38	0.7399505309886711
ZBTB7A	0.30355773042730877
ZBTB8OS	89.66434214726205
ZC3H13	0.03853518225595115
ZC3H14	5.5679598291803725
ZC3H18	0.0
ZC3H4	0.0
ZC3H8	0.010993177432302437
ZC3HAV1	0.07090236471797721
ZCCHC10	0.0
ZCCHC11	0.0
ZCCHC17	0.10142419325218666
ZCCHC8	2.001243873905722
ZCCHC9	0.828641183570992
ZDHHC16	0.10523587239854375
ZDHHC24	0.7655431557140829
ZDHHC3	0.2634716089763413
ZDHHC4	2.785357557168288
ZDHHC6	0.01209089303238163
ZDHHC7	0.0
ZEB1	0.0
ZFAND1	2.6599611575811557
ZFAND2B	0.0
ZFAS1	9.574868530526082
ZFHX3	0.0
ZFP36L1	0.14822129574008833
ZFP36L2	0.04170888299268952
ZFPL1	0.0
ZFPM1	0.05100315550814315
ZFR	0.08129132459950832
ZFX	0.007189331651389567
ZFYVE21	0.29691888897566443
ZKSCAN1	0.0
ZMAT3	0.0
ZMAT5	4.071637734876135
ZMYND19	0.30836380760819393
ZNF106	0.07841561132026631
ZNF131	0.0
ZNF185	0.0
ZNF22	0.02404006452958691
ZNF280D	0.023477698867225786
ZNF281	0.43071009786169134
ZNF302	0.0
ZNF32	0.8784905151907085
ZNF326	3.4708467289595055
ZNF37A	0.0
ZNF444	0.03544389137064871
ZNF480	0.252426243342685
ZNF518A	0.0
ZNF524	0.4331319072524568
ZNF544	0.30129495930055944
ZNF576	0.206617123240135
ZNF579	0.0
ZNF581	0.035428698157657756
ZNF622	0.38308851289557877
ZNF638	0.0
ZNF652	0.0
ZNF655	1.6611007877563948
ZNF664	0.2534629287566892
ZNF768	0.005119285390707923
ZNF770	0.03779584143858796
ZNF771	0.0
ZNRD1	0.5025701047941822
ZNRF1	0.8464591267087307
ZP3	0.0
ZPR1	0.0
ZRANB2	0.07894972962125935
ZWILCH	0.7284567696576612
ZWINT	0.20936463958536716
ZYX	2.8207904922014007