A1BG	0.2054085063898177
AAK1	0.0569667725868475
AAMP	0.4427824876690484
AARS	0.3135429007700793
AATF	0.2665256711497196
ABCC1	0.1856634028212481
ABCC2	0.0416531065258235
ABCD4	0.0880185768498853
ABCE1	0.1258554074366508
ABCF1	0.0473002890611044
ABCG2	0.1393436871392566
AC006262.5	0.6065036354658923
AC009133.12	0.1194601449186389
AC093673.5	0.0019795715956694
ACAT1	0.1095149368025952
ACAT2	0.2630037121843986
ACTA2	0.257097061369288
ACTB	0.0434169704618775
ACTG1	0.0033147826700279
ADAM17	0.0342089417439522
ADAM9	0.1943575771145003
ADAR	0.1388669932033362
ADGRG1	0.061488485751378
ADH5	0.0934642441715932
ADIPOR2	0.1692729244390652
ADM	0.1493483693696683
ADNP	0.0508827924071129
ADSL	0.0638921908764464
AEN	0.2245456088914317
AFMID	0.3920239687020552
AGAP2-AS1	0.1693257058493638
AGR2	0.1326273067412096
AGTRAP	0.0177903792761941
AHI1	0.3221258291448852
AHNAK2	0.0043959791124755
AIFM1	0.0981228068325559
AIFM2	0.1610203311003801
AIMP1	0.0571790287512826
AIMP2	0.140983349615889
AIP	0.222737429418849
AJUBA	0.0198944481253706
AKAP12	0.2182677421821692
AKAP17A	0.0282721894768187
AKAP9	0.0873153739005894
AKIRIN1	0.2160454496028705
AKR1B1	0.0635667422809736
AKR1B10	0.1621516540169376
AKR1C1	0.06073926051132
AKR1C2	0.0983288881991823
AKR1C3	0.0507627664801805
AKR7A2	0.179020960466449
ALCAM	0.3648238080794507
ALDH1A1	0.1218487746551846
ALDH2	0.2618386237018937
ALDH3A1	0.0933376043242161
ALDOA	0.1683864200639951
ALX1	0.0805509798268889
ALYREF	0.0986213415776394
AMIGO2	0.4209380645918174
ANG	0.0329560323714116
ANGPTL4	0.0436342225889516
ANKIB1	0.0028896523295988
ANKLE2	0.0862211791649205
ANKRD1	0.2516063903367925
ANKRD28	0.1070624123187021
ANKRD29	0.0428216291620656
ANKRD30A	0.0164849341977522
ANKRD37	0.0016588062615617
ANKRD40	0.2124754224325324
ANLN	0.2263502331614237
ANP32E	0.1878290449157383
ANTXR1	0.2292782840794755
ANXA1	0.1164234837274028
ANXA2	0.4504873661772434
ANXA3	0.1323815111380271
ANXA4	0.3566982572267679
ANXA7	0.1369236740916311
ANXA8L1	0.0457052798012171
AP1G1	0.0872286819575415
AP1M2	0.0720954271388182
APITD1	0.2249676834274059
APLP2	0.034895973590976
APMAP	0.2285071334752688
APOBEC3C	0.045528073202944
APOC1	0.1460135060173313
APOE	0.0129168314228513
APP	0.1509817010623128
APPL1	0.09599312576253
AQP3	0.0675475181728991
AR	0.0044746599624161
AREG	0.0514576850515762
ARF4	0.05052167832001
ARHGAP11A	0.0968809181491356
ARHGAP11B	0.2070190217132688
ARHGAP18	0.5051656560650444
ARHGAP29	0.2414263546032318
ARHGAP35	0.1181125463189961
ARHGAP5	0.179772025973906
ARID4B	0.0330961048344375
ARL1	0.0549288725492245
ARL4C	0.6116261621511412
ARL4D	0.0778146531341876
ARL6IP1	0.0138533757449356
ARL6IP5	0.0745820740060515
ARPC3	0.2267139137054721
ARRDC1-AS1	0.1601217198874805
ARRDC3	0.0366481615249611
ASCC3	0.1424506208940457
ASGR1	0.0427211808974172
ASNS	0.1693035420254947
ASPHD1	0.1155166280279751
ASPM	0.0089015677514633
ATAD2	0.0908011818783745
ATAD5	0.204168563047599
ATE1	0.0891645922421315
ATF3	0.0562725292717605
ATF4	0.1926559689257778
ATF5	0.1415156592598235
ATIC	0.1290449195442102
ATOH8	0.0592936906102601
ATP1B1	0.2371977881411095
ATP1B3	0.3549037898389583
ATP2A1-AS1	0.1117206881253116
ATP2A2	0.1622340695619948
ATP5A1	0.0993758826393662
ATP5B	0.1554617925019569
ATP6AP2	0.2157964438452362
ATP6V1D	0.0215954862612077
ATP6V1E1	0.1613361749926514
ATP6V1E2	0.0034066883673165
ATXN10	0.1526419818119364
ATXN2	0.0595390739649993
AURKA	0.1117500631502579
AURKB	0.1409516474722403
AVPI1	0.1207242635346697
AXL	0.1586746260216316
B2M	0.0705446650143438
B3GALNT2	0.0525928237533585
B4GALT1	0.2664669356978892
B4GALT5	0.0159704928186328
B9D2	0.3587168412101604
BAG2	0.0951024155476495
BAMBI	0.2803164136360425
BATF3	0.2393793862612014
BAZ1A	0.0884388959995451
BBC3	0.1378212354347477
BCAM	0.1260652918580893
BCAS1	0.1378804679557842
BCAS4	0.0844793034224365
BCAT1	0.199835867047836
BCCIP	0.285531795863978
BCL2L1	0.2545644261006252
BCL3	0.2316213690718602
BCYRN1	0.0909459229795677
BDKRB2	0.0808665473487717
BDNF	0.0964968179365377
BEX2	0.0673848725148812
BHLHE40	0.7250110307570251
BICC1	0.138476760567292
BIRC3	0.0411173921534767
BIRC5	0.0141454104099498
BLOC1S4	0.0726733200929133
BLVRA	0.0494573153901453
BLVRB	0.0070085782439897
BMP4	0.1903546733699004
BOLA1	0.0343007184064534
BOP1	0.2129756755418615
BRCA1	0.0693429255229411
BRD2	0.0007835249221324
BRD3	0.2153774792847983
BRIX1	0.2536532912324323
BROX	0.043719399743255
BTBD11	0.3756417813048401
BTF3L4	0.1038825550442911
BTG1	0.0915811071702657
BTG2	0.0742506569440293
BUB1	0.0372348744499713
BUB3	0.3050561205930864
BZW2	0.0387090036474213
C10orf54	0.0444955805091705
C11orf86	0.1665361760370771
C12orf49	0.1602547087108622
C12orf65	0.1852744100464168
C12orf75	0.3451681271411869
C15orf48	0.04074622513781
C16orf74	0.1569946097886926
C16orf91	0.0772361708267573
C19orf48	0.2822796650868507
C19orf81	0.1523353542123268
C1D	0.1645555934908349
C1QL1	0.0294141145294282
C1QTNF6	0.0062151991145365
C1S	0.1983864767566679
C1orf131	0.0129687274490105
C1orf174	0.0849382658632268
C1orf21	0.2615195675332448
C1orf35	0.1970647766720862
C1orf56	0.0287572785640142
C1orf61	0.0393138976254147
C21orf58	0.0337413177599457
C2orf82	0.4332267476167519
C6orf1	0.0684003898893308
C6orf141	0.2168866461454156
C6orf62	0.1281152369377687
C8orf4	0.1513199758741357
CA12	0.5485381299869694
CACNG6	0.1262914514702137
CACNG8	0.1504564550349711
CACUL1	0.0041264988025681
CACYBP	0.0074439627393266
CADM2	0.0479760798561766
CALB2	0.0320546453392449
CALM2	0.1599206545247076
CAMK2N1	0.0013780873324414
CAMLG	0.0061269530072533
CAND1	0.1750336319667213
CAPG	0.1820244577967874
CAPN12	0.1120636855582093
CAPZA1	0.4292977738777991
CASC10	0.0741268505963527
CASC15	0.1288259166936632
CASC8	0.2096456124948526
CAST	0.1409191965404689
CAV1	0.2068252234460474
CBR3	0.0997805593820721
CBX6	0.3019316526520824
CCAR1	0.1710696394506593
CCDC106	0.0205158034846053
CCDC12	0.0139926342979674
CCDC47	0.2056786492177851
CCDC57	0.1037692544508718
CCDC80	0.4544780177161988
CCDC86	0.2757565458320519
CCL2	0.1151455189340427
CCL26	0.1586930185803897
CCNA2	0.1198233213271711
CCNB1	0.1277503516595174
CCNB2	0.1816978500054049
CCND1	0.110789750038489
CCND3	0.0053039359337004
CCNE1	0.0576789744798566
CCNF	0.1429566889123027
CCNYL1	0.2519368535599403
CCPG1	0.2476322367660592
CCT2	0.0134768291153039
CCT3	0.2536673890604177
CCT4	0.4444373708897345
CCT5	0.1838454438623316
CCT6A	0.2651950593609482
CCT7	0.1629289632405148
CCT8	0.4492419460106255
CD24	0.1500892557522068
CD3EAP	0.1976680463062883
CD44	0.0051934977011619
CD46	0.031237088095049
CD55	0.0415506923301147
CD63	0.095863868704672
CD70	0.2380285569697828
CD81	0.0506578012793791
CD9	0.0968104891599265
CDA	0.0200092934441421
CDC123	0.1625232966887186
CDC20	0.1818730449903912
CDC27	0.0057660802877702
CDC42	0.1334753135412106
CDC42BPA	0.2114559250449201
CDC42BPB	0.1967044416748367
CDC42EP1	0.0454843743730417
CDC42EP3	0.0538893956550935
CDC42SE1	0.2710338014578907
CDC6	0.1927757969248692
CDCA2	0.3709250827999188
CDCA3	0.381954771615273
CDCA4	0.3606640418803072
CDCA5	0.178788603085583
CDCA7L	0.0627727553597401
CDCA8	0.0295503479839405
CDK1	0.1138596683178099
CDK5RAP2	0.1887573082568139
CDK6	0.2815237122247719
CDK7	0.0025868272285325
CDKN1A	0.2812596190273194
CDKN2C	0.0878578849072362
CDKN3	0.4067951343928945
CDT1	0.2642719927997503
CEACAM6	0.0135043327941274
CEBPB	0.1308984989323171
CEBPD	0.0924606984020596
CELF1	0.080034300259741
CENPA	0.1167757696862604
CENPB	0.1902723218993322
CENPE	0.1116637825654865
CENPF	0.1306516917668097
CENPU	0.2590105945279192
CEP290	0.0372063419395757
CEP350	0.0102439770825984
CEP55	0.4140347529307796
CES1	0.0151184115064654
CFAP20	0.0701420107476506
CFAP97	0.2109770970927517
CFLAR	0.1965771478072294
CH17-360D5.2	0.1579410531379709
CHAF1A	0.4246579235973318
CHD1	0.3789495527696225
CHD4	0.130594501864709
CHD9	0.087134113128787
CHEK1	0.0429356843504758
CHML	0.2108236238554977
CHMP1B	0.0359887100482538
CHP1	0.2839613181521003
CIAO1	0.1724072891657928
CIAPIN1	0.1208478736329506
CIB2	0.1020397528379416
CITED4	0.1264313607654372
CKAP2	0.1036772597472488
CKAP2L	0.0482804840758265
CKAP5	0.3306606863341003
CKB	0.0480026308769922
CKS2	0.0368434040099523
CLDN2	0.2501051451797176
CLDND2	0.3145146928256048
CLEC11A	0.2431615988715355
CLIC1	0.1783325887427101
CLIC3	0.02692421509045
CLINT1	0.0311293083993666
CLPTM1	0.0218580508656223
CLSPN	0.2563803035328718
CLU	0.1753573452304292
CMB9-22P13.1	0.1481461765469685
CMTM3	0.1299923697672783
CMTM6	0.246988673949227
CMTM7	0.1888907591051121
CNN2	0.0532469456171952
CNN3	0.2842199237983998
CNP	0.1653101407114038
CNTN1	0.0793735077093226
CNTNAP3B	0.2127692994754136
COIL	0.2101713111375919
COL18A1	0.1082057964145864
COL4A2	0.0076340538455548
COL5A1	0.1515564772697468
COL5A2	0.7092134350949438
COMMD3	0.0127462315985623
COMTD1	0.1043631044177891
COPS5	0.3194005880855892
COPS6	0.4738830538191961
CORO1C	0.0735446904574191
CPLX2	0.1706968003563532
CPS1	0.3713804143961048
CPT1C	0.0475574798622168
CRABP2	0.0424326618736506
CRACR2B	0.1194439398327998
CREBRF	0.03548274982416
CRELD2	0.0426904880941881
CRIM1	0.069537215027619
CRIP2	0.6161582369712186
CRTC3	0.0162110845683598
CSAG1	0.0680539832630997
CSE1L	0.0758998216963675
CSF1	0.2688501994773394
CSGALNACT1	0.0726283551721098
CSTA	0.0351531158623007
CTA-29F11.1	0.0176925015914953
CTA-392C11.1	0.2526425411685001
CTC-459F4.3	0.0749582939500012
CTC-524C5.2	0.3348949386694868
CTC-573N18.1	0.0529486763453177
CTCF	0.1513658965729997
CTD-2314B22.1	0.2868493020383259
CTD-2600O9.1	0.0032951109612644
CTD-3184A7.4	0.1195537595332235
CTD-3252C9.4	0.0720611794797608
CTDSPL	0.2326457950069961
CTGF	0.0877064571601726
CTNNAL1	0.3252971813174893
CTNNB1	0.1409741352511334
CTPS1	0.0972367315466913
CTSB	0.4313865419063284
CTSC	0.2423125592141761
CTSL	0.1109167079748074
CTSV	0.0761006419192395
CTTN	0.0499397524947314
CTXN1	0.0166456703912819
CUL3	0.3243723211641265
CUTC	0.0182268957445035
CUX1	0.0106619828990787
CXCL1	0.0233122862273134
CXCL2	0.1123659091152553
CXCL3	0.081206066307442
CXCL5	0.0039001698990054
CXCL8	0.104643598312554
CXXC5	0.1624854238391302
CYB5B	0.2295902798626782
CYB5D2	0.0688735662529594
CYBA	0.2015211241273506
CYHR1	0.1094196534651703
CYP1B1	0.2129823304505056
CYP24A1	0.1434974397482443
CYP26B1	0.2196696598920799
CYP4F3	0.0381306188934847
CYR61	0.1484019553481344
DAB2	0.226110658080103
DAG1	0.2387748253435004
DAP	0.0629601711785478
DAPK1	0.4472066360810581
DARS	0.0674714633094817
DBF4	0.0859039100904422
DBNDD1	0.0324521020766122
DBP	0.0272320564678269
DCAF13	0.233077310043529
DCAF7	0.0060983614280463
DCBLD2	0.1853987304194594
DCDC2	0.2069803290595283
DCTN2	0.0360970128089691
DCTN6	0.3305416711697749
DDB2	0.0011817217654508
DDIT3	0.0301044654005913
DDIT4	0.0302276458683369
DDOST	0.0886905254400231
DDRGK1	0.2189115881371768
DDX10	0.0218703717862973
DDX18	0.1601525618570052
DDX23	0.2335436212719329
DDX27	0.0245690642952727
DDX39A	0.004042689852305
DDX42	0.073522452413198
DDX54	0.0076285103754475
DDX56	0.084752497919454
DEDD2	0.1565897082024061
DENND5B	0.0124653752914056
DEPDC1	0.0130093012173618
DERA	0.1074536626769764
DERL2	0.230475876764341
DESI2	0.2764361375270092
DFFA	0.1283594950406856
DGKD	0.1563110299438521
DGKE	0.2693821055731513
DGUOK-AS1	0.0226581417852724
DHCR24	0.1909145794696134
DHRS2	0.0229355886153575
DHRS3	0.0564276101242341
DHRS4	0.2244345034825711
DHRS4L2	0.1028711814824645
DHRS7	0.0897964860634887
DHX9	0.0850189352197994
DIO2	0.4863357011838848
DIO3OS	0.0975096368286302
DKK1	0.2875727608001405
DLC1	0.0377025292601876
DLD	0.1000063444132109
DLGAP1-AS1	0.3295688750701704
DLGAP5	0.1067088123222893
DMKN	0.0789886018150009
DNAJA1	0.1568222967639906
DNAJA2	0.0035345761845527
DNAJB1	0.2714531769599473
DNAJB11	0.0224567343237093
DNAJC1	0.0593401266936236
DNAJC10	0.1555262471350441
DNAJC12	0.2468788886729865
DNAJC21	0.1313201313553412
DNAJC22	0.099528589646683
DNAJC3	0.3103841594879776
DNAJC4	0.1504018676213634
DNTTIP2	0.1797199008143581
DOCK5	0.1494126198293224
DOK4	0.0673761285546964
DOPEY2	0.0631649817965478
DPM1	0.1259300238155003
DPYSL3	0.1006192287027963
DSG2	0.2905149371702098
DSP	0.2096381470159015
DST	0.473653195625371
DTL	0.1767705328065322
DUSP1	0.243643472808533
DUSP14	0.5176487463055075
DUSP4	0.0869022109274764
DUSP5	0.2407579420278355
DYNC1H1	0.1151876909456887
DYNC1I2	0.211132649413695
DYNLL1	0.2764048075750611
DYNLT3	0.0662852676411232
DYRK1B	0.2239611110209531
E2F1	0.0580445985140091
EAPP	0.0092136694003513
EBAG9	0.0166491775578329
ECH1	0.0092650370914276
ECI2	0.103399235831588
ECT2	0.152325352831956
EDN1	0.0562266658474291
EEF1A1	0.0616343452084402
EEF2	0.010636697331436
EFEMP1	0.2033627744258656
EFHD2	0.2541475656255465
EFNA1	0.0686249940984449
EFNA5	0.0570900396906482
EGFR	0.2440334675750113
EGLN1	0.4199113290648875
EHBP1	0.0661928398098725
EHD2	0.0131155916165779
EID2B	0.1053215435039982
EIF1	0.1161743253682034
EIF1AY	0.4159146740140099
EIF1B	0.2003843828437702
EIF2AK2	0.0500939677994179
EIF2S1	0.0628113146686222
EIF2S3	0.1962925318121915
EIF3D	0.0101269741979637
EIF3E	0.1506707317506848
EIF3I	0.2149032743587457
EIF4A1	0.3638648737063383
EIF4A2	0.2866465136082206
EIF4A3	0.060446312792035
EIF4E	0.0037428209088685
EIF4EBP1	0.0745488563892277
EIF4G2	0.0584440105637404
EIF5	0.0218308357160108
EIF5A	0.57218027988941
EIF5AL1	0.0919505978763519
ELAVL1	0.4854906952659569
ELF3	0.2045219527058028
EMB	0.0662705798328424
EMC3	0.289632229959577
EMC7	0.1002934019776245
EMP2	0.2096256671134542
ENDOG	0.231337163285251
ENO1	0.1258686731431617
EPAS1	0.0881482448108851
EPHX1	0.2614538545465172
EPN2	0.1307561670942064
EPRS	0.1812158076791127
EPS8	0.0850393570092292
ERAL1	0.0796721591855251
EREG	0.2294986039282163
ERGIC2	0.0941849398462425
ERN1	0.0408687696397594
ERRFI1	0.0301335016306553
ERV3-1	0.0879787825320319
ESAM	0.0099440065192525
ESCO2	0.2707926798979105
ESD	0.0046101541978859
ESF1	0.060843796885512
ETFB	0.2672986748785453
ETS2	0.0229690325495085
ETV4	0.2458024650913104
EVA1A	0.0177631483944485
EVA1B	0.0211774393936782
EVA1C	0.159652584213718
EWSR1	0.1645596609239831
EXOSC1	0.0459018293915867
EXOSC3	0.1855239336121325
EXOSC6	0.1786918795743041
EXOSC7	0.0476365308091925
EXOSC8	0.1205387906987525
F12	0.093624526337157
F2RL1	0.1753658146932483
FAAP24	0.2187543651734322
FABP5	0.0201143746797738
FABP6	0.0059715119967888
FADS2	0.0646347481213155
FAM102A	0.4262083669146395
FAM107B	0.0405790953242244
FAM111B	0.0739620217266
FAM120A	0.1274273066965317
FAM133A	0.2213244488058655
FAM162A	0.1930418599090374
FAM215B	0.0748145115080597
FAM227A	0.0566247248070009
FAM46A	0.1014575833384269
FAM50A	0.2040414479786254
FAM60A	0.1253833026139948
FAM64A	0.0564500833272428
FAM83D	0.0790280100305131
FAM89A	0.1136160232174799
FAM89B	0.0338994882438488
FANCD2	0.0928269754255335
FAT1	0.0051590307397219
FBN2	0.3453245420089388
FBXO32	0.0394528025921031
FCGRT	0.5121567008189347
FDFT1	0.1321540522104951
FDPS	0.1512590595439057
FDXR	0.131223324636795
FEN1	0.0990429116962563
FES	0.0536199453295186
FGA	0.003089738628705
FGB	0.3017146961239317
FGD6	0.1583718127549807
FGFR1	0.1750197901387239
FGFR1OP2	0.1381147953609612
FGFR4	0.1119552280506712
FGG	0.2079480701883964
FGL1	0.1381439034795092
FH	0.1666596015158165
FHL1	0.3045882490221376
FHL2	0.0797384435756737
FILIP1	0.259860937216502
FJX1	0.0321685109810981
FKBP9	0.1163527059200577
FLJ20021	0.1791218625703859
FLNA	0.1079384979106036
FLRT3	0.046555299877097
FMNL1	0.1927594352775595
FN1	0.2015543021360857
FOPNL	0.1575357358105708
FOS	0.0179728925653042
FOSL1	0.0284976451441303
FOSL2	0.0859932563713391
FOXA2	0.3200544151100649
FSCN1	0.245235971076781
FST	0.1227008168629214
FSTL3	0.1230003511662695
FTSJ2	0.1006243028885239
FUBP1	0.0456374863087105
FYB	0.4504009371274436
G0S2	0.0299669100540837
G2E3	0.0033894680009733
G3BP2	0.2335495018336496
GABPB1	0.0696422668072477
GABRA5	0.0171746048332371
GABRB3	0.1078999945407025
GABRE	0.1059815265749756
GACAT2	1.0340521406271517
GADD45A	0.1040645764885389
GADD45B	0.090373383245561
GAL	0.247142519740453
GAL3ST1	0.0099655811163154
GALK1	0.0558667840869264
GALNT1	0.489393997370263
GALNT10	0.3517804137526588
GAPDH	0.0576767082148924
GAPLINC	0.1724525948276093
GAR1	0.1843103371408107
GAS2L1	0.2299913173179608
GBAS	0.0185004135988481
GCC2	0.1787400143743107
GCHFR	0.1040580746391076
GCLC	0.1055284709784473
GCNT3	0.3907020421739198
GDF15	0.3786696387525507
GFRA1	0.192044683744444
GGH	0.1261539226979828
GGNBP2	0.0136469437181199
GIGYF1	0.0509042818430625
GINS2	0.16048140110735
GINS4	0.0046696887033892
GIP	0.5054562304040949
GJA1	0.2215052650986947
GKN1	0.0158511700582976
GLE1	0.3973191911476127
GLIPR1	0.1435668386440194
GLIS3	0.0796763645770938
GLOD4	0.282884530415798
GLRX	0.009282957769082
GLRX3	0.0877522267517254
GLS	0.2515685148733651
GLTP	0.0052080790247175
GMNN	0.1455221407717275
GMPS	0.0459391030201578
GNB2L1	0.0204170481971065
GNL3	0.2835791411183728
GNPDA1	0.1612038178813637
GNPNAT1	0.0742246700194162
GOLGB1	0.1550350648669323
GOLIM4	0.0919751767063676
GOT1	0.0238617674252847
GPC1	0.2382777821835437
GPCPD1	0.1243312539050514
GPN3	0.2778003880388521
GPRC5A	0.510209654267016
GPRIN2	0.0053933664806195
GPRIN3	0.0554267689978817
GPX1	0.3257941233277258
GPX2	0.3053021680118673
GPX3	0.1643375602114991
GRAMD1B	0.0463179217563245
GREM1	0.0383179180611461
GRK6	0.0706345036173762
GRN	0.0584075548161462
GRPEL1	0.0901688410226735
GRSF1	0.2527958281006824
GRWD1	0.1094284603883603
GS1-124K5.4	0.1412076701397193
GSTO1	0.1043716005250138
GTF2F1	0.1965337632127875
GTPBP4	0.0529126211549601
GTSE1	0.0547575953484799
GULP1	0.1354014531816798
H1F0	0.3834204084642192
H1FX	0.2488195770989595
H2AFX	0.1069629312991364
HACD1	0.2244666404828752
HACD3	0.0976817972929
HADHB	0.199403828719663
HAPLN3	0.000242307232705
HAS2	0.0943435853171754
HAT1	0.0629312490910682
HAUS2	0.0432730451311707
HCCS	0.0885311860153463
HDAC1	0.2116503851810647
HDAC2	0.397092064781009
HEBP1	0.1048824254525392
HERC2	0.0835791575256672
HERC4	0.0446137306850991
HERPUD1	0.0347977024087018
HES1	0.1796414929225086
HES4	0.3568698093067949
HES6	0.1021932448612087
HES7	0.1067981722946157
HEXB	0.0357589279614091
HEXIM1	0.0812420932858264
HGD	0.2661414863716981
HHEX	0.1090947691658791
HHIP-AS1	0.0682726602840812
HIF1A	0.0327966952665872
HILPDA	0.0932755490958483
HIP1	0.056802221659285
HIPK2	0.320537790169195
HIST1H1B	0.1177275985323564
HIST1H1C	0.1401703378199936
HIST1H1D	0.3968902714669953
HIST1H1E	0.6661387089620435
HIST1H2AC	0.157438920153924
HIST1H2AH	0.0180205805665182
HIST1H2BD	0.1577705322136607
HIST1H2BJ	0.2222192354260136
HIST1H4C	0.2588834364887311
HIST2H2AC	0.5552999265473929
HIST2H2BE	0.0097118472545683
HIST3H2A	0.1990720375777813
HJURP	0.0853111436008102
HLA-A	0.151292149827256
HLA-DMB	0.1814240332243073
HM13	0.0833440352420799
HMG20B	0.1999773476722865
HMGA2	0.1104138298279097
HMGB2	0.0402669477180607
HMGB3	0.3496285716596844
HMGCS1	0.3772956330461333
HMMR	0.0622084593075734
HMOX1	0.0153056335952269
HNF4A	0.1400624312642158
HNRNPAB	0.0767921511213726
HNRNPDL	0.0950951077105314
HNRNPH1	0.1537953943792074
HNRNPM	0.1446381409444394
HNRNPR	0.0622549743668237
HOMER3	0.0345504230555285
HOTAIRM1	0.1491175370169804
HOXA-AS2	0.1259848575531571
HOXA3	0.0752527880478018
HOXA5	0.0091043506804754
HOXB2	0.0260593226837923
HOXB8	0.1206575036149891
HP1BP3	0.1482208416347452
HPGD	0.4294080361472328
HPRT1	0.0798718518720457
HPS1	0.011503434101248
HSD17B11	0.0237722455556345
HSP90AA1	0.1612702727104831
HSP90AB1	0.1600792844430274
HSP90B1	0.0774751223124573
HSPA14	0.0465396535498687
HSPA1A	0.3986055995384039
HSPA2	0.2474591283728944
HSPA4	0.0798417217885027
HSPA5	0.3771880181515652
HSPA8	0.0329492179196959
HSPA9	0.0828711474604921
HSPB8	0.074015443099862
HSPD1	0.2072189198120938
HTATSF1	0.034253416829783
HTRA3	0.0156552354681522
ICE1	0.0059220874440087
ID1	0.1743967384856608
ID2	0.3610420507314892
ID3	0.1323380173123766
ID4	0.026934750557292
IDH2	0.4240458073599081
IDH3B	0.0951760032366235
IDI1	0.0909768904126924
IDS	0.4192687088222203
IER2	0.2443367781525078
IER3	0.0970655665134656
IER5	0.1224890209698276
IER5L	0.0422262114740501
IFFO2	0.0385120615626306
IFITM2	0.2445745252601829
IFITM3	0.1022345644772506
IFNGR2	0.0382038326145194
IFRD1	0.0892846531754781
IFT27	0.105180977206915
IFT81	0.0624150224281243
IGF1R	0.2177930083811675
IGF2BP1	0.1966345915021058
IGFBP3	0.2966333645779531
IGFBP4	0.3321758614980014
IGFBP6	0.1320924449346515
IGFBP7	0.0606271174979945
IK	0.0247483629118183
IL11	0.119109215593683
IL15	0.1336898670406803
IL18	0.0442006984076355
IL32	0.0231401046787938
IL6ST	0.0500699543355334
ILF2	0.0156451511188775
ILF3-AS1	0.1306991376206993
ILK	0.1969445659945754
IMMP1L	0.0460471797786081
IMMT	0.5375121199251702
INA	0.1641241153387656
INAFM1	0.1371912246955758
ING2	0.0462335279529895
INHBB	0.1284152178120269
INO80C	0.0567491684205331
INSIG1	0.0848843778318262
INSL4	0.1650606155289322
INSR	0.2862192235801792
IP6K2	0.1241692197908976
IQGAP1	0.1510773732696027
IQGAP3	0.0577603094998392
IRF1	0.2361140313511287
IRF2BPL	0.1280013160320423
IRS1	0.1139523563404983
ISG15	0.111705820671004
ITGA3	0.1929365728336795
ITGAV	0.1534445533073171
ITGB3BP	0.0074059565272503
ITM2B	0.480766170706516
JADE1	0.0707523006002917
JAG1	0.0135620553503295
JMJD1C	0.0615583408434044
JMJD6	0.1500083425870326
JUN	0.3398084672453958
JUNB	0.041212329041726
JUND	0.1961147874349987
KANK1	0.0390558063127536
KARS	0.0628854515537933
KB-1732A1.1	0.263499567598271
KCNK6	0.027521516211698
KCNMA1	0.2775040903690556
KCNQ1OT1	0.1066022452111683
KIAA1191	0.0188902091952258
KIF11	0.1024566962593068
KIF14	0.0556365813688482
KIF18A	0.0312029172901007
KIF1C	0.2258341518672202
KIF20B	0.0694961903833295
KIF21A	0.000790986788033
KIF22	0.2073149149071208
KIF23	0.3948913845534091
KIF2A	0.0339675447818034
KIF3C	0.3937754622925556
KIF4A	0.2874685768304343
KIF5B	0.1755957698055351
KIF9	0.1144602935437532
KLF10	0.0111965809070885
KLF13	0.1100618304881044
KLF3	0.0515003625339802
KLF5	0.719768389806006
KLF6	0.341768019684208
KLHDC2	0.0036842416957934
KLHL23	0.225459457880505
KMT2E	0.3187573488343709
KMT5A	0.028089711752872
KNSTRN	0.0608324162782822
KPNA2	0.517380036534916
KPNA4	0.1516699298055195
KRAS	0.0600217140368695
KRCC1	0.1313880566558893
KRR1	0.0099292354144745
KRT18	0.0879116901023947
KRT19	0.0513782845141117
KRT4	0.0749116962329207
KRT7	0.1158588367769807
KRT8	0.2207220304714893
KRT80	0.176378001338524
KRT86	0.0923885916675502
KYNU	0.6481581493536951
LACTB	0.0873661684038316
LACTB2	0.4690534822166114
LAMA5	0.0587359946365716
LAPTM4A	0.2255158191781918
LAYN	0.0299759726802258
LBH	0.9377814570330912
LBR	0.1764966798991651
LDHA	0.0047818080207521
LDHB	0.0819553689779914
LDLRAD4	0.0537937128805695
LEO1	0.0344989755578801
LEPROT	0.2022236263244239
LEPROTL1	0.162958357485918
LETM1	0.1667824097232705
LGALS3	0.2770210017531425
LGALS3BP	0.1513363444281517
LGR4	0.0219952859529636
LIMA1	0.1128873702470925
LIMCH1	0.1652072658011126
LINC00152	0.037486591359712
LINC00467	0.0990805269676129
LINC00473	0.1821232184869983
LINC00511	0.1320620894446028
LINC00632	0.0763943537734802
LINC00657	0.1095684437685909
LINC00662	0.1835857714207756
LINC00665	0.0420164983024754
LINC00667	0.2090809814633091
LINC00685	0.2163092021571897
LINC00707	0.0234072601242384
LINC00936	0.0926579600251403
LINC00969	0.0793980545765881
LINC00973	0.0001297260523182
LINC01021	0.0469912477190676
LINC01089	0.2268471516263905
LINC01116	0.2826276944476164
LINC01137	0.0445076770696986
LINC01220	0.048876747259214
LINC01234	0.0735664025425063
LINC01297-1	0.0973095829708704
LINC01433	0.0620143926391316
LINC01447	0.0266611893021471
LINC01468	0.0433194407900462
LINC01481	0.075200622979045
LINC01588	0.3906967774496525
LIPE-AS1	0.535307421789318
LMAN1	0.1467819611974614
LMCD1	0.1468499005977902
LMNA	0.1862837743253646
LMO4	0.0128815212487475
LMO7	0.0089737086925188
LMTK3	0.060270332406802
LOXL2	0.1146287675932061
LPGAT1	0.0550800374117814
LPIN1	0.1141433178802859
LPP	0.0121802173586649
LRIF1	0.0507208928977076
LRP10	0.3737445818237137
LRPAP1	0.1393240783103216
LRPPRC	0.1169875627433176
LRRC16A	0.1523567439542569
LRRC26	0.0770074603189359
LRRC58	0.133681875962443
LRRC75A	0.1189046209422327
LRRC8B	0.0334045204379861
LSM6	0.0750020702148103
LSR	0.3085725504752371
LTA4H	0.0851648041803024
LURAP1L	0.1059658394651808
LUZP1	0.1190381811776317
LXN	0.0996781141169288
LYAR	0.1592003263553625
LYPD1	0.0223441444838311
MAD2L1	0.0241044830774711
MAFG-AS1	0.2047335257491753
MAFK	0.0824467852047442
MAGED2	0.1308390001760798
MAGOH	0.1499232986956968
MANF	0.4765708141332114
MAP1B	0.1087880679149161
MAP2K3	0.3214369654155828
MAP3K8	0.1127155403073182
MAP4	0.0432232243955962
MAP4K4	0.158561525055487
MARCKS	0.2131896732495171
MARCKSL1	0.1683387198919657
MARS	0.2243252203631988
MAVS	0.0107987319453648
MB	0.0493378027852765
MBD2	0.2696128065792332
MBD4	0.0007016763320878
MBNL1	0.104624672235456
MBOAT7	0.2405600415194196
MCM10	0.1365188592430918
MCM3	0.0914533041067728
MCM4	0.2166113772348444
MCM6	0.0251216623601199
MCM7	0.1431193183217378
MCU	0.0111730780262252
MDH1	0.0079035343676939
MDK	0.0562565071317937
MDM2	0.3131079398184299
MDM4	0.0413338310744311
MED13L	0.0259655825536351
MED31	0.1326542524248083
MED9	0.1777701626710661
MEG3	0.1603079480919177
MEGF9	0.1240570340867983
MEIS2	0.0057132314468869
MESP1	0.0962689534628661
MEST	0.2303953256498697
MET	0.0270586231570121
MFGE8	0.0318724506178896
MFHAS1	0.1060849218976594
MFSD3	0.1762898209840318
MGLL	0.3020362811020621
MGST1	0.1120137708548882
MGST2	0.3150343413814286
MID1	0.0743766032652997
MID1IP1	0.2050160201064981
MIDN	0.0034049937652781
MIF4GD	0.1162270890583242
MINCR	0.4829657028275312
MIR503HG	0.0001653586192393
MIS18BP1	0.2286564226094871
MISP	0.0959335407668422
MKI67	1.049777895322919
MLPH	0.149467887483896
MLXIP	0.2442079096340029
MMD	0.0729103534820104
MMP24	0.1297401384247923
MMP24-AS1	0.2814531509555832
MMP7	0.1445113870900976
MNAT1	0.7356852397913513
MORC4	0.3736187095210631
MORN2	0.0180239793155226
MPDU1	0.3817098224251904
MPHOSPH10	0.1626430011533469
MPHOSPH8	0.0857221468123689
MPRIP	0.2174904475296045
MROH8	0.0074288568843713
MRPL10	0.2960331708482855
MRPL13	0.3947051663030222
MRPL16	0.1738626181308118
MRPL35	0.0786909408324671
MRPL44	0.4246631450807757
MRPL45	0.0455648176714269
MRPL47	0.0328634055124625
MRPL49	0.0662571577213653
MRPS18A	0.0637863931770472
MRTO4	0.0982140813284335
MSANTD3	0.0016708581758036
MSC	0.3005445818543639
MSH6	0.085693883845074
MSI2	0.3254823908167299
MSMO1	0.0577233237438007
MT-ATP6	0.0728529961903216
MT-ND1	0.2103732315996877
MT-ND5	0.0181924651311536
MT-ND6	0.0017100203144415
MT1A	0.0389916153954112
MT1F	0.079573156650017
MT1X	0.487495281508853
MT2A	0.3768577257507446
MTA2	0.257708636885133
MTHFD2	0.0885476668686977
MTIF2	0.0321278937165702
MTUS1	0.0816286201131278
MTX1	0.6218268511738845
MTX2	0.0007968793778527
MUC12	0.374240516720266
MUC3A	0.1730029556275525
MUC5AC	0.2927040299239061
MVP	0.1913500681831944
MXD3	0.149468466864932
MXD4	0.7983231552583575
MYADM	0.0491249810120121
MYC	0.6332624037916628
MYEOV	0.2921653594013736
MYH9	0.0388472736968609
MYL12A	0.426206265833644
MYL12B	0.5578872724589342
MYL9	0.0027719431694426
MYO19	0.1907763328175738
MYO1B	0.1228647992687743
MYOF	0.0382060376131002
MZT1	0.2731085721067638
NAMPT	0.1697175855151913
NANS	0.1748991621832163
NASP	0.1543028547420299
NBR1	0.0635171111590764
NCAPD2	0.091371401504874
NCKAP1	0.0084851332941096
NCKAP5	0.1731591584539603
NCL	0.0296326186271093
NCOA3	0.2750221792861426
NCOA7	0.1404767588681229
NCOR2	0.1043693403230246
NDFIP1	0.4673094209240591
NDUFA10	0.0192595780545857
NDUFA9	0.1841412092115796
NDUFAF4	0.0979364697774238
NDUFS2	0.0850589068961766
NEAT1	0.667340259923231
NEDD4L	0.2866405336438911
NEDD9	0.0607743816846887
NEFL	0.1076394884929113
NEK2	0.0336474676082518
NET1	0.0625084264964326
NFAT5	0.0217667235936502
NFIB	0.0766959814105756
NFKBIA	0.3062744748814759
NIFK	0.2774137518012869
NIP7	0.1005973449612074
NIT2	0.8685750524381907
NLN	0.0255622389995541
NMB	0.1582284897618714
NNMT	0.0039063225834555
NOC2L	0.1595504060054987
NOC4L	0.0203436545500312
NOL3	0.0165009707014021
NOL4L	0.0927352456079079
NOL8	0.2111145009919703
NOLC1	0.0831782035064834
NOP58	0.1355608355587309
NOTCH3	0.1203037506804125
NOVA1	0.2055247510465171
NPC2	0.3943744654278623
NPLOC4	0.0742973555888406
NPM1	0.1209571184048043
NPTX1	0.0580530638007147
NQO1	0.0136955538723826
NR0B1	0.1443152168592114
NR2F2	0.0922449986518781
NR4A1	0.0897388055336577
NR4A2	0.0300319821026412
NRAV	0.0979608123813441
NRBP1	0.1028098026119525
NRCAM	0.0792278750498732
NRG1	0.1560227789285576
NRIP1	0.0669347093151351
NRP1	0.1275215629562544
NRP2	0.314829531555677
NSD1	0.0923284857854717
NSMCE1	0.0271337092491862
NT5DC2	0.0519731896248357
NTRK3	0.1329856897713832
NTS	0.0855557736119583
NUAK1	0.0752921844243689
NUAK2	0.1232839608975296
NUCB2	0.098277518610645
NUCKS1	0.1455519488640572
NUDC	0.2150845145704179
NUDT19	0.2840762153032701
NUDT4	0.3866817905013228
NUF2	0.2411616845545218
NUP155	0.1853859085183412
NUP37	0.0845902172679256
NUP62	0.1821265437354392
NUPR1	0.209206095402168
NUSAP1	0.2725475346294646
NXN	0.0940967819736891
OAS1	0.0494643636695099
ODC1	0.0482425328897538
OPN3	0.0115529237588465
ORAI2	0.2612261851583661
ORAI3	0.2679974264098225
ORC6	0.0310357242096624
OSBPL9	0.1022944424415251
OSER1	0.1097967174523661
OSGIN1	0.2932114473758984
PA2G4	0.2324169997291527
PABPC4	0.2852676686802905
PAFAH1B2	0.126809363275879
PALLD	0.2690786838100672
PAPPA	0.0701090337435082
PAPSS2	0.1999851625507417
PAQR4	0.0469079444209066
PAQR5	0.0853807234783472
PAQR7	0.0352653903831617
PARD3	0.0611431250465946
PARPBP	0.075888209097574
PART1	0.1047450676569086
PAXIP1-AS1	0.2028684061159487
PBDC1	0.1857529421003401
PBK	0.1183736593039878
PCDH9	0.0355769583416329
PCED1B	0.2528553436349112
PCMT1	0.295261176599297
PCNA	0.285556119494021
PCSK1N	0.3361405615365879
PCSK7	0.1431938309578782
PCYOX1	0.0453278551837933
PDCD7	0.0413568483725998
PDCL3	0.2087676871011498
PDE4D	0.0315505293571554
PDE8A	0.1822900843586444
PDHA1	0.1765901338930437
PDHB	0.137918758023691
PDIA3	0.0662588500699849
PDIA4	0.4061301780046715
PDIA6	0.1482891941387415
PDK4	0.0133656438882229
PDLIM5	0.0758450285822462
PDLIM7	0.0077358814724145
PDXK	0.3129637722801101
PDZD8	0.1450935683294857
PDZK1IP1	0.0641669192029609
PEG10	0.1105364731070312
PELP1	0.1139898557023327
PEPD	0.1486922643962234
PER2	0.0410932429884799
PET100	0.0483051783381389
PET117	0.041210571626874
PFKFB3	0.0897590626308567
PFKP	0.2166650933332992
PFN1	0.1604516190871414
PGF	0.1233183966913426
PGK1	0.095449257395625
PGM2L1	0.3227951240007959
PGRMC2	0.2851996517705151
PHACTR2	0.0586117140619675
PHAX	0.2001115944503152
PHF20L1	0.0086606536009278
PHF23	0.3087978968171769
PHF3	0.1537071370697516
PHGDH	0.1524382606978939
PHKG1	0.1560580825126412
PHLDA1	0.2750570751260313
PHLDA2	0.0120270605126022
PHLDA3	0.3545015195229123
PHLDB2	0.1556827006150608
PIF1	0.4254390198927026
PIGF	0.1864144639633755
PIH1D1	0.1229561195818587
PILRB	0.2658981934496457
PIR	0.2340699056908085
PITX1	0.1032942439962714
PKDCC	0.0022227799479918
PKM	0.1563883826842359
PLA2G16	0.0374555344816295
PLAU	0.0941551502193921
PLAUR	0.1429304011522025
PLCD3	0.054736174983581
PLCXD1	0.2280795387921389
PLEKHA3	0.1098296792819987
PLEKHB2	0.0412077297022147
PLEKHH2	0.2138586485392969
PLEKHJ1	0.223561273649411
PLIN2	0.2120854212652578
PLIN3	0.4105428849895216
PLK1	0.0118626957167063
PLK2	0.3774264073129197
PLOD2	0.1075385244257688
PLS3	0.2373970025802113
PMAIP1	0.1076546809829161
PMEPA1	0.1366091219500173
PMF1	0.0773539004733628
PMP22	0.3820013707191084
PNRC1	0.354266307845228
POLR2A	0.1641327432269345
POLR2C	0.0331841354133063
POLR2D	0.9240875033789276
POLR3GL	0.0790587496454592
PON3	0.0883127800024978
POPDC3	0.2465312497648697
POR	0.0761842409626166
PPA2	0.1532667301359722
PPARG	0.4012438510467928
PPFIBP1	0.2642134319923758
PPHLN1	0.0574227586870516
PPIB	0.0354090850681531
PPID	0.1590593759263721
PPIE	0.2120638605042565
PPIF	0.0158604288740628
PPIH	0.0948726821344352
PPM1B	0.1664921645176919
PPM1D	0.095045518184514
PPP1CB	0.3317740058709812
PPP1R12A	0.1556288543751258
PPP1R15A	0.0243007338159653
PPP1R35	0.3771524820851456
PPP1R7	0.1953124800976426
PPP2R2A	0.2521170324493914
PPP2R5E	0.3943998137163473
PPP3CA	0.2333844775766505
PPP4R2	0.0197706532719859
PPP6R1	0.1797550700761339
PRADC1	0.0091755014804969
PRAME	0.1738443389410027
PRC1	0.2780998773769638
PRDM1	0.0033449753448293
PRDX1	0.0168420143260775
PRDX4	0.3235936982857003
PREB	0.0148330029548802
PRKAR1A	0.1582046451358779
PRKCA	0.1002290690542986
PRKCDBP	0.4150686007088202
PRKRIR	0.2448891804681617
PRMT1	0.2134799197575251
PRMT5	0.1057993762714444
PRNP	0.0726933993324144
PRPF4B	0.1690119766915115
PRPF6	0.3697189523623169
PRPS1	0.0957431654614344
PRR11	0.2017371605895035
PRR15	0.2033659329964994
PRSS23	0.2051452215282171
PRSS3	0.3682431392760263
PSAP	0.3534090379120513
PSAT1	0.1549693491998622
PSMA3	0.0391286810076869
PSMA4	0.0127747334879877
PSMB1	0.1028890355274023
PSMB3	0.0961760720943826
PSMB6	0.0714511489218872
PSMB7	0.3125364971513265
PSMB9	0.4200920528670281
PSMC1	0.0385163212222786
PSMC2	0.0886231579756611
PSMC3	0.2617057798702088
PSMC3IP	0.331191296262422
PSMC4	0.0627809413221967
PSMC6	0.1153218169828513
PSMD11	0.2901671025026245
PSMD13	0.0699227349121513
PSMD2	0.0999207185136625
PSMD4	0.1931232633838583
PSMD6	0.0522560136834287
PSMD7	0.173542996611685
PSMD8	0.2134456664473834
PSME2	0.3147615821597578
PSMG1	0.0781817282469018
PTBP3	0.1923292451397739
PTGES	0.097215779417471
PTGR1	0.1174069089734919
PTGS2	0.0490714139765806
PTHLH	0.1666707396225769
PTMA	0.1975743096387206
PTP4A1	0.2561770356865691
PTPN12	0.0782613236220894
PTPRA	0.0396404248592109
PTPRF	0.1011558110940861
PTPRS	0.1566230079936561
PTRH2	0.1634373345981988
PTTG1	0.2868704024238279
PTTG1IP	0.1144761449155176
PUM3	0.0117962260795839
PVRL2	0.0043945778769136
PXDN	0.2564743548083975
PXN-AS1	0.2381868898931153
PYCARD	0.0027516496098027
PYGL	0.2294381561532558
R3HDM1	0.1855280157226226
R3HDM2	0.0763518365000333
RAB14	0.0486373477004767
RAB15	0.2399614044985437
RAB18	0.0180703147834838
RAB26	0.0164116483460553
RAB27B	0.1412715060723034
RAB30-AS1	0.1546876127811691
RAB31	0.1211564194554653
RAB3B	0.6175096481549326
RAB40B	0.3951423820859519
RAB8A	0.1856238871089197
RAC3	0.3988055557398088
RACGAP1	0.2482101260027373
RAD21	0.0673831010208283
RAD9A	0.0772720323953393
RAE1	0.2597550738877709
RAI14	0.1428139709612144
RAN	0.3304673098855925
RAP1GAP	0.07323669309289
RAP2B	0.3580740614768926
RARA-AS1	0.0250799511359755
RARRES1	0.0693802620673468
RARS	0.1287851330703043
RASSF10	0.134824772207848
RASSF3	0.0241013298888677
RASSF7	0.1929328320696066
RB1CC1	0.0816885038144143
RBBP6	0.0084068401873983
RBFOX3	0.3737548454346278
RBM14	0.2248628389155763
RBM42	0.0243400683892742
RBM47	0.1085595731384065
RBM7	0.225750838496397
RBMS1	0.019704610382997
RBP4	0.005317368050527
RBPMS	0.1053767480877719
RCCD1	0.2291475971456776
RDH10	0.0036550641050442
RDX	0.0873102256402589
RECQL	0.2268896797965296
REEP4	0.2543750873450967
REL	0.0489362700718164
RELB	0.2071925905236463
RFC1	0.0397530591631043
RGCC	0.045485013772491
RGS14	0.103363792076572
RGS2	0.055930732883193
RHOB	0.049840481701819
RHOBTB3	0.0638697083186307
RHOD	0.0226598811664194
RHOQ	0.171745534972852
RHOV	0.0727244053037261
RICTOR	0.1066974808799968
RIF1	0.0569401873325983
RILP	0.601270826089449
RIN2	0.0764710310759661
RMI2	0.1181638478725781
RNASEH2A	0.1701529638949592
RNASEH2B	0.2024495180623869
RND1	0.0875280950449674
RND3	0.0273735944040337
RNF19A	0.3210014664526081
RNF212	0.0032973225687148
RNF26	0.1957520891922929
RNF43	0.1384338443938862
RNF5	0.3108383754267346
RP11-1055B8.9	0.0735607421252741
RP11-111M22.3	0.1526644926890163
RP11-12G12.7	0.044251276182895
RP11-138A9.2	0.0108105958799575
RP11-160O5.1	0.2349533813877015
RP11-187E13.1	0.3132797551248629
RP11-1C1.6	0.00706635241673
RP11-254F7.4	0.0520607366364789
RP11-294J22.6	0.0719628607381153
RP11-295G20.2	0.3338830134580902
RP11-297J22.1	0.1183361800310881
RP11-338I21.1	0.0550187042276304
RP11-357H14.17	0.0039182749219874
RP11-38M8.1	0.230890672119369
RP11-390F4.6	0.0233839946580256
RP11-408N14.1	0.1515655273766206
RP11-467L13.7	0.0422018849912398
RP11-473M20.16	0.0242059672292106
RP11-490M8.1	0.1606505496061563
RP11-498P14.5	0.004349494495724
RP11-51J9.5	0.0088050219435984
RP11-538P18.2	0.1093591019915598
RP11-545E17.3	0.0080639539540165
RP11-54H7.4	0.3123030411658749
RP11-554I8.2	0.1320373264289554
RP11-563N4.1	0.0591343017242122
RP11-631N16.4	0.0350704453414761
RP11-660L16.2	0.1218807319976168
RP11-669N7.2	0.1500372887845494
RP11-670E13.6	0.0313562902756187
RP11-680F8.1	0.2554471979798461
RP11-758H9.2	0.0705713312252328
RP11-783K16.5	0.4446640019514121
RP11-800A18.4	0.0958448838474578
RP11-818F20.5	0.1955380208221613
RP11-838N2.3	0.0090219401791588
RP11-874J12.4	0.0382929912100851
RP13-1032I1.7	0.1024645934103255
RP13-516M14.4	0.0982225295051273
RP4-555D20.2	0.0958664642000977
RP5-908M14.9	0.0406148544187794
RP5-943J3.2	0.0215606740905694
RPIA	0.238614150532487
RPL22L1	0.061645186142493
RPL26	0.3688104507196138
RPL28	0.0607156276512358
RPL7A	0.4593729648592852
RPN2	0.0870554649049333
RPP30	0.2394863589860995
RPP38	0.1415244255361199
RPS27	0.2521115486708776
RPS27A	0.1813953201572969
RPS27L	0.0972463864734244
RPS4X	0.223817547413396
RPS4Y1	0.1173904201729587
RPS7	0.2189794343496237
RPUSD3	0.3436188223503198
RQCD1	0.1026032852457855
RRAGA	0.2815323839671631
RRM1	0.140639966058331
RRM2	0.1375563741798254
RRP15	0.0177799761045858
RRP1B	0.0761265532615245
RSF1	0.0471876650517886
RSPO3	0.0340370163199934
RTCB	0.1304138903872274
RTN2	0.0566631649178324
RTN4RL2	0.3927077402134817
RUVBL1	0.3112546403258207
S100A3	0.2101753261051418
S100A4	0.1631417315358008
S100A6	0.5015372726469111
S100P	0.2425406074050496
S1PR3	0.4595423090606205
SAMD11	0.1237140958971831
SAMD4B	0.1770486532369081
SAPCD2	0.0527706873372239
SAR1A	0.1426379940455105
SARS	0.0963109350030198
SAT1	0.1797797031257215
SCARB1	0.0513076790529834
SCD	0.3781278124540162
SCN1B	0.0112458661607969
SCO1	0.2465097611349808
SCO2	0.1136510620424777
SCOC	0.0773563472110264
SCP2	0.1059348859828514
SDC4	0.1218195920259195
SDCBP	0.0280966779360872
SDF2	0.2291946705728263
SDHA	0.3235290393410189
SDHD	0.1477274872337537
SDPR	0.146730794589948
SDSL	0.0129553830082352
SEC13	0.0101563507377805
SELK	0.0438229791756828
SENP6	0.0099960993401108
SEPT7	0.0211224453173395
SERINC2	0.0616507667588182
SERPINB1	0.0260227711751659
SERPINB9	0.053674038976062
SERPINE1	0.0536037450937525
SERPINE2	0.1180270568600502
SERPINH1	0.2962754303163169
SERTAD1	0.0419490845233783
SERTAD4-AS1	0.0460631331665302
SESN3	0.3325707231233727
SET	0.0793097984968174
SETD5	0.1899938760637064
SEZ6L2	0.0578939564562798
SF3B1	0.2603177071746549
SF3B4	0.0218108125350758
SFN	0.0374728743576382
SFPQ	0.1715256612696472
SFRP1	0.0413414793359156
SFXN1	0.0538928202792014
SGK1	0.0043237296793765
SGOL2	0.1801263941022871
SH2D4A	0.1846528539362057
SH3BGRL	0.0023412102872322
SH3BGRL3	0.2999574172626846
SH3BP4	0.0274659789650081
SH3KBP1	0.004340537641072
SHMT2	0.0772602168549319
SHTN1	0.0216943965667486
SIRT7	0.153912483523352
SKAP2	0.1533457005732206
SKIL	0.1793362217814701
SLBP	0.2907814249832685
SLC12A2	0.4480044543816582
SLC16A1-AS1	0.0378543639249207
SLC16A3	0.6187732510222538
SLC16A4	0.2912291459388395
SLC22A18AS	0.2261218405600573
SLC25A3	0.0488220641964725
SLC25A5	0.1728518782806373
SLC26A2	0.1760457725733004
SLC27A2	0.1924155668896647
SLC29A4	0.1374523178448888
SLC2A1	0.0366796204047429
SLC2A3	0.0392814962311798
SLC35F6	0.1826172709631284
SLC3A2	0.0767957256857401
SLC40A1	0.0505687630240602
SLC48A1	0.2242234955965084
SLC4A7	0.1008876637511552
SLC51B	0.0693258682302582
SLC7A11	0.2658056267517316
SLC7A5	0.0825338881047189
SLC7A7	0.0920717832433416
SLC9A3R1	0.1655031428400673
SLC9A3R2	0.5168200103029161
SLFN11	0.0251050859174823
SLPI	0.0663375513192248
SMAD2	0.0804830542366022
SMAGP	0.0517891204961083
SMARCA1	0.1224986853823521
SMARCA5	0.0033335991564298
SMARCB1	0.0302051916177927
SMARCD1	0.1074109507415359
SMC2	0.0273576140943332
SMC3	0.0960164208656386
SMC4	0.3436574885125064
SMC5	0.2177247719504503
SMC6	0.1808168821165346
SMCHD1	0.0448827223236919
SMIM14	0.3343890366872212
SMIM19	0.2861324600275978
SMIM4	0.1580011587986144
SMIM6	0.0681042828609944
SMKR1	0.0438072478720794
SMOX	0.0526097951161124
SNAP25	0.1985533208053777
SNAPC1	0.0786321532277391
SNCG	0.0357789362895713
SNHG10	0.1849251319227515
SNHG12	0.0259747506691517
SNHG19	0.0817845042748246
SNHG25	0.24586143494351
SNHG7	0.274647594157094
SNRNP200	0.0574453291302937
SNRNP40	0.1634015334315225
SNRPA1	0.3366231810835833
SNW1	0.317138053509905
SNX6	0.2734089072501975
SOCS3	0.051467431242028
SOCS6	0.1679621819538691
SOD2	0.1989842964886506
SOX2	0.3358793211987162
SOX21	0.1111067452276964
SOX4	0.2359173095305702
SOX9	0.3494958728275433
SPAG5	0.0794273206621361
SPANXB1	0.0908962720991877
SPATS2L	0.0405256099217452
SPC25	0.088990710754104
SPCS2	0.0124866820389933
SPDEF	0.1029488133489821
SPDL1	0.0790164573674444
SPECC1	0.4098404573595572
SPOCK1	0.0467864290350392
SPP1	0.260684919118731
SPSB2	0.2067468983400423
SPTSSA	0.1112457043896806
SPX	0.0725633918809413
SRC	0.0510864320850863
SRGAP1	0.2806396694291382
SRSF3	0.4045261064278231
SRSF4	0.0540880639577237
SRSF6	0.1116102929184622
SS18L2	0.1569818018294686
SSB	0.3296983572425813
SSBP1	0.0854314869307957
SSFA2	0.2344023266657461
SSR1	0.1871697774432287
ST3GAL5	0.0261268849306659
ST6GAL2	0.1038288261295327
STAG2	0.1965010308189656
STAM-AS1	0.1004360428962615
STARD10	0.2051481212857197
STAT1	0.0162216507736458
STAT3	0.1349642207742732
STC1	0.0816906721034444
STC2	0.1734472837685912
STEAP1	0.0147369441554265
STEAP2	0.2647356582901117
STK17A	0.3514542880961512
STMN1	0.0651757048537555
STOM	0.0434273490786733
STRN3	0.0060012407202535
SUGT1	0.2161210778638113
SULF2	0.0921396832116435
SULT2B1	0.1836548368553471
SUMF2	0.1408578382296367
SUSD2	0.0469714395033247
SVIL	0.0319810493996917
SWAP70	0.0497143578816696
SYCE1L	0.2022680925042078
SYNE1	0.0441402081671463
SYNJ2BP	0.2368809272691781
SYNM	0.168413992443005
SYNPO	0.0040677746862303
SYPL1	0.1226972143883975
SYT1	0.046375862332985
SYT13	0.0918519028838
TACC1	0.1213730067972532
TACC3	0.0881178788755773
TAF1A	0.1503175630416089
TAGLN	0.3597365872691785
TAGLN2	0.0546209495065245
TALDO1	0.2080639381495656
TAOK1	0.2894737647967787
TAOK3	0.0114853925876549
TBX2-AS1	0.2568677454827744
TBX3	0.0725836000951836
TBXAS1	0.1025415750259276
TCEAL8	0.0574853763604665
TCERG1	0.4472184509739197
TCF25	0.1646794203154555
TCOF1	0.040297018229934
TCTEX1D2	0.1731432140485539
TDP2	0.0508534479069174
TEAD1	0.1598047345887747
TEAD4	0.4721289122145843
TERF1	0.3846473667859967
TESC	0.2452940089050701
TFAP2A	0.0156171567451711
TFAP2C	0.0151603683130651
TFDP2	0.1544352376796417
TFF1	0.2435259563278579
TFPI	0.1183948588446846
TFPI2	0.2469384479962466
TFRC	0.2647948373185755
TGFBI	0.1515135791881066
TGFBR1	0.1096278966728134
TGFBR2	0.1679334009954205
TGM2	0.0426534073046673
THAP2	0.1147161907904886
THBD	0.1475599986432729
THBS1	0.1943482550522551
THOC2	0.2188620856777489
THOC6	0.0056321599152218
THRA	0.3739808193050179
THSD4	0.3287258336463114
THSD7A	0.0188359025856114
THUMPD3-AS1	0.0382218090326302
TIAL1	0.0516715832777687
TIGAR	0.1095602690677116
TIMM23	0.2467637262009873
TIMP2	0.2768364074891159
TKT	0.0666026456912404
TLCD2	0.2024148819853085
TLE1	0.1703609882788926
TLE3	0.075616923207174
TLE4	0.386030177430841
TLK1	0.2207386084653219
TM2D2	0.0060498965821611
TM4SF1	0.1195043724610441
TM4SF20	0.6747092303378793
TM4SF4	0.1188043176413601
TM7SF2	0.1709820777137557
TM7SF3	0.4707077715253545
TMA16	0.3183079337919958
TMBIM6	0.1912284855821096
TMED4	0.308390099493066
TMED9	0.151950970154805
TMEM106B	0.3997886260362499
TMEM107	0.0406269233771941
TMEM120B	0.0236063921414018
TMEM159	0.089177135531764
TMEM165	0.0306808022407698
TMEM189	1.043892406092262
TMEM2	0.2061177186382953
TMEM238	0.0013483382719691
TMEM243	0.140302561028648
TMEM245	0.4058855330644343
TMEM30A	0.2258927094654466
TMEM37	0.0512668137493452
TMEM59	0.039864568921067
TMEM70	0.1173843786429742
TMEM92	0.2208682310363035
TMEM98	0.0648904184934886
TMOD3	0.0904141124494658
TMPO	0.2109356197232529
TMX1	0.0457927184398336
TNFAIP2	0.5050917676155138
TNFRSF12A	0.1305772360248608
TNIP1	0.0086026112513218
TNRC6A	0.1898349386045807
TNRC6B	0.0345174363929551
TNS3	0.3270077449471266
TNS4	0.2363431628586083
TOB1	0.1587799331799281
TOP2A	0.3497308907374377
TOP2B	0.0536018281689817
TOPBP1	0.1428002511695789
TOR3A	0.0922243721087338
TP53	0.1128864044628276
TP53I11	0.1335321241739222
TP53I3	0.1282178765556513
TP53INP1	0.3403268851806377
TP53TG1	0.7578328345298079
TPD52L1	0.2158490843346534
TPD52L2	0.0457423527562993
TPM1	0.2968771383752211
TPM2	0.0872013123749954
TPM4	0.3313324801372044
TPPP3	0.0067635911019807
TPX2	0.0074452396243422
TRA2A	0.1206239400880598
TRAF3IP1	0.018410171739428
TRAM1	0.1772259748905885
TRAP1	0.0063558120730108
TRAPPC4	0.0286153890453436
TRAPPC6A	0.1484796071692212
TRIB3	0.0331253708409153
TRIM37	0.0701241537993286
TRIM44	0.2776204074457448
TRIM47	0.1380135912076054
TRIM56	0.1951676674683661
TRIM59	0.0764162523587077
TRIM7	0.5418998818194852
TRIML2	0.0586326834465739
TRIOBP	0.0189984828107238
TRIP12	0.0116659559622214
TRIP6	0.0590347734923266
TRMT10C	0.0315488234507927
TRMT6	0.0706039850807632
TRNP1	0.0248532475921592
TRUB2	0.1454530949041996
TSC22D1	0.0128668851092382
TSC22D4	0.140119905401776
TSFM	0.2568457100956032
TSG101	0.0619279052368738
TSKU	0.047739079740857
TSPAN13	0.0740653214806162
TSPAN14	0.2457118269882155
TSPAN15	0.1441348861323822
TSPYL1	0.2378016370013737
TSPYL2	0.1990332832938225
TSR1	0.2992759819552954
TTC39C	0.0531597109356292
TUBA1A	0.0077678081569583
TUBA1B	0.00011260724065
TUBA1C	0.0476602330267106
TUBA4A	0.0409221926554171
TUBB	0.1037882118244355
TUBB4B	0.0963823571198941
TUBB6	0.1594140166803555
TUSC1	0.0988833009151056
TWIST2	0.1288880282496622
TWISTNB	0.2467649321372774
TXN	0.3678967938496673
TXNDC12	0.1365091719985263
TXNDC9	0.2290788623086301
TXNRD2	0.1172116194534437
TYW3	0.26591682822427
UACA	0.1384744090079035
UBALD2	0.0327943399621856
UBB	0.1051559112957389
UBC	0.1805572334690803
UBE2C	0.567595523343318
UBE2H	0.3565120172076375
UBE2S	0.7467489793444866
UBE2T	0.2584963196032278
UBE2Z	0.1679250893618012
UBL4A	0.2770754123586899
UBN1	0.0692442007414714
UBR4	0.0364270942026057
UBTF	0.2777485301947393
UBXN2A	0.1438186851970492
UCHL1	0.0958427379606709
UCP2	0.2610611842369676
UNC50	0.0894513788032331
UNC93B1	0.0584581572406525
UNG	0.1840404456029275
UNK	0.2244808282199586
UNKL	0.0475676921763869
UPF2	0.0733381918021359
UPF3B	0.0686843334028554
UPK1B	0.2118819012872298
UPK3B	0.0771327524870446
URB1-AS1	0.0268769040629765
USP53	0.0436012173113994
USP8	0.0187258419992405
USP9X	0.0522104233976188
UTP11L	0.3368863200880851
UTP18	0.0245102488233081
VAMP8	0.1324526910985184
VCAN	0.0834326549563167
VCL	0.1435194989763138
VDAC3	0.7083823680758542
VEGFB	0.1667742206279577
VEZT	0.3267144680976337
VIM	0.2188778410275909
VPS26A	0.180426433342061
VPS9D1-AS1	0.3278411722272383
VTN	1.5742322718847963
WBP2	0.079798539059261
WDR18	0.0169179502682317
WDR43	0.067795996644803
WDR61	0.1457248497106904
WDR74	0.247927218221148
WDR76	0.0637290178998121
WHSC1	0.0231056372198916
WISP2	0.031092214407065
WNT7B	0.5602402741091663
WSB1	0.0619265378264783
WWC1	0.0426646955353811
XBP1	0.1359746048141573
XPC	0.2510948674796069
XPOT	0.0570118145829747
XRCC2	0.0816460244900497
XRCC5	0.0490051244859017
XRCC6	0.5950620895160991
XX-FW83563B9.5	0.016849290271157
XXyac-YM21GA2.4	0.1579762801627279
XYLT2	0.040647123220797
YARS	0.3398352760209279
YEATS4	0.1186827200765042
YPEL2	0.1234112361135554
YPEL3	0.0402949549043264
YPEL5	0.4832186376204047
YTHDF2	0.0412305895253815
YWHAE	0.2030100874276767
ZBED1	0.1386964621749782
ZBED5	0.0626039268445616
ZBED5-AS1	0.3019520603328937
ZBTB8A	0.040948938346659
ZC3H12A	0.098246010130075
ZC3H13	0.1592166742505777
ZC3H4	0.0287253253824475
ZC3HAV1	0.0152372381866983
ZCCHC11	0.2066188251127854
ZCCHC8	0.079442151796298
ZFHX3	0.1977650791025115
ZFP36	0.0441411348319456
ZFP36L1	0.2801087431101294
ZFP36L2	0.3088870927429256
ZFPM1	0.2012628134816898
ZFX	0.2280854007353249
ZKSCAN1	0.272055300359402
ZMAT3	0.213410156178028
ZMYND19	0.2080111002217352
ZNF106	0.133982796853063
ZNF22	0.2312639769720645
ZNF281	0.0472934357601812
ZNF32	0.0723517432014481
ZNF326	0.2287613907230543
ZNF385A	0.1984071254014101
ZNF467	0.0224697473176994
ZNF480	0.0213906904320436
ZNF524	0.1224551611537596
ZNF544	0.27732607527986
ZNF546	0.0567629195287322
ZNF581	0.1117301262021553
ZNF622	0.2303732907631119
ZNF638	0.1193628074853843
ZNF655	0.0413328322728083
ZNF703	0.091053327706388
ZNF787	0.1404853210732961
ZRANB2	0.052914803151822
ZYX	0.1053495035325869