AAED1	0.0884708739264038
AATF	0.1919070027232034
ABCE1	0.1458715580846606
ABCF2	0.1198623860871489
ABHD14B	0.2492066055675078
ABHD17A	0.2141466630175847
ABI2	0.2638271079899827
ABRACL	0.2390410619174848
ABT1	0.1803381630091827
AC009403.2	0.1097319303440179
AC093323.3	0.033127802799328
AC093673.5	0.074864174202665
ACADVL	0.1768800233801508
ACD	0.0020782449166149
ACER3	0.0664974052195291
ACIN1	0.1803568559209409
ACO2	0.1485798027976185
ACOT7	0.060725355183421
ACOT9	0.0498618683116019
ACSL3	0.3569771948257377
ACTL6A	0.0619589906731865
ACTR1A	0.4193461486216449
ACTR1B	0.2252896459429743
ACYP1	0.107556645742348
ADH5	0.0519848432975265
ADK	0.7351460730820039
ADPGK	0.0698194329315945
AEN	0.0333897124327813
AFG3L2	0.2013610875909581
AGAP2-AS1	0.1280874051992759
AGBL5	0.0317028417458452
AGGF1	0.0800731692408747
AGPAT1	0.1532438905253905
AGPAT5	0.048790670578525
AGR2	0.5835463069324619
AGTRAP	0.1006244186770681
AHI1	0.0403301869786096
AHNAK2	0.0331624813409192
AIDA	0.1556435930314382
AIMP1	0.0102362538627471
AIP	0.0256503662567038
AK3	0.2451429753336903
AKAP12	0.7943971657043477
AKAP9	0.0992258892756618
AKIRIN1	0.0721963970201653
AKR1B1	0.1915467110372728
AKR7A2	0.1897339374068109
AKT1	0.3073569461206894
ALCAM	0.065328254575223
ALDH3A1	0.972148474404502
ALDOA	0.2650240129076849
ALG13	0.1474481663149742
ALG3	0.2049580009286307
ALG5	0.2086935121257395
ALKBH2	0.311282426053996
ANKRD54	0.0399662010114677
ANXA5	0.3571834644750717
ANXA7	0.0799211497241067
AP006222.2	0.004037909046631
AP1S2	0.1306743614411023
APIP	0.2320619380045814
APITD1	0.2669893900576147
APLP2	0.1024501171679462
APOO	0.1212523781461509
APP	0.0601496296437543
APPL1	0.0137521342081463
AREG	0.1223268888699889
ARFIP2	0.1477814574516213
ARHGAP5-AS1	0.0246092808787749
ARID4B	0.1397301601169304
ARIH2	0.0651748501069304
ARL4C	0.8515019805417847
ARL6IP5	0.0931017993218673
ARL8B	0.0948799665548139
ARMC1	0.0239016093734613
ARNTL2	0.0105436513186049
ARPC1B	0.2551234651714887
ARPC3	0.0398055625745088
ARRDC1-AS1	0.0471514193960338
ASAP2	0.0219660758366717
ASB1	0.2040455689958424
ASNA1	0.0819692963363104
ASNSD1	0.1793738643365654
ASPSCR1	0.2047886361394872
ATAD2	0.6252848264799458
ATF5	0.1694803106009653
ATG12	0.1167182850934031
ATG5	0.0067868835472666
ATIC	0.0942413399383119
ATMIN	0.0246880086016549
ATP2B1	0.1930180192268671
ATP6V1D	0.0649209926329245
ATP6V1E1	0.1180796784294023
ATPAF1	0.1457494065793009
AVEN	0.4282759320025074
AXL	0.0070134611352811
AZI2	0.0759586107119815
AZIN1	0.1127865417380745
B3GALT6	0.0770915932454913
B3GAT3	0.3736986725942064
B4GALT1	0.0360308862081052
B4GALT3	0.052321499537712
B9D1	0.0078846423885098
B9D2	0.0962693793987249
BAG2	0.1793976599700546
BAG3	0.6097527167714057
BATF3	1.439966240418407
BAZ1A	0.0413944873689998
BBX	0.38336460879258
BCAM	0.0429007479418705
BCAR1	0.0169320092079988
BCCIP	0.3187514754225103
BCKDK	0.0347676981700456
BCL2L1	0.0898129936663308
BCL3	0.1876271670908449
BCLAF1	0.1233342574929353
BCS1L	0.0453526862459641
BDNF	0.1720033531164836
BDP1	0.0990050464100113
BET1	0.0691181283348533
BHLHE40	0.1164557947135946
BIRC2	0.0055296561105037
BLOC1S4	0.0374960613488974
BMS1	0.0233559024115625
BOLA1	0.242693209404433
BOP1	0.2170423935697119
BRIX1	0.0631350773281792
BROX	0.08560258763994
BTF3L4	0.0569357516342202
BTG1	0.1821870150451019
BUB3	0.1674746593341781
BZW1	0.2070957355170921
C11orf1	0.0098160937805512
C11orf68	0.0558870280315575
C12orf73	0.2023879197847649
C14orf119	0.0414870375115754
C15orf48	0.0324771121075683
C16orf45	0.5094780480857191
C16orf52	0.345281610698552
C16orf72	0.2971943299882711
C16orf91	0.0130622332886816
C17orf58	0.4067209501835951
C19orf25	0.0239323610433745
C19orf81	0.1916380419283847
C1D	0.1947795761750228
C1orf35	0.0430276458060791
C21orf59	0.1515892173350645
C2orf74	0.3688482036643267
C5orf24	0.2879211176652942
C6orf1	0.8404898391986008
C7orf55	0.2730810350229244
C8orf4	0.2449786304904788
C8orf82	0.5347169607642069
C9orf78	0.0139397051991332
CA8	0.0394501747250059
CACNG6	0.1938701841304504
CACNG8	0.4938154183931576
CACUL1	0.1155223635148849
CACYBP	0.0310227624995809
CALB2	0.1041127872666194
CALM2	0.016877645729364
CALU	0.0178582083426999
CAMLG	0.2056473741589576
CANT1	0.1457959023209163
CAPG	0.0987683177355296
CAPZA1	0.1063002154038291
CASC8	0.0432975509647059
CCAR1	0.1997252608991829
CCDC106	0.3217470312066696
CCDC50	0.4780369012358571
CCDC57	0.2197379744457805
CCDC58	0.0246861135229196
CCDC85B	0.1533682695044823
CCDC86	0.1999398573872954
CCDC88A	0.2716843994326242
CCDC88B	0.024555226138655
CCDC90B	0.2056908098015426
CCDC91	0.4231674845447682
CCK	0.0327832252726948
CCNB1IP1	0.0911692828660192
CCND1	0.0743969390516079
CCNE1	0.060466462594459
CCNH	0.6218925130452782
CCT2	0.0894383624916216
CCT4	0.0694648751788236
CCT8	0.1497970749113398
CCZ1	0.0646523262538827
CD2BP2	0.1769474046827732
CD3EAP	0.2758733621083301
CD44	0.0140747590436749
CD47	0.0169278597777843
CD55	0.0936876223994787
CD59	0.6712426546757243
CDC123	0.0418083100519066
CDC20	0.024252320383274
CDC34	0.4272573650021369
CDC42EP1	0.0385161903142334
CDC6	0.0450220286785849
CDC73	0.3450154245088054
CDCA7L	0.0203030470737091
CDCP1	0.4416510539807446
CDIPT	0.2287128270983951
CDK1	0.0302611922191874
CDK5	0.000750370269541
CEBPB	0.1038869652175734
CEBPZ	0.1892651899382273
CENPB	0.1208765041896721
CENPH	0.019681471727039
CERS2	0.1788582109383587
CETN2	0.1483673460146842
CFAP36	0.2181664990105252
CFAP97	0.2067849729352573
CFDP1	1.172002495287375
CFLAR	0.021769303998414
CGGBP1	0.0180780357795935
CHAC2	0.0039783926775873
CHCHD7	0.0454081169849694
CHEK1	0.0361037679080737
CHID1	0.0872674815343088
CHMP5	0.1075262240078121
CHTF8	0.0931029324748961
CHURC1	0.0173918101616193
CIAO1	0.0161745112607804
CINP	0.0317837930849079
CITED4	0.7053420097021779
CKAP2L	0.2503035121130161
CKS2	0.0736960817769046
CLCF1	0.4555374701110788
CLIC1	0.3655058651936743
CLINT1	0.1012452147916116
CLMP	0.208005222991013
CMAS	0.0359379107276655
CMTM3	0.5722218699126816
CMTM6	0.0364894870964988
CMTM7	0.1707240799523785
CNOT4	0.1122338187091647
CNPY3	0.3055467911798212
CNTNAP3B	0.1679286169129207
COA5	0.0448089927912569
COL5A2	0.0892318340026924
COMMD1	0.2857694262191123
COMMD10	0.0193904997953396
COMMD3	0.0885253418938856
COPS5	0.0892359612524922
COPS6	0.0455717096237213
COPS7A	0.2514140498361555
COPS7B	0.0905388903499599
COPS8	0.061859219455779
COX16	0.1529850771431551
CPSF6	0.0216308771970159
CRACR2B	0.099946054174468
CREB3	0.419395692056021
CRELD2	0.0502225570404849
CRYZ	0.0280494918672458
CSAG1	0.0310787680308741
CSNK1D	0.4266716140880112
CSNK1E	0.1624170629655413
CSNK1G2	0.0908403279917736
CTBP1	0.0696649429494663
CTBP2	0.1328490766770537
CTC-524C5.2	0.1638235200039295
CTD-2015H6.3	0.0251341152617939
CTD-2270L9.4	0.2383742834113775
CTD-2600O9.1	0.0452560409004783
CTD-3184A7.4	0.2859464717037297
CTDSP1	0.1089546968053542
CTNNAL1	0.5838821231805241
CTPS1	0.1783441616870419
CTSB	0.0576662100978313
CTSC	0.2646073839949503
CTSL	0.6120835191505432
CTU1	0.2577847819598316
CTXN1	0.2547509372756261
CUEDC2	0.2067925328337111
CUL3	0.0099270405765707
CWC15	0.0812065515227052
CXCL1	0.0780544971861842
CXCL2	0.1647719242691381
CXCL3	0.1983560561691968
CXCL5	0.25115830349422
CXCL8	0.0244928921434476
CXorf40B	0.0139023739036491
CYB5B	0.0027947689862197
CYB5R3	0.1480408850538135
CYBA	0.1430076452496256
CYHR1	0.1386846373024466
CYP24A1	0.1504122654353852
CYTH2	0.2218659948216168
DAAM1	0.0168326334473325
DAP	0.6928806246661253
DAP3	0.0102527057187008
DAXX	0.126090401251261
DCBLD2	0.6970192800354823
DCTD	0.0634053079875299
DCTN6	0.0413311001313149
DDB1	0.0637245288711819
DDIT4	0.1056398006096429
DDX10	0.080364962806798
DDX18	0.3563759963077829
DDX24	0.2073448948682822
DDX54	0.091241948209748
DEAF1	0.1066901915092781
DEDD2	0.1525238032337315
DENND5B	0.0496208843149578
DEPDC1	0.183811858425963
DERA	0.2888786288945045
DERL1	0.2307721495351143
DERL2	0.0068107553190707
DESI1	2.051684061840661
DGUOK-AS1	0.1502110098632236
DHPS	0.4257831657560328
DHRS3	0.0984275477406089
DHRS4L2	0.0722074439088688
DHRS7	0.0648140901653455
DIAPH1	0.0532815479279687
DIMT1	0.0417867013216539
DKK1	0.9023052917957328
DLEU1	0.0474195351183585
DLGAP1-AS1	0.1384721126931429
DMKN	0.2115965768519188
DMWD	0.036315658541024
DNAAF2	0.1662866777738554
DNAJA2	0.0768007161571697
DNAJA3	0.0704208383901669
DNAJB11	0.1870241025406022
DNAJC1	0.3533331070050043
DNAJC10	0.7197578739313211
DNAJC12	0.003657496651397
DNAJC21	0.1583171155721246
DNAJC30	0.0584630324039307
DNAJC4	0.0054927159974105
DNAJC8	0.0290920013081973
DNM1L	0.1290721653455805
DPCD	0.0274102174213998
DPH2	0.0012846705389425
DPM3	0.0713761403486872
DRG1	0.0435164622691471
DTL	0.0985430031522636
DUSP12	0.1295313425379368
DUSP4	0.23420806010066
DYNC1H1	0.1350740715187762
DYNLT3	0.0765127498903028
DYRK4	0.1198835866073545
E2F4	0.2100494126319631
E2F6	0.0364714303221019
EAPP	0.0295195389430579
EBAG9	0.3041487564763256
ECE2	0.1850009071138736
ECHDC1	0.1373007405368826
ECT2	0.0182239728461024
EEF2KMT	0.256432564928678
EFNA5	0.0910865385961344
EFR3B	0.0011045828160378
EHBP1	0.470180323197495
EHD1	0.0993911527025021
EIF1	0.1862943406711687
EIF1AY	0.3175350686737073
EIF1B	0.258278027836772
EIF2A	0.1022937787577037
EIF2AK2	0.3724481201900057
EIF2B1	0.2271980236546533
EIF2B4	0.0603558714278305
EIF2S1	0.0641702537893565
EIF3D	0.0315110177072617
EIF3I	0.0436738170584926
EIF4A1	0.6479294922843971
EIF4A2	0.0530893178762704
EIF4E	0.028444209280114
EIF4EBP1	0.164986819660881
EIF5A	0.0769376469432811
ELOVL1	0.1136170493594694
ELP6	0.1576368262115848
EMC3	0.0194507976395971
EMP3	0.5058277792073462
ENDOG	0.0419194749838564
ENDOV	0.2097307366788569
ENOPH1	0.0746847958051007
ENTPD6	0.0537671193214722
EPAS1	1.3757671342055424
EPC1	0.0885909959137997
EPHA2	0.234769735539169
EPN2	0.1504016528262956
EPRS	0.2493437062473807
EREG	0.309018034735837
ERGIC2	0.077823319720468
ERO1A	0.1252430616773421
ERRFI1	0.0092730410027904
ESF1	0.0211365220815244
ESRRA	0.025721896713441
ETFB	0.4122451799630782
ETHE1	0.2160389953407521
ETV4	0.8619565556356754
ETV5	0.1082647659390995
EVA1C	0.7337916789121224
EXOC3-AS1	0.0019836937359519
EXOSC3	0.0158738207074426
EXOSC6	0.0226278294945548
EXOSC7	0.1436255593075217
F12	0.2281249766565466
F2RL1	0.7359807498841822
F8A1	0.0043172979525164
FADD	0.1538134020983038
FAM103A1	0.0734608578784649
FAM107B	0.9011884974661254
FAM131C	0.1628097093674797
FAM133A	0.0814627077995604
FAM162A	0.0293738117287115
FAM192A	0.1211934998383117
FAM208B	0.002602738145168
FAM216A	0.1077408029999472
FAM219B	0.2496325502059062
FAM229B	0.0254731034623475
FAM3C	0.4011455005949899
FAM50A	0.2738037885398325
FAM60A	0.2565588756278849
FAM89A	0.191458212310237
FAM89B	0.4729549289136266
FAM92A1	0.0275357103961129
FARSB	0.0309156059701823
FBRSL1	0.0344941485171681
FBXL15	1.1435597489973672
FBXO22	0.1207233577635883
FBXO25	0.0486232358583494
FBXO7	0.1062301797193359
FBXO9	0.1508746768532429
FCHO1	0.1034257158801591
FDX1L	0.0024600732343403
FERMT1	0.2016204928211667
FGD5-AS1	0.0746797573001375
FGFR1OP2	0.0696475257488861
FHL1	0.2554501980940646
FHL2	0.1566806563314505
FIBCD1	0.13633089303312
FJX1	0.3201354659320336
FKBP10	0.114303415117926
FKBP11	0.2811576715973253
FKBP3	0.3770533878772718
FLAD1	0.0875212860115295
FNBP4	0.0496045271640427
FNDC3B	0.0749027587242915
FNTA	0.1992634211352998
FOSL1	0.5208409865441695
FOSL2	0.0579067236203981
FRA10AC1	0.1480663542244743
FSCN1	0.5760120988841587
FST	1.21584233228634
FSTL3	0.037969359029856
FTSJ1	0.2086156807513935
FTSJ2	0.0120430133911118
FXN	0.0697641509102818
G6PC3	0.0650940398460516
GABRA5	1.3926815580506655
GABRB3	0.1674863908072411
GAL	0.2349062235684735
GALE	0.2344478961493323
GALK1	0.2708115246267079
GALNT10	0.156462584666132
GAMT	0.1336795195504927
GAR1	0.0538042599081944
GARS	0.1999087107051041
GBAS	0.3294450958542109
GCNT3	0.0020939558745482
GDF15	0.030835853677491
GGH	0.1448746642448441
GGPS1	0.0225463213131503
GJA1	0.1343754248213702
GLCE	0.1732135922090167
GLIPR1	0.0694214324765299
GLRX	0.2049042289175514
GLUD1	0.6036592162898538
GNAI2	0.1304097739822992
GNB5	0.1300022488143974
GNG11	0.1106779201668139
GNG12	0.0124962931808034
GNL3	0.0487266868517104
GNPAT	0.0327617641796741
GNPNAT1	0.0426938840440658
GOLIM4	0.0828510713245424
GOLM1	0.3429609471777214
GOLT1B	0.0077091496734132
GOSR1	0.3353275516123618
GOSR2	0.0060586392409158
GPBP1	0.0341158292722422
GPCPD1	0.3242712732921322
GPRC5A	0.7746300966347186
GPRC5C	0.0621595991019177
GPS1	0.1020528555676266
GPX1	0.3485683375594688
GPX8	0.0290712199260365
GRAMD1B	0.4746976061552991
GREM1	0.0161543209603258
GRK6	0.084101108860815
GRN	0.013592417006895
GRPEL1	0.0296418475575036
GS1-124K5.4	0.0459270803167747
GSTK1	0.2440879519842177
GSTO1	0.0868264187412289
GSTZ1	0.0288845071119538
GTF2H1	0.0862758835669514
GTF3C2	0.0283111260012442
H1F0	0.2281654241191679
H1FX	0.0296750326677636
HAGH	0.2003580000848245
HAUS6	0.0238237748724188
HCCS	0.1264060493200229
HDAC1	0.1007849133237956
HDAC2	0.5309958729731455
HDAC3	0.2852730256424047
HEBP1	0.2798525905968155
HERPUD1	0.0414894382888609
HEXIM2	0.2387576445581984
HGS	0.3504268407943416
HIF1A	0.0533192416378804
HIPK2	0.0462428793001298
HIST1H1C	0.2476931163112331
HIST1H1D	0.0581489404059554
HIST1H2AC	0.1588428804120237
HIST1H2BD	0.0819695570518781
HIST1H2BJ	0.2510037846810011
HM13	0.0070514287077565
HMGA1	0.1928451512717284
HMGA2	0.0564547638698404
HMGB3	0.0154218447617498
HMMR	0.2994240006763334
HMOX2	0.1109008754466546
HN1	0.1015815672839498
HNRNPUL2	0.0070742174774276
HOMER3	0.5921085172857267
HOTAIRM1	0.3044393319383858
HOXB6	0.2030708366732661
HOXB8	1.2296178901582229
HOXB9	0.0393665211941429
HOXC9	0.1382621037382256
HPCAL1	1.0491486872894962
HPGD	0.6131859296721629
HRSP12	0.0163085399861051
HSP90B1	0.03214466604414
HSPA14	0.0291818967676237
HSPH1	0.1674741660558184
HTATSF1	0.0634627176944157
HYAL2	0.0848146280286142
ID2	0.1819220261009059
IDH3A	0.0061210266381038
IDH3B	0.1132461769413787
IDH3G	0.2289489293075358
IDS	0.0005261883163398
IER2	0.8209621577106446
IER3	0.7878402824983649
IFI27L1	0.1192965621207991
IFI27L2	0.3913299373507065
IFITM2	0.0240389887215093
IFNGR2	0.1456745065428231
IFRD1	0.0751500348470999
IFT27	0.1755705564553829
IFT43	0.1173957797306798
IGF2	0.0152146460953285
IGF2BP1	0.698076081522437
IGFBP4	0.0141284915862636
IGFBP6	0.0368583425082084
IL11	0.318820444088938
IL6ST	0.0940973678551493
ILK	0.068682187010679
IMMP1L	0.0412809539213501
INA	0.0048715628782379
INO80C	0.6378914386888639
IP6K2	0.1375715255765144
IPO5	0.1550946406375791
IQSEC2	0.3955361585773524
IRF2BP2	0.0078419290490532
IRF2BPL	0.1337918325246779
IRF3	0.2267529392431979
IRS1	0.3736872581702476
IRS2	0.0596757171663491
IRX3	0.0758375190006739
ISG20	0.8589059661536524
ISG20L2	0.1005915614484812
ITGA2	0.3672717762627344
ITGA3	0.1363614820961629
ITGB1	0.0187299551880915
ITGB3BP	0.1757655535866936
ITGB4	0.2543346330559471
ITGB5	0.3196467967802326
ITM2C	0.1034263262194854
JAG1	0.0914415872386345
JKAMP	0.158399951714635
JMJD6	0.1739427807499126
JUNB	0.1023353321303276
KARS	0.066720962814742
KCNF1	0.5552965299047784
KCNMA1	1.3414559957115963
KDSR	0.2018294369863727
KEAP1	1.026611850135973
KIAA1191	0.231045126064164
KIF18A	0.093429266485836
KIF5B	0.0336225817481403
KIF9	0.5885267267210152
KLF13	0.0638780775532343
KLHDC2	0.1084675831433653
KLHL23	0.0535969448291645
KRIT1	0.0562280338262635
KRR1	0.2514135896455282
KRT18	0.25759780368343
KRT19	0.5958018373757132
KRTCAP2	0.1641468052301146
KYNU	0.2603333776278361
LAMA5	0.0523454791597621
LAMC2	0.2085991823908428
LAPTM4A	0.0148328219867168
LARS	0.1151220426596791
LCMT1	0.2185676204027247
LDHA	0.2768148570139117
LDOC1	0.4438108225417002
LENG8	0.0043772996285051
LEO1	0.0023694429470144
LETM2	0.1258744433063894
LINC-PINT	0.137614681601025
LINC00467	0.2141778425616526
LINC00662	0.4041707284113616
LINC00667	0.0490253898139144
LINC00707	0.2488810022154678
LINC00936	0.0446796121259325
LINC00969	0.1567613543170101
LINC00973	0.3337592019226784
LINC00998	0.2073548339105848
LINC01021	0.0760197535726635
LINC01116	0.0008729155270964
LINC01137	0.037040427221419
LINC01184	0.2201805226465549
LINC01234	0.0305527078863394
LINC01468	0.1733114457108273
LIPE-AS1	0.0516959793815896
LMAN1	0.0722157516255714
LMNA	0.1437558614880721
LRFN4	0.0177186754300959
LRIF1	0.2699877892154839
LRP10	0.203464975059767
LRRC14	0.0834448538521508
LRRC75A	0.0275334158656344
LUC7L	0.1657796238231415
LURAP1L	0.1235706142423024
LY6K	0.7255415254754896
LYAR	0.2007361444757105
LYPD1	0.1597751052380767
LYRM5	0.1666263171365843
LYRM7	0.0449745841756664
LYSMD2	0.1935783227504841
MAD2L2	0.0381968141367635
MAGOH	0.0302471075339369
MANF	0.0960206489356906
MAP2K3	0.0062532087032812
MAP3K11	0.034564302900424
MAP4K4	0.031853102874485
MAPK6	0.2869433181256973
MAPK9	0.179439763968479
MAPKAPK3	0.2831229616476742
MAPKAPK5	0.1084490525859676
MAPKAPK5-AS1	0.2269404410551904
MARCKS	0.0872292787869376
MARCKSL1	0.0627033167089913
MARK3	0.157820544053969
MARS	0.0284627341449593
MAX	0.1537357466265982
MBD4	0.2026732416859788
MBOAT7	0.1036201952546971
MBP	0.1337337658640267
MCL1	0.1670950958833143
MCM10	0.072743862652245
MCTS1	0.2731722204374474
MEAF6	0.071124738941982
MED13L	0.1660159410377649
MED19	0.0163629038257636
MED31	0.0518433388353905
MED8	0.2404695775845311
MEG3	0.4999957461689266
MEPCE	0.1499923835004543
MESDC2	0.3258467111479873
MESP1	0.8976321838229401
MEST	0.0608166130927808
MET	0.0593656780592647
METTL16	0.3783734924621383
METTL21A	0.0498594285045921
METTL2A	0.0201426317393178
METTL2B	0.1220797734127797
MFSD10	0.160714840314923
MFSD3	0.0724875884522959
MFSD5	0.0247926787500931
MGAT1	0.1574653887984319
MGAT2	0.0392519671978221
MID1	0.0895027088357045
MID1IP1	0.0248473701810908
MIDN	0.105093207023962
MIF	0.1199678115538669
MIF4GD	0.4617532441122541
MKNK1	0.0186189435113708
MKNK2	0.242532868764831
MLLT10	0.3693781130501687
MLPH	0.709497523207251
MLX	0.3424232849721685
MMD	0.1128257748938171
MNAT1	0.0320704078711379
MND1	0.1364310383947379
MNX1-AS1	0.0244099794298885
MOB4	0.0017325005627385
MOCS2	0.4183170288508913
MOK	0.200962440223789
MORC4	1.3249360427721002
MOSPD3	0.1853416010429766
MPHOSPH10	0.3443452612415545
MPHOSPH6	0.032533406110489
MPHOSPH8	0.0561190771595733
MPV17	0.2822071317171675
MRPL1	0.1012390829565957
MRPL10	0.022585762184558
MRPL16	0.0457265893593331
MRPL2	0.1533081958120322
MRPL35	0.3069389110528104
MRPL46	0.0358901022028052
MRPL49	0.2780151231745184
MRPS18A	0.262873415057554
MRPS18B	0.0935802735246411
MRRF	0.0701072172992215
MRS2	0.0421518086062832
MT-ATP6	0.0034474317369936
MT-ND6	0.9110238938305832
MT1A	0.7738451520713642
MT1X	0.6484066735467189
MT2A	1.1929350250101376
MTHFD2	0.0085619518191276
MTHFD2L	0.0692335967076
MTIF2	0.0260217266621984
MTIF3	0.2363364078566207
MTRF1L	0.1323105313112945
MTX1	0.0930083623160984
MTX2	0.188332005998705
MUC5AC	0.0262604583048309
MUM1	0.0121884272378007
MVB12A	0.0096373052957134
MYADM	0.1470853643106031
MYC	0.1721213770068561
MYEOV	0.5053849058690223
MYO19	0.0048229318197728
MYOF	0.157780017298354
MZT1	0.1360130746935799
NANS	0.0096299749483618
NARF	0.1826032366077679
NASP	0.2467125024605961
NAT14	0.0259869881730292
NBL1	0.0452403098396615
NCBP2	0.1621309478409733
NDFIP1	0.1240216462422156
NDRG1	0.0155347677919443
NDUFA13	0.0052025258894091
NDUFA5	0.2799046557876772
NDUFA7	0.0042363984642305
NDUFAF4	0.1545614626245753
NDUFAF6	0.107311327795059
NDUFS2	0.132656291885419
NEIL2	0.0315568859821222
NELFB	0.2402560796214753
NET1	0.4811345480356801
NFAT5	0.2781102345539071
NFE2L1	0.6389325609886355
NFKBIA	0.1765977429279354
NGDN	0.4904770069921246
NIP7	0.0396063321807881
NKAP	0.1022699499558719
NKIRAS2	0.1357212232399845
NMB	0.8020211741053922
NNMT	0.2099094907291116
NOL10	0.3048919942833697
NOL11	0.147260863208864
NOL3	0.2341446353988255
NOP14	0.0998855896730252
NOVA1	0.104630256226315
NPAS2	0.0910445391055317
NPEPPS	0.0062821497008142
NQO1	0.4829459188798736
NR4A1	0.2145381205495583
NRAV	0.012763719308233
NRBP1	0.0071893550335937
NRDC	0.0453928613522305
NRGN	0.0255882189355371
NRIP1	0.0718695901778326
NRP1	0.050503565024465
NSFL1C	0.0773506595406986
NSMCE1	0.3446127118491153
NSUN5	0.0358601722010984
NT5E	0.120107927793757
NTS	0.1237627231664903
NUDC	0.2371766933027619
NUDT22	0.5173856471842114
NUDT3	0.1096635769101117
NUDT4	0.3164628969735342
NUDT8	0.0652739072291606
NUS1	0.0759292941842378
NUTM2A-AS1	0.0897927369479458
NUTM2B-AS1	0.0332446934166986
OARD1	0.1041504058766426
OBFC1	0.706535308989501
OCIAD1	0.0178285921814789
OCIAD2	0.5844333393610388
ODC1	0.1212211743951559
OGFOD3	0.0486732644839133
OGFRL1	0.0429874938104773
ORC6	0.3184573367088481
ORMDL2	0.0338998778145112
OSBPL9	0.0904404170721088
PA2G4	0.0928428393214256
PAF1	0.1067093393255282
PAFAH1B2	0.1099527715882983
PAK2	0.0113844227685111
PAK4	0.1462536336994854
PANK2	0.182966141886199
PAPPA	0.1875883056726756
PAQR5	0.8761820574081962
PARD6A	0.1561126001731596
PARPBP	0.0160754654297037
PCIF1	0.0843936926315447
PDCD10	0.0409391912813091
PDCD2L	0.1743489288550938
PDCD7	0.1999812243822835
PDCL3	0.2783083383568003
PDE6D	0.0479739250432477
PDE8A	0.0847278548279923
PDIA4	1.417444358263317
PDK4	0.1222634590100574
PDLIM5	0.3722973171571166
PDLIM7	0.0175136011241415
PDRG1	0.4876513613422352
PEG10	0.3473195391546008
PELP1	0.0669023727132931
PET100	0.2303492136739915
PET117	0.1489250277666976
PFDN6	0.0520837947900285
PFN1	0.2103857089048182
PGAM5	0.101021625879737
PGAP2	0.1208020316793888
PGK1	0.0884202029059779
PHAX	0.0497491706834403
PHC2	0.2350939401146143
PHF20	0.0523708922591949
PHF23	0.1766144852654927
PHGDH	0.1182193788220786
PHLDA1	1.1103756795046462
PHLDA2	0.0626604385501787
PIGBOS1	0.2115078357100115
PIGF	0.3220132119787136
PIGH	0.258995100871487
PIGP	0.1263240452558768
PIGW	0.0217689426541191
PIGX	0.1074259267442902
PIH1D1	0.170621334244782
PITPNC1	0.38018756774724
PKM	0.8437776640878777
PKN1	0.0947210600396918
PKN2	0.188976751584596
PLAU	0.0262920549084355
PLAUR	0.0112216487202082
PLCXD1	0.1110511142686981
PLEK2	0.2114643728908485
PLEKHA3	0.0031841065890373
PLEKHB2	0.0421773864778192
PLGRKT	0.1758217350561584
PLIN2	0.1914519019941849
PLIN3	0.1234958681995031
PLPP5	0.1474892483349464
PMAIP1	0.2027103912766855
PMEPA1	0.2073252554044084
PMPCA	0.0286904125542091
PNISR	0.0875346365291417
PNKP	0.0275695058814415
PNO1	0.0836744046424962
PNPT1	0.1227734051630066
POLR2A	0.051620626472719
POLR2D	0.3963371146679169
POLR2H	0.066353656349836
POLR3D	0.3835224880202142
POLR3G	0.1818946164008802
POLR3GL	1.928911671197472
POPDC3	0.3512199754773344
PPA2	0.2072039534200426
PPAN	0.0581762654114378
PPFIBP1	0.5539066457953632
PPIE	0.0124890439921828
PPIG	0.0159852958762295
PPP1R10	0.1363622707370778
PPP1R11	0.2703886589971574
PPP1R12A	0.1211070361126679
PPP1R14A	0.0936597424116272
PPP1R15A	0.0601442810983049
PPP1R16A	0.2860911626360947
PPP1R35	0.3480847551902647
PPP2CB	0.040816530505778
PPP4R2	0.1689769521097963
PPP4R3A	0.1288458040051039
PPP5C	0.6461483367398473
PPP6R1	0.1806363854043462
PRAF2	0.0692829812450682
PRAME	0.3088556660294165
PRCC	0.1257777653947636
PRDX4	0.1849308224623926
PREB	0.107477556004227
PRKAR1A	0.1226646004140423
PRKCA	0.0873023065238081
PRKCDBP	0.3506925007485401
PRKRIR	0.0269964975244907
PRMT1	0.0249354051163126
PRMT5	0.0468980169161857
PRNP	0.0712325732573984
PROSC	0.1631821383441609
PRPF38B	0.0404862832579816
PRR7	0.3640250866903952
PRR7-AS1	0.0114265427884292
PRRT3-AS1	0.0493333403274894
PRSS3	0.1327291042856737
PSAT1	0.0627626052621066
PSMA3-AS1	0.0132988449894314
PSMB1	0.1156554845355259
PSMB3	0.2343456169155846
PSMB6	0.3117741820435588
PSMC3IP	0.2655301605979179
PSMC4	0.1192491180044067
PSMD12	0.0311801120065112
PSMD13	0.1514490266526665
PSMD2	0.0141685971740617
PSMD6	0.2572577228034506
PSMD9	0.2752579419714718
PSMG1	0.0182948874453459
PSMG2	0.1557032962204159
PSPH	0.0194046877912711
PTGES	0.2449702398644772
PTGS2	0.019598402644208
PTHLH	0.0682603148180528
PTK2	0.1151576468192805
PTOV1	0.4076331409399911
PTP4A1	0.0672197603164911
PTPN12	0.0419766345063069
PTPN18	0.0151799930164889
PTPN2	0.0916530192075554
PTPRA	0.0191056014606516
PTRH2	0.005575070561249
PTTG1	1.158258263387724
PUM3	0.1387390353457037
PVRL2	0.2293304280587381
PVT1	0.057240352999741
PXN	0.2242818802459757
PYGB	0.5579291806417532
PYM1	0.2449439811098924
QDPR	0.0819149672612037
QSER1	0.0337843142872794
R3HDM1	0.0986433506296956
RAB11B	0.1123551082855754
RAB1B	1.020483505930483
RAB21	0.0035682817871806
RAB22A	0.2211589980799271
RAB27B	0.4341825649942659
RAB31	0.1504899423165397
RAB35	0.0262357675674393
RAB3B	0.1075330587536708
RAB4B	0.0171969627984192
RABEPK	0.3295978301010484
RAD1	0.0318237215984954
RAD50	0.1159206856313513
RAI14	0.5336738484211901
RALA	0.1974687997751323
RALB	0.0179999229009746
RARG	0.1178898765503595
RARS	0.0207397860294719
RASSF10	0.0902420457549972
RB1CC1	0.0233969897376565
RBBP7	0.0846280994447924
RBFOX3	0.1076389688944921
RBM14	0.1376041084271194
RBM18	0.0690295641574801
RBM26	0.015039624042279
RBM28	0.0008053947054061
RBM42	0.0257839361625135
RBMX2	0.0524737185559282
RCC1	0.0508513972278588
RDH10	0.0271453677360961
RDH14	0.0918968725789193
RECQL	0.6057523505662737
REEP4	0.1041956604675334
RELB	0.3680908609955245
REST	0.0748232946493247
REXO4	0.1048046961366055
RGS19	0.0524581286039949
RGS2	0.5910101956452001
RHBDD2	0.2706417126290917
RICTOR	0.1118477817409099
RILP	0.0600043979071679
RIN2	0.2188885796785571
RMND5B	0.0937204750508547
RNASEH2A	0.0141580574093803
RNASEH2B	0.003381339814692
RND3	0.1031882077693626
RNF115	0.0791174961147394
RNF220	0.1000952488581986
RNF40	0.0809797028633858
RNF5	0.0819504923906897
RNF8	0.0698416373685175
RNMTL1	0.0274494441194279
RNPEPL1	0.1227792356118754
ROCK1	0.0572770760164231
RP11-115C21.2	0.0467761477345341
RP11-12G12.7	0.1360286634495859
RP11-1391J7.1	0.1108485634447658
RP11-295G20.2	0.4503725917889723
RP11-297J22.1	0.0215744447194943
RP11-357H14.17	0.0790316230672624
RP11-38M8.1	0.0821335106760196
RP11-390F4.6	0.0130057594543558
RP11-390P2.4	0.2394781865642184
RP11-408N14.1	0.6982010191995641
RP11-467L13.7	0.0395025311906652
RP11-54H7.4	0.0426212488461223
RP11-669N7.2	0.0293196748343501
RP11-783K16.5	0.5196036789980336
RP11-874J12.4	0.0611164672634593
RP11-879F14.2	0.0974594826856053
RP13-463N16.6	0.0972133122086787
RP9	0.2180181248860029
RPF2	0.0367233675009902
RPIA	0.0725232742336202
RPL22L1	0.1579034421921354
RPP38	0.0216440101284616
RPUSD1	0.1822994744549988
RPUSD3	0.1476349434793313
RRAGA	0.1154101742612454
RRM2	0.091608964161003
RRP9	0.1941003475726194
RSAD1	0.0578581034451992
RSRC1	0.2562831633717694
RSRC2	0.0859248425906801
RTCA	0.1221554118958429
RTCB	0.0919738622981616
RTFDC1	0.1985842477398447
RUSC1	0.1216253448512262
RUVBL1	0.0145941510830612
RWDD4	0.0813070048481277
S100A16	0.592211154787437
S100A3	0.1561991052337146
S100A4	0.0040869843940433
S100A6	0.2774904112876483
SAMD4B	0.2050031532938872
SAP30L	0.2370095152694515
SAR1A	0.2018623830465949
SAR1B	0.0177837387154249
SAT1	0.5498582393957391
SBDS	0.5883149872240452
SBF2-AS1	0.0346477099072266
SCAMP4	0.0471339916120495
SCNM1	0.1743756469578476
SCO2	0.8712603767542249
SDCBP	0.6576778892624019
SDCCAG3	0.0401266432933009
SDF2	0.1787832926123353
SDF4	0.2144049462522211
SDHAF2	0.020938537741912
SDHAF3	0.1048170198732113
SDHD	0.7009556299035399
SDR39U1	0.3282732999525993
SEC13	0.137151073556764
SEMA3C	0.0571669281858617
SEPT1	0.0171878319686311
SEPT7	0.0244475332298215
SERINC3	0.1292001218616533
SERPINB6	0.3070309763758519
SERPINE2	0.0004558285555405
SERPINH1	0.0138472600127494
SERTAD1	0.0202058648228817
SFN	0.0045302935074893
SFRP1	1.9336563195425995
SFXN1	0.010151349419479
SFXN4	0.0111843775822162
SGK223	0.0836053033516448
SGOL1	7.08377009161694e-05
SGOL2	0.0874660385915065
SGTA	0.0706565834954586
SH2D4A	0.0851359462384382
SH3BGRL3	0.2745375026427136
SH3KBP1	0.1718969533084972
SHARPIN	0.6059812182535798
SHB	0.4065703096821607
SHKBP1	0.5521469094408746
SHMT2	0.035530888547272
SKAP2	0.067482036202553
SLC10A3	0.0635416687712578
SLC12A2	0.3905327769122645
SLC16A3	0.0300086572241239
SLC16A4	0.0278623569177349
SLC20A1	0.000852834292758
SLC25A10	0.0939753052226196
SLC25A19	0.2486268783775516
SLC25A26	0.0855413190653777
SLC25A33	0.1592054117565643
SLC25A4	0.0449812995228927
SLC26A2	0.0641352397063374
SLC30A5	0.1337298074943626
SLC35B2	0.053861907732962
SLC35B4	0.0985116481494063
SLC35C2	0.0926717591929329
SLC35D2	0.0441903640818654
SLC35F2	0.0378299690703542
SLC36A4	0.0682582791917512
SLC39A10	0.0045032735451506
SLC44A1	0.0059488553861713
SLC5A6	0.0571851506940336
SLC9A3R1	0.0801752448085617
SLC9A3R2	0.0700675840337118
SLK	0.0747302786705061
SLU7	0.0286008306694624
SMAD2	0.1282018338639838
SMAGP	0.2686304763776672
SMARCA5	0.0792228598492678
SMARCB1	0.0098653965678662
SMARCC1	0.2405202832937985
SMARCD1	0.0192760906102406
SMC1A	0.1209342381754521
SMC6	0.0469521265583002
SMCO4	0.0159240167458428
SMIM19	0.2706289659186249
SMOX	0.149197867246005
SMYD2	0.1181949774620876
SNAPC1	0.0677386832799883
SNCG	0.1917726664906682
SNHG21	0.1519554543669603
SNUPN	0.1744958814116865
SNW1	0.0525467290374541
SNX6	0.6241382731793077
SOCS6	0.0153497056339806
SOD2	0.0681931391313337
SOX4	0.4135932386710123
SOX9	0.0209373579457849
SPATA33	0.0324663673231843
SPATS2	0.6236114542841587
SPATS2L	0.1252935818717678
SPC25	0.1313525370568644
SPCS2	0.0894874400108674
SPCS3	0.2347358444735509
SPG7	0.1809996220773531
SPHK1	0.0583549350415432
SPINT2	0.2644372782251577
SPRED2	0.286790388456886
SPRYD7	0.1310477317759388
SPX	0.2473544850963667
SQRDL	0.2086232557970942
SREK1IP1	0.0304017665933271
SRGN	0.083873250047213
SRP72	0.1277296704721316
SRPK1	0.0785330870039339
SRPK2	0.0154975674956431
SRSF6	0.0600232528387682
SRSF8	0.0966099137277134
SSBP1	0.208493227980418
SSBP4	0.1115842830867945
SSFA2	0.5549920676848888
SSH2	0.2098977245180911
ST3GAL5	1.2295800731401512
STAMBP	0.0043146779444684
STAMBPL1	0.3554302511666615
STARD3NL	0.0521569717239806
STC1	0.1587943442313665
STC2	0.1222545885149117
STEAP1	0.2079898486590528
STK16	0.1989928172671706
STK17A	0.2891629134723453
STK24	0.1840261528066331
STK32C	0.0624880452559727
STRADB	0.1351645106748135
STRN3	0.0946956420724778
STT3B	0.0523190290726604
SUGT1	0.1312003253481917
SULF2	0.0701981529966312
SUN1	0.0353435930791482
SUPT5H	0.121289937376447
SURF1	0.2088611556179477
SVIL	0.2595490022566255
SYCE1L	0.0556095874184828
SYF2	0.0642561609593591
SYPL1	0.0988134103451544
SYT1	0.1278131575552674
TACC3	0.1604791753695849
TACO1	0.1136410098193378
TAF12	0.0314582895395077
TAF7	0.125813908574908
TANK	0.0022448463735223
TAX1BP1	0.0947675450113946
TBC1D20	0.135232628319402
TBL1X	0.0207372265790575
TBPL1	0.0118199223455178
TBRG1	0.1286610567915414
TBRG4	0.1767615355603743
TBX3	0.1414039720622678
TBXAS1	0.4685248944318189
TCEAL3	0.0073173071362278
TCEAL8	0.1738314974833103
TCHP	0.1462079893331331
TECR	0.2004975423716344
TESC	0.012302878059832
TEX261	0.0990281385982383
TEX264	0.1612608076024073
TEX30	0.0763277614068916
TFF1	0.1781370233630836
TFG	0.0453973580955248
TFPI2	0.9108814922015204
TFRC	0.0715096551325357
TGFBR2	0.244800007094987
TGM2	1.455537493664424
THAP11	0.0631674840562574
THAP4	0.0413305708207245
THAP7	0.0268033102064429
THBD	0.1674849182944101
THEM4	0.0235181758114818
THOC2	0.0188782924898423
THSD4	0.2649727855586744
TIAL1	0.0999571032667099
TIMM10B	0.2301567612732063
TIMM44	0.0636859283558426
TIMMDC1	0.1425757975786854
TIMP1	0.0432936836071758
TIPIN	0.1558036713868759
TIPRL	0.1302408546353486
TLE1	1.561548475237993
TM4SF1	0.2451604665323223
TM4SF18	0.0441162985372051
TM9SF3	0.2109912949804618
TMA16	0.733710857995528
TMC5	0.1142527606399475
TMED1	0.1763230409021645
TMED4	0.1294151750844928
TMEM120B	0.2195780938059161
TMEM136	0.0545058712647904
TMEM138	0.1859149312888287
TMEM156	0.1560198911817196
TMEM158	0.34492933658374
TMEM18	0.3252702557551801
TMEM199	0.2521254881612029
TMEM2	0.0113786519209743
TMEM218	0.1114178961145326
TMEM223	0.175427732309337
TMEM243	0.2218920189502199
TMEM248	0.0010888724204025
TMEM259	0.0188580007829188
TMEM30A	0.0364454561831282
TMEM33	0.0694184695314776
TMEM41B	0.0795350415529438
TMEM50A	0.1276350914613989
TMEM59	0.1790659632810853
TMEM60	0.0882797971368161
TMEM70	0.3576101256332674
TMEM92	0.3478768593231158
TMEM99	0.3488301978621361
TMEM9B	0.2046922589517222
TNFRSF10B	0.025563280315047
TNFRSF12A	0.5052302375198207
TNIP2	0.2408751037688296
TNNT1	0.6257692341529993
TNRC6B	0.0407127693006938
TNS4	0.0041321990605224
TOB1	0.2276748034524937
TOLLIP	0.1678602975934635
TOP1	0.1422923701689525
TOP2A	0.1561316674868303
TOR1A	0.0454660878383281
TOR1AIP2	0.1407025728435522
TP53I13	0.1590103545769453
TPBG	0.322393568104368
TPD52L2	0.2128794148151181
TPR	0.1351057885909035
TRABD	0.1796435391288562
TRADD	0.4383049212658961
TRAF4	0.0243605564764425
TRAF7	0.143347459120825
TRAP1	0.0063193873103753
TRAPPC10	0.0386502253146325
TRAPPC4	0.0303705569002807
TRIB3	0.4139758802695066
TRIM44	0.0316324731728727
TRIM7	0.5925498820465359
TRIOBP	0.4098102071586763
TRMT6	0.2115039584091216
TRNP1	0.2187241213966873
TROVE2	0.148568587428725
TRPT1	0.3676427254697515
TSC22D1	1.994336450014546
TSC22D4	0.4907034764749504
TSEN15	0.0997914349785049
TSFM	0.1847291246900305
TSG101	0.0413394214624746
TSPAN13	0.0140875771607413
TSPAN14	1.0404620637119464
TSPAN3	0.1078438425111999
TSSC1	0.2903625533551773
TSTA3	0.208448506029862
TTF1	0.5671755861291794
TWF1	0.1909575583462583
TXNDC12	0.1276881273878171
TXNDC9	0.3370206364166022
TYMP	0.187361874725867
TYW3	0.2556403723331513
U2AF1L4	0.202548252952031
U2AF2	0.2910252158342059
UACA	0.0249246407891414
UAP1	0.0953235259638799
UBALD1	0.2662744902885809
UBALD2	0.3704414921039307
UBASH3B	0.2427978382403338
UBB	0.1433340673417933
UBE2D4	0.0499905347416796
UBE2G1	0.0542775254698456
UBE2H	0.0073604013321224
UBE2J1	0.003946567006791
UBE2S	0.0039470186063521
UBE2T	0.0375750320253414
UBE2Z	0.2878782411331599
UBE3A	0.1199031032503381
UBL4A	0.0237255017404047
UBL7	0.2270862491060818
UBR4	0.0668210062067476
UCHL3	0.0737824199118464
UFM1	0.2290533303238053
UGP2	0.0232803952313729
UNC50	0.0247055789974225
UQCRC1	0.0558955229461334
USP1	0.0343588812477769
USP34	0.2236992976909101
USP8	0.0593688713703891
UTP11L	0.0130790583441998
UTP18	0.0230018390786544
VAMP2	0.001835979848257
VASP	0.0558878196117982
VGF	0.0134005131886368
VIM	0.0064025224755904
VPS25	0.1427046069412063
VPS28	0.7179283134382587
VPS4A	0.0048939891503271
VPS9D1-AS1	0.0852347517579286
WARS	0.1750857188858073
WASF2	0.2973436752317796
WBP11	0.0089081315541909
WBP2	0.1096459822435938
WBP4	0.1396917117017181
WBSCR27	0.1483158932329877
WDR13	0.1565651119496949
WDR4	0.0838668590480394
WDR45	0.2688458371958416
WDR74	0.0283302555090592
WDR77	0.0576015401494421
WDYHV1	0.0680328404663315
WIPI2	0.1044959917784327
WRB	0.1212228401904605
WSB2	0.1907100805238006
WTAP	0.0412185807502727
WWTR1	1.6581030777861006
XBP1	0.2160252708516331
XIAP	0.1495544864416927
XPC	0.0236374806256318
XPOT	0.0376505289424284
XRCC5	0.0276467314369399
XRN2	0.177353529159438
YARS	0.203754551923281
YEATS4	0.0692573605917033
YIF1B	0.1784954264204064
YIPF6	0.0711386166648753
YKT6	0.1648577120944691
YME1L1	0.1071467359105916
YPEL3	0.0497462099868215
YRDC	0.3116300810784733
YTHDF1	0.2314139207936663
ZBED5-AS1	0.0047169096124585
ZBTB7A	0.1413731381980917
ZC3H18	0.0332863577609649
ZCCHC11	0.0059892230736812
ZCCHC17	0.1719638536112611
ZCCHC9	0.0357597988636052
ZDHHC16	0.2148163313588812
ZDHHC24	0.2564442365142181
ZDHHC3	0.0706109690426976
ZDHHC4	0.2720333266260499
ZFAND1	0.1963491778101566
ZFAS1	0.1242577375628991
ZFP36L1	0.1532243969389206
ZFPL1	0.1559538777013513
ZNF106	0.072410049812591
ZNF131	0.0241838768913672
ZNF185	0.0903652467324461
ZNF22	0.0464291394230763
ZNF280D	0.0399811128077867
ZNF444	0.1710864791959465
ZNF480	0.1183269660960772
ZNF524	0.2193408351870565
ZNF576	0.0188825380895335
ZNF638	0.1981772058361666
ZNF655	0.1316665646781427
ZP3	0.1114922040760826
ZPR1	0.3398226967301364
ZWINT	0.0090281500320912
ZYX	0.5030999015009656