1	758	0.017954094
461	758	0.017954094
46	759	0.18747094
732	759	0.18747094
13	760	0.1759412
759	760	0.1759412
760	761	0.085331835
429	761	0.085331835
245	762	0.07998083
251	762	0.07998083
761	763	0.034073584
762	763	0.034073584
465	764	0.054775175
466	764	0.054775175
4	765	0.031704806
763	765	0.031704806
765	766	0.017517336
764	766	0.017517336
29	767	0.075322755
30	767	0.075322755
767	768	0.050534002
200	768	0.050534002
14	769	0.0411244
768	769	0.0411244
769	770	0.022440437
25	770	0.022440437
770	771	0.022421222
547	771	0.022421222
771	772	0.021549774
28	772	0.021549774
16	773	0.07047945
423	773	0.07047945
479	774	0.028787674
751	774	0.028787674
18	775	0.026470961
387	775	0.026470961
774	775	0.026470961
775	776	0.021729
308	776	0.021729
43	777	0.053094145
612	777	0.053094145
523	778	0.19677234
600	778	0.19677234
778	779	0.065207355
571	779	0.065207355
522	780	0.061750513
779	780	0.061750513
780	781	0.028306292
559	781	0.028306292
47	782	0.025478464
781	782	0.025478464
782	783	0.024040185
517	783	0.024040185
783	784	0.0234116
305	784	0.0234116
558	784	0.0234116
784	785	0.023068758
630	785	0.023068758
785	786	0.021106752
83	786	0.021106752
64	787	0.08001927
255	787	0.08001927
108	788	0.03338367
152	788	0.03338367
363	789	0.07805951
495	789	0.07805951
419	790	0.03575346
627	790	0.03575346
113	791	0.02936706
789	791	0.02936706
791	792	0.028440004
790	792	0.028440004
792	793	0.02072526
176	793	0.02072526
793	794	0.020494781
458	794	0.020494781
794	795	0.017736383
313	795	0.017736383
132	796	0.039938033
190	796	0.039938033
199	797	0.04567934
332	797	0.04567934
797	798	0.042300012
333	798	0.042300012
351	799	0.03413058
580	799	0.03413058
135	800	0.026544819
137	800	0.026544819
798	801	0.03247193
667	801	0.03247193
144	802	0.030260641
801	802	0.030260641
802	803	0.025375832
799	803	0.025375832
800	804	0.018915772
803	804	0.018915772
334	805	0.0347636
335	805	0.0347636
147	806	0.029784966
805	806	0.029784966
159	807	0.02474275
160	807	0.02474275
171	808	0.025174055
668	808	0.025174055
172	809	0.059163813
456	809	0.059163813
809	810	0.028701216
215	810	0.028701216
616	811	0.02343755
720	811	0.02343755
810	812	0.021714414
214	812	0.021714414
812	813	0.021625075
811	813	0.021625075
607	814	0.064944364
608	814	0.064944364
229	815	0.03172301
814	815	0.03172301
257	816	0.08183228
687	816	0.08183228
816	817	0.06370272
633	817	0.06370272
282	818	0.02028788
590	818	0.02028788
295	819	0.03763962
367	819	0.03763962
502	820	0.021561945
540	820	0.021561945
317	821	0.019989887
353	821	0.019989887
821	822	0.018480463
820	822	0.018480463
822	823	0.018124426
339	823	0.018124426
682	824	0.025966126
689	824	0.025966126
474	825	0.023600906
824	825	0.023600906
497	826	0.025868287
721	826	0.025868287
500	827	0.017788038
653	827	0.017788038
569	828	0.19651043
570	828	0.19651043
507	829	0.050876573
828	829	0.050876573
758	830	0.014323735
182	830	0.014323735
280	830	0.014323735
579	830	0.014323735
734	830	0.014323735
804	831	0.016254157
817	831	0.016254157
745	831	0.016254157
776	832	0.016125105
831	832	0.016125105
352	832	0.016125105
69	833	0.017155683
823	833	0.017155683
832	834	0.015581774
82	834	0.015581774
834	835	0.01537759
777	835	0.01537759
833	835	0.01537759
835	836	0.0150620155
827	836	0.0150620155
238	837	0.014657317
594	837	0.014657317
836	838	0.014265911
837	838	0.014265911
838	839	0.014224986
309	839	0.014224986
839	840	0.013982782
663	840	0.013982782
786	841	0.015656423
813	841	0.015656423
788	842	0.017354364
151	842	0.017354364
226	843	0.016140256
679	843	0.016140256
766	844	0.013724358
34	844	0.013724358
840	845	0.013928993
265	845	0.013928993
15	846	0.013744419
845	846	0.013744419
841	846	0.013744419
641	846	0.013744419
643	846	0.013744419
846	847	0.013583817
449	847	0.013583817
847	848	0.013258635
652	848	0.013258635
67	849	0.013028659
154	849	0.013028659
848	850	0.012943251
807	850	0.012943251
850	851	0.012672681
849	851	0.012672681
844	852	0.012583331
843	852	0.012583331
852	853	0.012041647
361	853	0.012041647
851	854	0.012292348
520	854	0.012292348
854	855	0.01219408
583	855	0.01219408
855	856	0.012136376
527	856	0.012136376
853	857	0.0119652795
856	857	0.0119652795
842	857	0.0119652795
463	857	0.0119652795
552	857	0.0119652795
857	858	0.011733966
74	858	0.011733966
858	859	0.0112996055
60	859	0.0112996055
859	860	0.011286034
825	860	0.011286034
829	860	0.011286034
772	861	0.013982782
201	861	0.013982782
344	862	0.01567464
601	862	0.01567464
862	863	0.013097173
739	863	0.013097173
33	864	0.0120897265
863	864	0.0120897265
795	865	0.0135957105
716	865	0.0135957105
232	866	0.014035538
818	866	0.014035538
162	867	0.013074763
866	867	0.013074763
865	868	0.01234104
867	868	0.01234104
269	869	0.013256764
704	869	0.013256764
705	869	0.013256764
425	870	0.012558561
539	870	0.012558561
431	871	0.011610025
434	871	0.011610025
871	872	0.011520959
671	872	0.011520959
472	873	0.011902435
740	873	0.011902435
826	874	0.017421242
498	874	0.017421242
642	875	0.012418871
727	875	0.012418871
830	876	0.009350298
581	876	0.009350298
860	877	0.011208351
53	877	0.011208351
877	878	0.011062408
733	878	0.011062408
878	879	0.010625557
153	879	0.010625557
879	880	0.010609036
54	880	0.010609036
880	881	0.010604473
796	881	0.010604473
881	882	0.010589615
150	882	0.010589615
882	883	0.0105356565
610	883	0.0105356565
883	884	0.010299783
158	884	0.010299783
884	885	0.010257474
350	885	0.010257474
885	886	0.010083467
427	886	0.010083467
886	887	0.010008734
236	887	0.010008734
887	888	0.009915108
868	888	0.009915108
869	889	0.01025499
819	889	0.01025499
888	890	0.009568869
693	890	0.009568869
890	891	0.009523403
806	891	0.009523403
891	892	0.009519028
378	892	0.009519028
892	893	0.009364311
889	893	0.009364311
504	893	0.009364311
893	894	0.00923806
163	894	0.00923806
26	895	0.01096137
27	895	0.01096137
861	896	0.010412067
895	896	0.010412067
896	897	0.009977457
31	897	0.009977457
109	898	0.011011236
490	898	0.011011236
231	899	0.010019228
692	899	0.010019228
321	900	0.010548235
323	900	0.010548235
873	901	0.010244759
635	901	0.010244759
369	902	0.010057247
901	902	0.010057247
872	903	0.010738236
436	903	0.010738236
903	904	0.010713711
874	904	0.010713711
390	905	0.009523403
904	905	0.009523403
905	906	0.009210421
433	906	0.009210421
876	907	0.009079245
499	907	0.009079245
736	907	0.009079245
894	908	0.009091889
175	908	0.009091889
908	909	0.009042658
702	909	0.009042658
907	910	0.008809009
909	910	0.008809009
902	910	0.008809009
910	911	0.008778422
808	911	0.008778422
428	911	0.008778422
911	912	0.008605045
546	912	0.008605045
899	913	0.008631086
680	913	0.008631086
912	914	0.008559062
913	914	0.008559062
773	915	0.008703233
603	915	0.008703233
914	916	0.008556389
864	916	0.008556389
815	916	0.008556389
672	916	0.008556389
916	917	0.008451348
915	917	0.008451348
917	918	0.008413637
870	918	0.008413637
263	919	0.008569396
906	919	0.008569396
919	920	0.008539084
435	920	0.008539084
918	921	0.008389267
318	921	0.008389267
897	922	0.008361817
920	922	0.008361817
921	923	0.008293767
922	923	0.008293767
923	924	0.008286202
875	924	0.008286202
924	925	0.008274003
900	925	0.008274003
618	925	0.008274003
925	926	0.008251864
256	926	0.008251864
926	927	0.008239705
724	927	0.008239705
927	928	0.008173598
120	928	0.008173598
928	929	0.008137155
322	929	0.008137155
929	930	0.008116122
898	930	0.008116122
930	931	0.008084096
294	931	0.008084096
931	932	0.008073035
787	932	0.008073035
932	933	0.0079577295
40	933	0.0079577295
388	933	0.0079577295
933	934	0.007866146
750	934	0.007866146
12	935	0.043239344
168	935	0.043239344
195	936	0.023454756
198	936	0.023454756
935	937	0.022901217
936	937	0.022901217
937	938	0.016383978
196	938	0.016383978
938	939	0.0112469625
167	939	0.0112469625
32	940	0.038008854
217	940	0.038008854
940	941	0.009916569
482	941	0.009916569
357	942	0.009631554
491	942	0.009631554
941	943	0.008204053
942	943	0.008204053
37	944	0.03716972
128	944	0.03716972
944	945	0.031101612
437	945	0.031101612
41	946	0.021894427
468	946	0.021894427
946	947	0.021103205
42	947	0.021103205
55	948	0.032301195
57	948	0.032301195
948	949	0.019983973
56	949	0.019983973
63	950	0.024855688
637	950	0.024855688
65	951	0.009976057
375	951	0.009976057
486	951	0.009976057
174	952	0.044317976
713	952	0.044317976
528	953	0.011427479
530	953	0.011427479
952	954	0.008499099
953	954	0.008499099
954	955	0.008310087
531	955	0.008310087
96	956	0.008252637
955	956	0.008252637
97	957	0.07166684
98	957	0.07166684
107	958	0.009151723
613	958	0.009151723
958	959	0.008207358
126	959	0.008207358
123	960	0.016738757
730	960	0.016738757
960	961	0.010582128
286	961	0.010582128
130	962	0.013822906
469	962	0.013822906
141	963	0.020524655
276	963	0.020524655
404	964	0.048573717
537	964	0.048573717
403	965	0.0394555
964	965	0.0394555
965	966	0.03736552
697	966	0.03736552
966	967	0.016527766
407	967	0.016527766
402	968	0.009789564
967	968	0.009789564
164	969	0.00893928
968	969	0.00893928
969	970	0.008672548
414	970	0.008672548
178	971	1.7427826
179	971	1.7427826
202	972	0.018094724
549	972	0.018094724
206	973	0.033234954
207	973	0.033234954
973	974	0.015937828
548	974	0.015937828
209	975	0.010588411
210	975	0.010588411
224	976	0.009246607
707	976	0.009246607
228	977	0.064138085
400	977	0.064138085
227	978	0.018975021
977	978	0.018975021
978	979	0.01789572
752	979	0.01789572
233	980	0.039382927
710	980	0.039382927
242	981	0.11666279
494	981	0.11666279
243	982	0.02095316
327	982	0.02095316
297	983	0.095323354
298	983	0.095323354
250	984	0.008414972
983	984	0.008414972
253	985	0.06877297
331	985	0.06877297
252	986	0.03010471
985	986	0.03010471
274	987	0.008686339
389	987	0.008686339
299	988	0.008038246
302	988	0.008038246
310	989	0.052188557
311	989	0.052188557
989	990	0.016529314
443	990	0.016529314
990	991	0.010476377
312	991	0.010476377
314	992	0.19443668
315	992	0.19443668
319	993	0.015682744
464	993	0.015682744
326	994	0.14442109
417	994	0.14442109
329	995	0.008495296
453	995	0.008495296
330	996	0.008979301
440	996	0.008979301
996	997	0.008704526
563	997	0.008704526
356	998	0.017754316
505	998	0.017754316
364	999	0.010841741
374	999	0.010841741
380	1000	0.008392226
572	1000	0.008392226
381	1001	0.027443578
411	1001	0.027443578
1001	1002	0.020179693
746	1002	0.020179693
1002	1003	0.010537408
650	1003	0.010537408
651	1003	0.010537408
397	1004	0.008819111
564	1004	0.008819111
441	1005	0.09577255
696	1005	0.09577255
489	1006	0.008260486
567	1006	0.008260486
544	1007	0.013132941
545	1007	0.013132941
684	1008	0.04080482
685	1008	0.04080482
738	1009	0.016755797
748	1009	0.016755797
1009	1010	0.013558143
749	1010	0.013558143
934	1011	0.007688374
982	1011	0.007688374
1011	1012	0.007650575
945	1012	0.007650575
956	1012	0.007650575
980	1012	0.007650575
306	1012	0.007650575
1012	1013	0.0076252683
632	1013	0.0076252683
1013	1014	0.0076120608
703	1014	0.0076120608
1014	1015	0.0076078707
278	1015	0.0076078707
975	1016	0.007688374
212	1016	0.007688374
1015	1017	0.0075993333
92	1017	0.0075993333
1017	1018	0.0075035323
296	1018	0.0075035323
599	1018	0.0075035323
1016	1019	0.00748073
211	1019	0.00748073
1018	1020	0.007455975
49	1020	0.007455975
1019	1020	0.007455975
359	1021	0.0072725695
646	1021	0.0072725695
1020	1022	0.007270865
451	1022	0.007270865
1022	1023	0.007266169
412	1023	0.007266169
1023	1024	0.007238279
625	1024	0.007238279
1024	1025	0.0072152386
582	1025	0.0072152386
1025	1026	0.0071806973
476	1026	0.0071806973
1026	1027	0.0071735512
78	1027	0.0071735512
1027	1028	0.007148468
360	1028	0.007148468
1028	1029	0.00708436
237	1029	0.00708436
1029	1030	0.0070818374
115	1030	0.0070818374
1030	1031	0.0070362673
118	1031	0.0070362673
1031	1032	0.006969374
538	1032	0.006969374
1032	1033	0.006858155
89	1033	0.006858155
1021	1033	0.006858155
959	1034	0.0074879574
116	1034	0.0074879574
345	1034	0.0074879574
1034	1035	0.00715393
117	1035	0.00715393
1035	1036	0.006946516
393	1036	0.006946516
148	1037	0.007411685
149	1037	0.007411685
218	1038	0.0071312175
995	1038	0.0071312175
991	1039	0.0073658936
337	1039	0.0073658936
1033	1040	0.006802481
997	1040	0.006802481
343	1040	0.006802481
1040	1041	0.006751289
102	1041	0.006751289
1041	1042	0.006717837
208	1042	0.006717837
1042	1043	0.006648767
979	1043	0.006648767
1043	1044	0.0066395714
483	1044	0.0066395714
1039	1045	0.0067330245
606	1045	0.0067330245
1044	1046	0.0065712812
112	1046	0.0065712812
259	1046	0.0065712812
1046	1047	0.0065595442
136	1047	0.0065595442
1047	1048	0.0065208026
747	1048	0.0065208026
1048	1049	0.0064895772
1037	1049	0.0064895772
943	1050	0.0062810015
1045	1050	0.0062810015
1049	1051	0.0062681534
1050	1051	0.0062681534
939	1052	0.006811143
999	1052	0.006811143
1052	1053	0.006315975
550	1053	0.006315975
1051	1054	0.0062563308
432	1054	0.0062563308
1054	1055	0.0062256614
94	1055	0.0062256614
971	1055	0.0062256614
1055	1056	0.006182176
714	1056	0.006182176
1056	1057	0.0061640632
382	1057	0.0061640632
655	1057	0.0061640632
1057	1058	0.0061203297
473	1058	0.0061203297
1058	1059	0.0060843085
1038	1059	0.0060843085
1059	1060	0.0060677202
106	1060	0.0060677202
1060	1061	0.006038785
1003	1061	0.006038785
1061	1062	0.006006017
71	1062	0.006006017
1062	1063	0.005936897
715	1063	0.005936897
1063	1064	0.0059260796
165	1064	0.0059260796
1064	1065	0.0059128166
1053	1065	0.0059128166
974	1065	0.0059128166
647	1065	0.0059128166
701	1065	0.0059128166
1065	1066	0.0058940784
1036	1066	0.0058940784
379	1067	0.0075682746
1000	1067	0.0075682746
129	1068	0.00751994
1067	1068	0.00751994
1068	1069	0.007446372
516	1069	0.007446372
1069	1070	0.006556328
744	1070	0.006556328
597	1071	0.0068054036
753	1071	0.0068054036
1071	1072	0.006038785
756	1072	0.006038785
1066	1073	0.0058691264
304	1073	0.0058691264
1073	1074	0.005834399
1004	1074	0.005834399
1074	1075	0.0057575726
341	1075	0.0057575726
1075	1076	0.0056744153
1008	1076	0.0056744153
1076	1077	0.0056389547
6	1077	0.0056389547
1077	1078	0.0056183445
81	1078	0.0056183445
1078	1079	0.0055824593
1072	1079	0.0055824593
629	1079	0.0055824593
1079	1080	0.005550053
239	1080	0.005550053
1080	1081	0.005544748
595	1081	0.005544748
645	1081	0.005544748
1081	1082	0.0055115228
235	1082	0.0055115228
1082	1083	0.005440139
80	1083	0.005440139
1083	1084	0.0053216
741	1084	0.0053216
1084	1085	0.005310331
515	1085	0.005310331
1085	1086	0.00524591
534	1086	0.00524591
1086	1087	0.0052298014
90	1087	0.0052298014
1087	1088	0.005201623
77	1088	0.005201623
79	1089	0.005811739
140	1089	0.005811739
963	1089	0.005811739
384	1090	0.0052587953
386	1090	0.0052587953
1088	1091	0.0051232213
454	1091	0.0051232213
1091	1092	0.005119285
101	1092	0.005119285
285	1092	0.005119285
681	1092	0.005119285
1092	1093	0.005090726
119	1093	0.005090726
1093	1094	0.0050712912
394	1094	0.0050712912
1094	1095	0.005044979
281	1095	0.005044979
1095	1096	0.004994958
993	1096	0.004994958
1096	1097	0.0049607567
271	1097	0.0049607567
1097	1098	0.0049551064
628	1098	0.0049551064
988	1099	0.004958919
300	1099	0.004958919
1098	1100	0.0049523544
86	1100	0.0049523544
1090	1100	0.0049523544
1100	1101	0.004943504
22	1101	0.004943504
185	1101	0.004943504
1099	1101	0.004943504
301	1101	0.004943504
503	1101	0.004943504
514	1101	0.004943504
1101	1102	0.004919104
557	1102	0.004919104
1102	1103	0.0048466893
737	1103	0.0048466893
1103	1104	0.0048440914
573	1104	0.0048440914
1104	1105	0.0047705714
183	1105	0.0047705714
1105	1106	0.0046571353
100	1106	0.0046571353
1070	1107	0.004629334
234	1107	0.004629334
1106	1108	0.004562258
415	1108	0.004562258
1108	1109	0.004497311
51	1109	0.004497311
1089	1109	0.004497311
1107	1109	0.004497311
962	1109	0.004497311
342	1109	0.004497311
568	1109	0.004497311
961	1110	0.0056116027
566	1110	0.0056116027
1110	1111	0.004501393
638	1111	0.004501393
139	1112	0.005377085
169	1112	0.005377085
157	1113	0.006734539
244	1113	0.006734539
222	1114	0.0077300677
266	1114	0.0077300677
609	1115	0.007134222
615	1115	0.007134222
662	1116	0.0062124473
757	1116	0.0062124473
1109	1117	0.004412595
44	1117	0.004412595
574	1117	0.004412595
1117	1118	0.004402085
1111	1118	0.004402085
1112	1118	0.004402085
391	1118	0.004402085
422	1118	0.004402085
639	1118	0.004402085
1118	1119	0.0043681855
987	1119	0.0043681855
1119	1120	0.004335088
180	1120	0.004335088
994	1120	0.004335088
1120	1121	0.004297247
61	1121	0.004297247
1121	1122	0.004295209
561	1122	0.004295209
1122	1123	0.0042308765
957	1123	0.0042308765
1123	1124	0.0041272393
240	1124	0.0041272393
470	1124	0.0041272393
1124	1125	0.0041026226
325	1125	0.0041026226
1116	1125	0.0041026226
1125	1126	0.0040436503
290	1126	0.0040436503
1126	1127	0.0040361173
75	1127	0.0040361173
1127	1128	0.004024474
288	1128	0.004024474
1128	1129	0.003998129
62	1129	0.003998129
1129	1130	0.0039635254
970	1130	0.0039635254
1130	1131	0.0038913377
617	1131	0.0038913377
1131	1132	0.003859034
262	1132	0.003859034
1132	1133	0.0038529935
1114	1133	0.0038529935
984	1133	0.0038529935
947	1134	0.004453933
992	1134	0.004453933
1133	1135	0.0038470407
99	1135	0.0038470407
1135	1136	0.0038321873
460	1136	0.0038321873
1136	1137	0.0038123887
103	1137	0.0038123887
1137	1138	0.003791981
661	1138	0.003791981
1138	1139	0.0037900915
587	1139	0.0037900915
1139	1140	0.0037746732
462	1140	0.0037746732
1140	1141	0.003737019
622	1141	0.003737019
723	1141	0.003737019
1141	1142	0.0037350182
1134	1142	0.0037350182
287	1142	0.0037350182
649	1142	0.0037350182
1142	1143	0.0037212283
729	1143	0.0037212283
1143	1144	0.0036886442
7	1144	0.0036886442
70	1144	0.0036886442
722	1144	0.0036886442
1144	1145	0.0036662626
213	1145	0.0036662626
324	1145	0.0036662626
755	1145	0.0036662626
1145	1146	0.0036277953
398	1146	0.0036277953
1146	1147	0.0035172405
972	1147	0.0035172405
665	1147	0.0035172405
1147	1148	0.0034923742
1010	1148	0.0034923742
1148	1149	0.003490377
133	1149	0.003490377
981	1149	0.003490377
1149	1150	0.0034752658
121	1150	0.0034752658
1150	1151	0.0034561637
184	1151	0.0034561637
659	1152	0.0040361173
677	1152	0.0040361173
1151	1153	0.0034460644
670	1153	0.0034460644
1153	1154	0.0034427936
88	1154	0.0034427936
370	1155	0.0034105617
562	1155	0.0034105617
1154	1156	0.0033740492
1155	1156	0.0033740492
1156	1157	0.0033243198
611	1157	0.0033243198
1157	1158	0.0032864257
485	1158	0.0032864257
1158	1159	0.0032692447
694	1159	0.0032692447
1159	1160	0.003235196
644	1160	0.003235196
1160	1161	0.0032117981
355	1161	0.0032117981
1161	1162	0.003201926
624	1162	0.003201926
1162	1163	0.0031982143
267	1163	0.0031982143
1163	1164	0.0031911936
596	1164	0.0031911936
1164	1165	0.0031795846
439	1165	0.0031795846
1165	1166	0.0031334297
186	1166	0.0031334297
1166	1167	0.0031299724
279	1167	0.0031299724
1167	1168	0.0031052239
187	1168	0.0031052239
1168	1169	0.0030977433
950	1169	0.0030977433
1169	1170	0.0030878878
1115	1170	0.0030878878
1170	1171	0.0030843432
656	1171	0.0030843432
1171	1172	0.0030766695
660	1172	0.0030766695
1172	1173	0.0030632296
1113	1173	0.0030632296
193	1174	0.003101647
194	1174	0.003101647
1173	1175	0.00304976
1006	1175	0.00304976
1175	1176	0.002998391
496	1176	0.002998391
1176	1177	0.0029864775
283	1177	0.0029864775
1152	1177	0.0029864775
1177	1178	0.0029735595
410	1178	0.0029735595
1178	1179	0.0029488679
73	1179	0.0029488679
1179	1180	0.002936809
998	1180	0.002936809
1180	1181	0.0029353506
719	1181	0.0029353506
1181	1182	0.00289924
408	1182	0.00289924
1182	1183	0.0028727092
543	1183	0.0028727092
1183	1184	0.0028572008
447	1184	0.0028572008
1184	1185	0.0028520443
372	1185	0.0028520443
1185	1186	0.0028020027
631	1186	0.0028020027
1186	1187	0.0028001226
478	1187	0.0028001226
576	1187	0.0028001226
1187	1188	0.0027797546
525	1188	0.0027797546
1188	1189	0.0027599277
127	1189	0.0027599277
1189	1190	0.0027522475
657	1190	0.0027522475
1190	1191	0.0027312983
591	1191	0.0027312983
1191	1192	0.0026890135
708	1192	0.0026890135
1192	1193	0.0026760409
1174	1193	0.0026760409
8	1194	0.0028324176
9	1194	0.0028324176
52	1195	0.0064671673
248	1195	0.0064671673
986	1196	0.006458179
426	1196	0.006458179
260	1197	0.0038774193
445	1197	0.0038774193
457	1198	0.0031741594
690	1198	0.0031741594
556	1199	0.0035796696
735	1199	0.0035796696
674	1200	0.006210876
675	1200	0.006210876
1193	1201	0.002609484
122	1201	0.002609484
284	1201	0.002609484
377	1201	0.002609484
623	1201	0.002609484
673	1201	0.002609484
1201	1202	0.0025749302
718	1202	0.0025749302
1202	1203	0.0025639369
166	1203	0.0025639369
1203	1204	0.0025615143
328	1204	0.0025615143
1204	1205	0.0025349834
221	1205	0.0025349834
1205	1206	0.0025252516
712	1206	0.0025252516
1206	1207	0.0025158122
5	1207	0.0025158122
1207	1208	0.0025081143
484	1208	0.0025081143
1208	1209	0.0024967263
246	1209	0.0024967263
666	1209	0.0024967263
1209	1210	0.0024948155
366	1210	0.0024948155
1210	1211	0.002490831
1007	1211	0.002490831
1211	1212	0.0024796287
413	1212	0.0024796287
1212	1213	0.0024759127
110	1213	0.0024759127
1213	1214	0.0024526431
480	1214	0.0024526431
1214	1215	0.0024508184
1195	1215	0.0024508184
1215	1216	0.002437205
181	1216	0.002437205
669	1216	0.002437205
1216	1217	0.0023860019
138	1217	0.0023860019
1217	1218	0.002378414
203	1218	0.002378414
1218	1219	0.0023670918
976	1219	0.0023670918
1219	1220	0.002349859
1198	1220	0.002349859
664	1220	0.002349859
1220	1221	0.0023480048
93	1221	0.0023480048
1221	1222	0.0023154358
442	1222	0.0023154358
1222	1223	0.002266041
17	1223	0.002266041
1223	1224	0.0022546286
220	1224	0.0022546286
1224	1225	0.002246814
444	1225	0.002246814
1225	1226	0.0022259576
565	1226	0.0022259576
1226	1227	0.0022219329
604	1227	0.0022219329
726	1227	0.0022219329
1227	1228	0.00221267
50	1228	0.00221267
1228	1229	0.002206744
145	1229	0.002206744
1229	1230	0.0021993197
66	1230	0.0021993197
1230	1231	0.0021934838
524	1231	0.0021934838
1231	1232	0.002159212
156	1232	0.002159212
1232	1233	0.0021457677
249	1233	0.0021457677
620	1233	0.0021457677
1233	1234	0.002126519
348	1234	0.002126519
699	1234	0.002126519
1234	1235	0.0021038465
588	1235	0.0021038465
1235	1236	0.002079142
11	1236	0.002079142
35	1236	0.002079142
316	1236	0.002079142
1236	1237	0.0020597302
430	1237	0.0020597302
1237	1238	0.0020542436
455	1238	0.0020542436
1238	1239	0.0020484587
1005	1239	0.0020484587
1239	1240	0.0020424535
1200	1240	0.0020424535
1240	1241	0.0020102148
420	1241	0.0020102148
555	1241	0.0020102148
1241	1242	0.002002626
216	1242	0.002002626
1242	1243	0.0019948934
575	1243	0.0019948934
1243	1244	0.001980014
695	1244	0.001980014
1244	1245	0.0019608194
376	1245	0.0019608194
1245	1246	0.0019492201
676	1246	0.0019492201
1246	1247	0.0019475637
1199	1247	0.0019475637
1247	1248	0.0019301694
406	1248	0.0019301694
1248	1249	0.0019283617
742	1249	0.0019283617
1249	1250	0.0019264173
487	1250	0.0019264173
509	1251	0.0019608194
513	1251	0.0019608194
1250	1252	0.0018712415
535	1252	0.0018712415
1252	1253	0.001867283
577	1253	0.001867283
1253	1254	0.001855982
1251	1254	0.001855982
1254	1255	0.0018483811
204	1255	0.0018483811
1255	1256	0.0017929827
45	1256	0.0017929827
951	1256	0.0017929827
1256	1257	0.0017814346
481	1257	0.0017814346
1257	1258	0.0017776693
725	1258	0.0017776693
1258	1259	0.0017376661
358	1259	0.0017376661
519	1259	0.0017376661
1259	1260	0.0017259747
532	1260	0.0017259747
1260	1261	0.0016956239
23	1261	0.0016956239
1261	1262	0.0016308518
728	1262	0.0016308518
1262	1263	0.0016269604
247	1263	0.0016269604
1263	1264	0.0016136015
143	1264	0.0016136015
1264	1265	0.0016039547
1196	1265	0.0016039547
1265	1266	0.0015869023
1194	1266	0.0015869023
421	1266	0.0015869023
1266	1267	0.0015468253
303	1267	0.0015468253
506	1267	0.0015468253
1267	1268	0.0015411713
72	1268	0.0015411713
1268	1269	0.0015335466
10	1269	0.0015335466
1269	1270	0.0015105256
58	1270	0.0015105256
1270	1271	0.001478105
418	1271	0.001478105
501	1271	0.001478105
1271	1272	0.0014515489
533	1272	0.0014515489
1272	1273	0.0014382014
467	1273	0.0014382014
1273	1274	0.0014343264
711	1274	0.0014343264
1274	1275	0.0014305323
142	1275	0.0014305323
1275	1276	0.0014171103
241	1276	0.0014171103
1276	1277	0.0014038251
578	1277	0.0014038251
1277	1278	0.0013447027
488	1278	0.0013447027
1278	1279	0.0013160339
84	1279	0.0013160339
272	1279	0.0013160339
1279	1280	0.0012778032
648	1280	0.0012778032
1280	1281	0.0012740314
146	1281	0.0012740314
1281	1282	0.00126839
551	1282	0.00126839
1282	1283	0.0012588028
592	1283	0.0012588028
1283	1284	0.001237856
450	1284	0.001237856
1284	1285	0.001205405
585	1285	0.001205405
1285	1286	0.0012035874
409	1286	0.0012035874
1286	1287	0.0011958921
493	1287	0.0011958921
1287	1288	0.0011901871
365	1288	0.0011901871
1288	1289	0.0011692469
48	1289	0.0011692469
114	1289	0.0011692469
1289	1290	0.0011558178
589	1290	0.0011558178
1290	1291	0.0011482933
20	1291	0.0011482933
1291	1292	0.0011061716
949	1292	0.0011061716
1292	1293	0.0011024938
536	1293	0.0011024938
1293	1294	0.0010929129
292	1294	0.0010929129
1294	1295	0.0010509307
395	1295	0.0010509307
1295	1296	0.0010358001
405	1296	0.0010358001
1296	1297	0.0010337961
189	1297	0.0010337961
1297	1298	0.0010184925
68	1298	0.0010184925
1298	1299	0.0010166292
448	1299	0.0010166292
1299	1300	0.001010936
270	1300	0.001010936
1300	1301	0.0010070945
336	1301	0.0010070945
1301	1302	0.0009994502
512	1302	0.0009994502
1302	1303	0.0009917775
471	1303	0.0009917775
1303	1304	0.000976594
518	1304	0.000976594
1304	1305	0.0009537076
584	1305	0.0009537076
1305	1306	0.0009479231
21	1306	0.0009479231
1306	1307	0.00094029994
134	1307	0.00094029994
1307	1308	0.0009269746
3	1308	0.0009269746
1308	1309	0.0009155947
743	1309	0.0009155947
511	1310	0.0018291065
634	1310	0.0018291065
1309	1311	0.0009117459
593	1311	0.0009117459
1311	1312	0.0009079105
24	1312	0.0009079105
1312	1313	0.00087350066
373	1313	0.00087350066
1313	1314	0.00085267454
477	1314	0.00085267454
1314	1315	0.0008277678
706	1315	0.0008277678
1315	1316	0.00082583964
526	1316	0.00082583964
1316	1317	0.00081820437
688	1317	0.00081820437
1317	1318	0.0008163315
354	1318	0.0008163315
1318	1319	0.0007896078
619	1319	0.0007896078
1319	1320	0.0007743959
125	1320	0.0007743959
459	1320	0.0007743959
1320	1321	0.000772434
541	1321	0.000772434
1321	1322	0.00076866173
104	1322	0.00076866173
1322	1323	0.0007609802
492	1323	0.0007609802
1323	1324	0.00074198836
289	1324	0.00074198836
1324	1325	0.0007381408
2	1325	0.0007381408
508	1326	0.00076866173
1310	1326	0.00076866173
1325	1327	0.00070952874
1326	1327	0.00070952874
510	1327	0.00070952874
1327	1328	0.00069805863
188	1328	0.00069805863
1328	1329	0.0006904625
475	1329	0.0006904625
1329	1330	0.00068859
1197	1330	0.00068859
1330	1331	0.00068282866
307	1331	0.00068282866
1331	1332	0.00066757156
368	1332	0.00066757156
1332	1333	0.0006636941
85	1333	0.0006636941
1333	1334	0.00059509545
177	1334	0.00059509545
1334	1335	0.0005798147
264	1335	0.0005798147
1335	1336	0.0005779198
347	1336	0.0005779198
1336	1337	0.0005722003
173	1337	0.0005722003
1337	1338	0.0005683862
95	1338	0.0005683862
1338	1339	0.000566484
36	1339	0.000566484
1339	1340	0.0005492943
59	1340	0.0005492943
1340	1341	0.00054743735
293	1341	0.00054743735
1341	1342	0.0005245294
225	1342	0.0005245294
1342	1343	0.00051115314
268	1343	0.00051115314
1343	1344	0.0005092577
658	1344	0.0005092577
1344	1345	0.00050163805
254	1345	0.00050163805
1345	1346	0.00047873703
605	1346	0.00047873703
1346	1347	0.00047492626
700	1347	0.00047492626
1347	1348	0.00046539583
223	1348	0.00046539583
1348	1349	0.0004539323
586	1349	0.0004539323
1349	1350	0.00045012546
621	1350	0.00045012546
1350	1351	0.00044442224
678	1351	0.00044442224
1351	1352	0.0004406004
170	1352	0.0004406004
446	1352	0.0004406004
553	1352	0.0004406004
1352	1353	0.00043105482
91	1353	0.00043105482
1353	1354	0.0004272371
192	1354	0.0004272371
1354	1355	0.0004139033
554	1355	0.0004139033
1355	1356	0.00041007594
754	1356	0.00041007594
1356	1357	0.0004081507
161	1357	0.0004081507
1357	1358	0.00035858687
371	1358	0.00035858687
1358	1359	0.0003547701
338	1359	0.0003547701
1359	1360	0.00034713582
277	1360	0.00034713582
1360	1361	0.00033378924
731	1361	0.00033378924
1361	1362	0.00032809825
452	1362	0.00032809825
698	1362	0.00032809825
1362	1363	0.00032615144
542	1363	0.00032615144
1363	1364	0.00029182242
416	1364	0.00029182242
1364	1365	0.0002880125
709	1365	0.0002880125
1365	1366	0.00028036706
205	1366	0.00028036706
219	1366	0.00028036706
401	1366	0.00028036706
602	1366	0.00028036706
626	1366	0.00028036706
1366	1367	0.00027846472
654	1367	0.00027846472
1367	1368	0.00026703384
691	1368	0.00026703384
1368	1369	0.0002613042
683	1369	0.0002613042
1369	1370	0.0002593968
261	1370	0.0002593968
385	1370	0.0002593968
1370	1371	0.00025367658
399	1371	0.00025367658
1371	1372	0.00024413814
614	1372	0.00024413814
1372	1373	0.00023078699
19	1373	0.00023078699
1373	1374	0.00022887872
38	1374	0.00022887872
39	1374	0.00022887872
1374	1375	0.00022315784
346	1375	0.00022315784
1375	1376	0.00021933595
258	1376	0.00021933595
1376	1377	0.00021743707
111	1377	0.00021743707
1377	1378	0.00020980627
349	1378	0.00020980627
1378	1379	0.00020408093
273	1379	0.00020408093
340	1379	0.00020408093
640	1379	0.00020408093
1379	1380	0.0002021852
717	1380	0.0002021852
1380	1381	0.0001945495
438	1381	0.0001945495
1381	1382	0.00018692247
191	1382	0.00018692247
1382	1383	0.00018310508
598	1383	0.00018310508
1383	1384	0.00017929239
76	1384	0.00017929239
1384	1385	0.00014114873
87	1385	0.00014114873
291	1385	0.00014114873
1385	1386	0.00013541964
392	1386	0.00013541964
1386	1387	0.00012970288
230	1387	0.00012970288
1387	1388	0.00012207046
636	1388	0.00012207046
1388	1389	0.00012016422
155	1389	0.00012016422
396	1389	0.00012016422
1389	1390	0.000112540925
275	1390	0.000112540925
1390	1391	0.0001068122
521	1391	0.0001068122
1391	1392	0.0001029942
362	1392	0.0001029942
1392	1393	8.773906e-05
124	1393	8.773906e-05
1393	1394	6.2942614e-05
131	1394	6.2942614e-05
1394	1395	5.91265e-05
424	1395	5.91265e-05
1395	1396	5.149817e-05
320	1396	5.149817e-05
1396	1397	4.7684254e-05
197	1397	4.7684254e-05
1397	1398	3.624004e-05
383	1398	3.624004e-05
1398	1399	3.0518015e-05
560	1399	3.0518015e-05
1399	1400	1.716625e-05
529	1400	1.716625e-05
1400	1401	1.3351376e-05
686	1401	1.3351376e-05
1401	1402	1.144413e-05
105	1402	1.144413e-05