A1BG	0.24728467119956865
AAK1	0.13193826767466052
AAMP	0.5153599684652932
AARS	0.4617175296806095
AATF	0.286235090205851
ABCC1	0.11729163240891276
ABCC2	0.03663691397151097
ABCD4	0.01021995551851011
ABCE1	0.1694763547365067
ABCF1	0.03929493270223964
ABCG2	0.016196160369322594
AC006262.5	0.5106277531775861
AC009133.12	0.06617130437801097
AC093673.5	0.037820619870973994
ACAT1	0.04297572770623213
ACAT2	0.28919864169481047
ACTA2	0.30586666749815056
ACTB	0.12454837163010787
ACTG1	0.049760476275184914
ADAM17	0.0774584091863627
ADAM9	0.13651289370581907
ADAR	0.09493589215194734
ADGRG1	0.47495420499089835
ADH5	0.049308395916848415
ADIPOR2	0.025787766184516753
ADM	0.090519309181691
ADNP	0.04658737488348649
ADSL	0.21661458257643187
AEN	0.10600526796213491
AFMID	0.2179405455978872
AGAP2-AS1	0.11058125950314089
AGR2	0.274581681779385
AGTRAP	0.08639094105505915
AHI1	0.23503008842470477
AHNAK2	0.02357660743373924
AIFM1	0.3809954420725191
AIFM2	0.3253554380885478
AIMP1	0.04466060524981119
AIMP2	0.06919226818438566
AIP	0.2508804452606363
AJUBA	0.1803686620707855
AKAP12	0.0051551305904948665
AKAP17A	0.059341029315762614
AKAP9	0.04262758953168636
AKIRIN1	0.039343652613632686
AKR1B1	0.0447068647686421
AKR1B10	0.22804950318673917
AKR1C1	0.014782118015849697
AKR1C2	0.1347251649408468
AKR1C3	0.15734019979938982
AKR7A2	0.05726131742286852
ALCAM	0.38810406627751753
ALDH1A1	0.05444489328546858
ALDH2	0.20925161864482109
ALDH3A1	0.06822220758178726
ALDOA	0.08616094057217945
ALX1	0.05056404335336095
ALYREF	0.007435626598859971
AMIGO2	0.41136176649577066
ANG	0.015606660915169851
ANGPTL4	0.06571257087406013
ANKIB1	0.1386221749872463
ANKLE2	0.08787394097340927
ANKRD1	0.08942810590136052
ANKRD28	0.07107383515527105
ANKRD29	0.16465672767292022
ANKRD30A	0.04699470866837667
ANKRD37	0.007482780365780733
ANKRD40	0.24260141598043578
ANLN	0.2549036800722413
ANP32E	0.19982675436074462
ANTXR1	0.14200738704847227
ANXA1	0.02715881928277166
ANXA2	0.391828127499764
ANXA3	0.21707305367806506
ANXA4	0.2894639637421838
ANXA7	0.19029020014013256
ANXA8L1	0.04824909526315339
AP1G1	0.18733434898175486
AP1M2	0.043881388419412824
APITD1	0.3136520034419682
APLP2	0.22236901464938028
APMAP	0.07660338454525985
APOBEC3C	0.09816792198427253
APOC1	0.19417322582528226
APOE	0.02942425011025275
APP	0.2933652134252796
APPL1	0.009148953368225165
AQP3	0.042084499640467996
AR	0.05044421390642087
AREG	0.026804757305394805
ARF4	0.07999913761259186
ARHGAP11A	0.15039227185106532
ARHGAP11B	0.09751662454566899
ARHGAP18	0.4194895522119974
ARHGAP29	0.0345596095509542
ARHGAP35	0.07478881407358738
ARHGAP5	0.14361455845348345
ARID4B	0.11656576976030544
ARL1	0.045659836068622124
ARL4C	0.45275897999684794
ARL4D	0.14540078006774995
ARL6IP1	0.08238318245202458
ARL6IP5	0.09983146503881103
ARPC3	0.23610080728290553
ARRDC1-AS1	0.2295794660724682
ARRDC3	0.021824331886172298
ASCC3	0.0595656654728504
ASGR1	0.0020293086248248226
ASNS	0.23724951943573433
ASPHD1	0.25242745506609493
ASPM	0.1586725732428844
ATAD2	0.16946809028277993
ATAD5	0.03157120550935496
ATE1	0.11997238740094103
ATF3	0.20172874239130367
ATF4	0.31317707505637504
ATF5	0.1373160100544973
ATIC	0.17680553349294645
ATOH8	0.04584677565960314
ATP1B1	0.26297530983637024
ATP1B3	0.3639019938082203
ATP2A1-AS1	0.010344928095020129
ATP2A2	0.16732561875627439
ATP5A1	0.22598652777281109
ATP5B	0.1264943957197842
ATP6AP2	0.18058294069597608
ATP6V1D	0.015787124795483276
ATP6V1E1	0.2573905056223262
ATP6V1E2	0.14987118318939993
ATXN10	0.2063853862347968
ATXN2	0.09048095941701582
AURKA	0.02742474957477854
AURKB	0.0824058262360398
AVPI1	0.06193016374599345
AXL	0.20122188946341527
B2M	0.03819841475923436
B3GALNT2	0.13202309041427368
B4GALT1	0.34444184557123697
B4GALT5	0.03856988269398409
B9D2	0.1302353966712411
BAG2	0.02941358367300194
BAMBI	0.36716440077262946
BATF3	0.14302010609242924
BAZ1A	0.012009629062227313
BBC3	0.15733958306085868
BCAM	0.2716099202643221
BCAS1	0.12353901771612201
BCAS4	0.17762221160042962
BCAT1	0.24766850254880277
BCCIP	0.3265098196519774
BCL2L1	0.2671774953744099
BCL3	0.28089313431927515
BCYRN1	0.020881953830530507
BDKRB2	0.011145201244979712
BDNF	0.20788704010213144
BEX2	0.01945890689263699
BHLHE40	0.5584795940034746
BICC1	0.022992459465617322
BIRC3	0.15141573317365217
BIRC5	0.02828776443290491
BLOC1S4	0.03495190798880997
BLVRA	0.006251146348370807
BLVRB	0.00837644994232035
BMP4	0.24340290513533813
BOLA1	0.03310200306709307
BOP1	0.20072669046913386
BRCA1	0.062430731608856864
BRD2	0.09223374055158802
BRD3	0.1422734078325167
BRIX1	0.24952176298210876
BROX	0.055150314504944294
BTBD11	0.361109403291499
BTF3L4	0.1516796624212079
BTG1	0.22872089832923248
BTG2	0.07203857933107682
BUB1	0.059049173437628735
BUB3	0.2866325676939433
BZW2	0.10916337664710057
C10orf54	0.04282012789057328
C11orf86	0.0605618589886247
C12orf49	0.11782388060450187
C12orf65	0.09585005937983865
C12orf75	0.21993673643815245
C15orf48	0.032683540508811934
C16orf74	0.19414814967143734
C16orf91	0.040804583906296876
C19orf48	0.25765714927458294
C19orf81	0.006814873830323873
C1D	0.12074134494462495
C1QL1	0.02254893564271444
C1QTNF6	0.07563389688722187
C1S	0.13633489278784044
C1orf131	0.11816523526450366
C1orf174	0.16795276821557192
C1orf21	0.11119753249094097
C1orf35	0.27378004600062045
C1orf56	0.09596894379559148
C1orf61	0.056487141479489356
C21orf58	0.07191808197955782
C2orf82	0.10967534270260251
C6orf1	0.21372731894553054
C6orf141	0.10049480255534934
C6orf62	0.28314077511725344
C8orf4	0.08791918005195933
CA12	0.47482202401724494
CACNG6	0.04944234822523576
CACNG8	0.1433014961874833
CACUL1	0.005766808613201137
CACYBP	0.10927794989677533
CADM2	0.07018005399813058
CALB2	0.033669998237321856
CALM2	0.21992493074024708
CAMK2N1	0.08207104793365019
CAMLG	0.06207763169830382
CAND1	0.3306181274868472
CAPG	0.2594973227919515
CAPN12	0.2074558847741655
CAPZA1	0.46228630631281337
CASC10	0.05714410378130294
CASC15	0.1679007074939782
CASC8	0.09767173225679955
CAST	0.12977426477670737
CAV1	0.19289680260195857
CBR3	0.16421988862976808
CBX6	0.19521353178872256
CCAR1	0.05429576875016307
CCDC106	0.12216842846258683
CCDC12	0.021427247612176115
CCDC47	0.21529998634778996
CCDC57	0.04537730375581981
CCDC80	0.3268518903465391
CCDC86	0.19318688593192224
CCL2	0.1788964111387971
CCL26	0.2796580243577588
CCNA2	0.10616930132844765
CCNB1	0.18392972505198713
CCNB2	0.20888815287403653
CCND1	0.18278574376615173
CCND3	0.1357336120801557
CCNE1	0.20170093075565515
CCNF	0.01829973835747197
CCNYL1	0.14554847737496485
CCPG1	0.1992220621896973
CCT2	0.015317093411993034
CCT3	0.21766315095923114
CCT4	0.5922113222600102
CCT5	0.20973634855171588
CCT6A	0.4636588203421918
CCT7	0.0617473758961852
CCT8	0.39947871073659624
CD24	0.440353676491468
CD3EAP	0.26954489088642897
CD44	0.16032829928204254
CD46	0.06356299330823335
CD55	0.03618835266016682
CD63	0.17921396445278442
CD70	0.1540358049144574
CD81	0.14409233642380742
CD9	0.171561867712531
CDA	0.06580029358955362
CDC123	0.227467528375982
CDC20	0.15159202119079093
CDC27	0.2069921330562474
CDC42	0.015051370110555145
CDC42BPA	0.29645728343694344
CDC42BPB	0.14547483689771684
CDC42EP1	0.016679765495106844
CDC42EP3	0.04271130069636828
CDC42SE1	0.007752149136167412
CDC6	0.03230799723902314
CDCA2	0.21749524457525124
CDCA3	0.27992378923985956
CDCA4	0.46605913638362056
CDCA5	0.05340956600188096
CDCA7L	0.17918717825219904
CDCA8	0.0061899079861500676
CDK1	0.06521337773276761
CDK5RAP2	0.16438928791157523
CDK6	0.24898909998002955
CDK7	0.03586183469145521
CDKN1A	0.11006976309331469
CDKN2C	0.058469624718564
CDKN3	0.3657457908834925
CDT1	0.3720551117576957
CEACAM6	0.04481334135183928
CEBPB	0.09054792589609835
CEBPD	0.17639274708421404
CELF1	0.02703803682621058
CENPA	0.2589138140189537
CENPB	0.26882283740231655
CENPE	0.10605192071273303
CENPF	0.10635559188717786
CENPU	0.13204072555605526
CEP290	0.05416106718274539
CEP350	0.0048195306527077245
CEP55	0.39875792653004827
CES1	0.08069315106503493
CFAP20	0.014198103363784943
CFAP97	0.08407713253382436
CFLAR	0.29946546052497763
CH17-360D5.2	0.17782063493119002
CHAF1A	0.5816940623490183
CHD1	0.43091654854180006
CHD4	0.11219842298505661
CHD9	0.17803458553222998
CHEK1	0.0028597387632770346
CHML	0.1534888122479628
CHMP1B	0.07047848342118089
CHP1	0.36534775155962773
CIAO1	0.2619144890861926
CIAPIN1	0.1441047476173267
CIB2	0.07900856649377734
CITED4	0.08672763114428528
CKAP2	0.05529304585734243
CKAP2L	0.08844265090132097
CKAP5	0.1878768562726443
CKB	0.11487034123574077
CKS2	0.14936899573763482
CLDN2	0.19785611412780243
CLDND2	0.19491727251596166
CLEC11A	0.15043089627245204
CLIC1	0.11875092511850066
CLIC3	0.00830102871718903
CLINT1	0.21602554131155005
CLPTM1	0.16488340455891795
CLSPN	0.2102589355393403
CLU	0.25842548784911
CMB9-22P13.1	0.21415862944370803
CMTM3	0.09003591847444184
CMTM6	0.1608086563624531
CMTM7	0.313993525996911
CNN2	0.046191841369244875
CNN3	0.04597106979885998
CNP	0.18268806760362694
CNTN1	0.05551939222786109
CNTNAP3B	0.23102366934102547
COIL	0.2056462380194976
COL18A1	0.2033611645515224
COL4A2	0.09933310480405817
COL5A1	0.12582084304967356
COL5A2	0.6331095135792372
COMMD3	0.1833900600585726
COMTD1	0.049264656293004194
COPS5	0.490971295315395
COPS6	0.421450297141713
CORO1C	0.11715275444745915
CPLX2	0.06270445112233207
CPS1	0.3210250969374363
CPT1C	0.023712832237252592
CRABP2	0.039046881315118694
CRACR2B	0.06430048902150942
CREBRF	0.023868205602677973
CRELD2	0.07207313042669637
CRIM1	0.15404745928204394
CRIP2	0.5812992851425369
CRTC3	0.06922123260840678
CSAG1	0.044047409173116676
CSE1L	0.061899113182227516
CSF1	0.2464440468677229
CSGALNACT1	0.09181821867267956
CSTA	0.08390188785926014
CTA-29F11.1	0.03427917140147701
CTA-392C11.1	0.027970294276882208
CTC-459F4.3	0.07112569343704411
CTC-524C5.2	0.5028377224637846
CTC-573N18.1	0.08480581729110359
CTCF	0.15127343434623208
CTD-2314B22.1	0.20049165756757076
CTD-2600O9.1	0.022331311356000593
CTD-3184A7.4	0.12951099349297363
CTD-3252C9.4	0.17874211605210505
CTDSPL	0.3414069692730925
CTGF	0.09664823785643374
CTNNAL1	0.33095061349563204
CTNNB1	0.23322422506711352
CTPS1	0.31508362238815907
CTSB	0.29157831820722185
CTSC	0.09249819739921562
CTSL	0.36304462959736333
CTSV	0.10666410050344578
CTTN	0.037495760983432845
CTXN1	0.0980328233245591
CUL3	0.38505559023485497
CUTC	0.10381623979513888
CUX1	0.22671201368419042
CXCL1	0.04083457929384331
CXCL2	0.11695026965723318
CXCL3	0.019654790518523896
CXCL5	0.036125544817411044
CXCL8	0.08590668774605227
CXXC5	0.17123165125783904
CYB5B	0.21093126631953316
CYB5D2	0.18098013451130882
CYBA	0.16706557380295525
CYHR1	0.13193230872886608
CYP1B1	0.20886911773216568
CYP24A1	0.1923733301116688
CYP26B1	0.23351589651289473
CYP4F3	0.009303548093690052
CYR61	0.03135349280128995
DAB2	0.28577137965091537
DAG1	0.06592644301633742
DAP	0.05599173341057033
DAPK1	0.44713595722339944
DARS	0.08855361829627069
DBF4	0.062004209611067646
DBNDD1	0.012839116347791762
DBP	0.02442110271315547
DCAF13	0.22244884256727812
DCAF7	0.0019615321868824416
DCBLD2	0.13928656506715079
DCDC2	0.3746366525555394
DCTN2	0.25408624478425124
DCTN6	0.5331776973444879
DDB2	0.09459826048904414
DDIT3	0.08516563863069497
DDIT4	0.0709430714859195
DDOST	0.13463749005845654
DDRGK1	0.26003468039089556
DDX10	0.041481994070618255
DDX18	0.0076457619496746445
DDX23	0.17915114099512344
DDX27	0.11424671464636924
DDX39A	0.0353725193429131
DDX42	0.054945397425016626
DDX54	0.06795761029905881
DDX56	0.07532096122708269
DEDD2	0.0011951363821712413
DENND5B	0.09924950568070509
DEPDC1	0.13564837344423736
DERA	0.13990455348835304
DERL2	0.24962092790479035
DESI2	0.34979027974897065
DFFA	0.3122321027848824
DGKD	0.1721758196917518
DGKE	0.3234178939968085
DGUOK-AS1	0.13668591692498447
DHCR24	0.21054106481444784
DHRS2	0.10972801683045824
DHRS3	0.15871525248074353
DHRS4	0.1525526591105774
DHRS4L2	0.013326361009858428
DHRS7	0.11270638460596802
DHX9	0.06531647760030285
DIO2	0.3561345032534546
DIO3OS	0.08030112667305475
DKK1	0.3276081014820221
DLC1	0.04466377596459891
DLD	0.207240287755044
DLGAP1-AS1	0.21067653408684514
DLGAP5	0.07449840245743418
DMKN	0.22172518374939854
DNAJA1	0.25955760294921665
DNAJA2	0.11440393883749211
DNAJB1	0.27385439953756346
DNAJB11	0.2355461146092751
DNAJC1	0.11056122183963142
DNAJC10	0.0686363046950069
DNAJC12	0.22015784955332388
DNAJC21	0.07593937662272929
DNAJC22	0.12948160358706964
DNAJC3	0.5272858052329741
DNAJC4	0.14645999219606387
DNTTIP2	0.22243587876428597
DOCK5	0.14538692682040472
DOK4	0.06175020380632631
DOPEY2	0.017968118783717173
DPM1	0.321201295938093
DPYSL3	0.00128072152021937
DSG2	0.11382964035981238
DSP	0.11940488882231373
DST	0.430507649501032
DTL	0.2519458970174567
DUSP1	0.22777066026400397
DUSP14	0.6791263339083143
DUSP4	0.11302237681077647
DUSP5	0.3218937915769575
DYNC1H1	0.20635085559667574
DYNC1I2	0.24086804453209823
DYNLL1	0.20905995980749245
DYNLT3	0.20222081624659252
DYRK1B	0.19962520382865376
E2F1	0.018896372806121945
EAPP	0.05281540001236236
EBAG9	0.025407291516374768
ECH1	0.12232252251400652
ECI2	0.11733089738548716
ECT2	0.1442043989023222
EDN1	0.05122490650566112
EEF1A1	0.05671790166879087
EEF2	0.05168474966580143
EFEMP1	0.09701189962152917
EFHD2	0.2922352821658449
EFNA1	0.04690905149335279
EFNA5	0.20898776596887805
EGFR	0.2900038563957244
EGLN1	0.4069677690476457
EHBP1	0.07524564625183691
EHD2	0.036085811530416886
EID2B	0.0544917936241218
EIF1	0.13022143489818683
EIF1AY	0.4870272690316892
EIF1B	0.13573108092816405
EIF2AK2	0.021066052114830255
EIF2S1	0.09380125119368615
EIF2S3	0.24357522582567603
EIF3D	0.11898554228427137
EIF3E	0.21614050526935738
EIF3I	0.3577753293803282
EIF4A1	0.38732751029660256
EIF4A2	0.3819916852435437
EIF4A3	0.14007101146756015
EIF4E	0.0923579604204748
EIF4EBP1	0.06334809128269907
EIF4G2	0.12943693375823265
EIF5	0.11267664067897178
EIF5A	0.46490388307657404
EIF5AL1	0.2574049197965803
ELAVL1	0.34204277942975764
ELF3	0.33612655360756505
EMB	0.12794377274261085
EMC3	0.2909700654086273
EMC7	0.21393100520872935
EMP2	0.18644663505243675
ENDOG	0.32535160603343327
ENO1	0.18860769110950035
EPAS1	0.1069515798379889
EPHX1	0.2215428107454125
EPN2	0.11165528948305463
EPRS	0.38230655422355025
EPS8	0.037952083047485916
ERAL1	0.06887224081008236
EREG	0.19548314076453527
ERGIC2	0.05267813708868662
ERN1	0.11332977609676824
ERRFI1	0.03265382147705772
ERV3-1	0.06674887251018434
ESAM	0.09101266870997646
ESCO2	0.3595309153478931
ESD	0.010513302142811766
ESF1	0.015296191842507079
ETFB	0.16387040295856528
ETS2	0.020125678729795253
ETV4	0.26637131395826663
EVA1A	0.006729456262646253
EVA1B	0.020820361148013975
EVA1C	0.16440093353440077
EWSR1	0.1981033572282114
EXOSC1	0.029625209669511682
EXOSC3	0.19833335775455135
EXOSC6	0.15797840740491134
EXOSC7	0.006778601101365379
EXOSC8	0.17100111187704733
F12	0.2551781900194075
F2RL1	0.06642872926482145
FAAP24	0.46540096860469904
FABP5	0.07173731249367749
FABP6	0.031208290218732823
FADS2	0.1906424417420133
FAM102A	0.3312973172028668
FAM107B	0.11462498436374521
FAM111B	0.10405704038197224
FAM120A	0.10762632203238082
FAM133A	0.3314822388125351
FAM162A	0.29121218380173725
FAM215B	0.0004566283413169678
FAM227A	0.09071512201950156
FAM46A	0.018243824802860315
FAM50A	0.2532231022353339
FAM60A	0.18728979809284016
FAM64A	0.03852504115826984
FAM83D	0.17270779617900503
FAM89A	0.056307065048296405
FAM89B	0.07979058696263842
FANCD2	0.2238807137279678
FAT1	0.035361775521634574
FBN2	0.30351818565030275
FBXO32	0.02735670392939958
FCGRT	0.5696076215749366
FDFT1	0.2171185485521671
FDPS	0.25170031864746756
FDXR	0.048991587776447174
FEN1	0.1841868998160274
FES	0.09076107170022497
FGA	0.0850773218911889
FGB	0.35653026178726216
FGD6	0.1055391581647444
FGFR1	0.2833263510058293
FGFR1OP2	0.2832168150442608
FGFR4	0.1603986968407438
FGG	0.24890232352838268
FGL1	0.03426217365795533
FH	0.17561493343399145
FHL1	0.2572769383937022
FHL2	0.15024608632509523
FILIP1	0.3793028926723804
FJX1	0.08570998619623316
FKBP9	0.2032758025093204
FLJ20021	0.2288278662457408
FLNA	0.043627077801056194
FLRT3	0.02481601708267705
FMNL1	0.11132736322795055
FN1	0.22169545258420614
FOPNL	0.09240506418528872
FOS	0.03023178871146316
FOSL1	0.177955174930788
FOSL2	0.06090702704860183
FOXA2	0.3407932972447815
FSCN1	0.21856944829211722
FST	0.06413516101666863
FSTL3	0.07514749290635503
FTSJ2	0.21903193328086804
FUBP1	0.09643928125205813
FYB	0.3813435097863866
G0S2	0.0020322251721399823
G2E3	0.06749013146039551
G3BP2	0.1826766901678478
GABPB1	0.07983937032108294
GABRA5	0.006685021075047382
GABRB3	0.1065091555451964
GABRE	0.04237568349579213
GACAT2	0.8964470116395258
GADD45A	0.03541791033503208
GADD45B	0.14185201485295784
GAL	0.36113828720393815
GAL3ST1	0.051971234901930015
GALK1	0.08335310613343999
GALNT1	0.45288324052150475
GALNT10	0.3045261504944868
GAPDH	0.06859255895793928
GAPLINC	0.2018426532855067
GAR1	0.10216264131291918
GAS2L1	0.10804249150697554
GBAS	0.0545650054214992
GCC2	0.001640605890520401
GCHFR	0.17967303012548344
GCLC	0.1425473507094164
GCNT3	0.24544860802319163
GDF15	0.32513432857016705
GFRA1	0.0660136310962061
GGH	0.10796080516623126
GGNBP2	0.009970179970926049
GIGYF1	0.01117737856518332
GINS2	0.2749027149671298
GINS4	0.0603982771181426
GIP	0.3854877321676243
GJA1	0.036340047304373256
GKN1	0.024084133993338423
GLE1	0.30969373001959494
GLIPR1	0.087292733411064
GLIS3	0.07709758031456683
GLOD4	0.3823939456367293
GLRX	0.052832236354740277
GLRX3	0.06207124396706674
GLS	0.3745042481352158
GLTP	0.0017901037006050019
GMNN	0.10695270390629995
GMPS	0.06299496287133995
GNB2L1	0.0038842167723458832
GNL3	0.15601985885877437
GNPDA1	0.15012053882725032
GNPNAT1	0.14496815647135697
GOLGB1	0.09494520576233703
GOLIM4	0.16338412189234156
GOT1	0.1337486048802712
GPC1	0.15853002306609354
GPCPD1	0.12591230207666682
GPN3	0.22090740823854718
GPRC5A	0.5497682489207304
GPRIN2	0.12740088877861538
GPRIN3	0.04245458608414252
GPX1	0.48849443407064136
GPX2	0.34905544402045735
GPX3	0.13803964014458053
GRAMD1B	0.06749757827741985
GREM1	0.10019810528110668
GRK6	0.018914401850140053
GRN	0.09559261673341975
GRPEL1	0.014934076914253818
GRSF1	0.08447595324336174
GRWD1	0.13350385793169495
GS1-124K5.4	0.1168644302281824
GSTO1	0.08459070790897548
GTF2F1	0.16294158859619468
GTPBP4	0.21871960404495347
GTSE1	0.10847236390383139
GULP1	0.019922317219190543
H1F0	0.24628412352958934
H1FX	0.26186366922498383
H2AFX	0.14211870529032647
HACD1	0.25070502529368976
HACD3	0.0623291703792812
HADHB	0.13501803691528716
HAPLN3	0.11711519348643085
HAS2	0.08287990755823073
HAT1	0.10709358096574496
HAUS2	0.2336082609004028
HCCS	0.2820431868000746
HDAC1	0.14800678874685289
HDAC2	0.5075051728829119
HEBP1	0.1835848672337789
HERC2	0.12035427692515939
HERC4	0.11321466677701608
HERPUD1	0.011547848237568726
HES1	0.014719425548038378
HES4	0.0971678409363325
HES6	0.06791001431169151
HES7	0.04685226742644431
HEXB	0.10867905193007263
HEXIM1	0.14436294406665473
HGD	0.20149722069274942
HHEX	0.13520672049453422
HHIP-AS1	0.01203425752529091
HIF1A	0.04075356556548743
HILPDA	0.05233478303606187
HIP1	0.028154371922024225
HIPK2	0.29946036988726693
HIST1H1B	0.13042794046281128
HIST1H1C	0.03086446817642632
HIST1H1D	0.5036893858846867
HIST1H1E	0.6343813224070181
HIST1H2AC	0.01881284444409356
HIST1H2AH	0.00015872093711947203
HIST1H2BD	0.031190529123648295
HIST1H2BJ	0.15311917862375457
HIST1H4C	0.3681252360001282
HIST2H2AC	0.5972770263622914
HIST2H2BE	0.04708903439214545
HIST3H2A	0.20321970567145187
HJURP	0.1931498860764754
HLA-A	0.19988308734210344
HLA-DMB	0.1136393532234085
HM13	0.06620431045573706
HMG20B	0.21358067024673422
HMGA2	0.02811731729079937
HMGB2	0.06315748263100036
HMGB3	0.21743804603609374
HMGCS1	0.30655571066752063
HMMR	0.018605227218417997
HMOX1	0.09231020886625874
HNF4A	0.06365496918710223
HNRNPAB	0.19134315429310675
HNRNPDL	0.27567467682144103
HNRNPH1	0.0660826154879211
HNRNPM	0.06341846729537352
HNRNPR	0.10612679808480853
HOMER3	0.15919153175563935
HOTAIRM1	0.13174715235919282
HOXA-AS2	0.09933119961066501
HOXA3	0.028343535589154673
HOXA5	0.0112745884656666
HOXB2	0.0692447582544395
HOXB8	0.09138087487205862
HP1BP3	0.19599821714277965
HPGD	0.1578953405804595
HPRT1	0.057912113173203175
HPS1	0.05576593656810932
HSD17B11	0.07031852964689109
HSP90AA1	0.11327367129185165
HSP90AB1	0.06623298642721728
HSP90B1	0.05481051737570993
HSPA14	0.07813016841495338
HSPA1A	0.33970834595770705
HSPA2	0.2583825149848465
HSPA4	0.1424719688511709
HSPA5	0.39805798174410073
HSPA8	0.03195541478335912
HSPA9	0.25935611855144375
HSPB8	0.02813599082244069
HSPD1	0.11530937007741782
HTATSF1	0.10512487265792482
HTRA3	0.013420879676960182
ICE1	0.14533878519403134
ID1	0.3010547305050462
ID2	0.27234195555760793
ID3	0.023340212197826966
ID4	0.011276532503042117
IDH2	0.2332628952032734
IDH3B	0.1202008425395614
IDI1	0.0352100864890475
IDS	0.27179350009093844
IER2	0.13779715837822956
IER3	0.07267814106893404
IER5	0.08920740931572299
IER5L	0.09347835794208985
IFFO2	0.019971754765116367
IFITM2	0.1613622524756589
IFITM3	0.06563764296969836
IFNGR2	0.0964666547155503
IFRD1	0.08616014875097207
IFT27	0.08855723679643684
IFT81	0.04797002021504282
IGF1R	0.4520080841348949
IGF2BP1	0.27766495104223626
IGFBP3	0.34258110507617073
IGFBP4	0.3329362435591278
IGFBP6	0.07714693507300278
IGFBP7	0.1371720685454572
IK	0.19158135318977984
IL11	0.1304522426786944
IL15	0.019537224894715644
IL18	0.18834829338914139
IL32	0.1481741096347142
IL6ST	0.0220668956533799
ILF2	0.021202288725599396
ILF3-AS1	0.20544426418374137
ILK	0.31344566350012065
IMMP1L	0.036778347109980215
IMMT	0.34622444425440563
INA	0.2748179571774279
INAFM1	0.0349689412642554
ING2	0.14372135505051958
INHBB	0.027147596189694326
INO80C	0.06560121860017298
INSIG1	0.22448994345946446
INSL4	0.24792052847141713
INSR	0.4239215668266792
IP6K2	0.09783423773878304
IQGAP1	0.3263536288010341
IQGAP3	0.15803563795234518
IRF1	0.38115391192329334
IRF2BPL	0.15125866209109579
IRS1	0.015470501275548693
ISG15	0.20437422270365252
ITGA3	0.11790064727123933
ITGAV	0.0820825072590055
ITGB3BP	0.04134304758863178
ITM2B	0.4718891991178795
JADE1	0.08088176802745836
JAG1	0.0033512444664855574
JMJD1C	0.08454630623403513
JMJD6	0.010847671474159281
JUN	0.3612002026182985
JUNB	0.061322273714610305
JUND	0.2620285841109541
KANK1	0.1368046078794917
KARS	0.1581712693801368
KB-1732A1.1	0.3202253342946515
KCNK6	0.029066936615151768
KCNMA1	0.32022390323622973
KCNQ1OT1	0.040040155525561484
KIAA1191	0.035076911244809224
KIF11	0.05987567789414405
KIF14	0.010509938112292264
KIF18A	0.10368766894528522
KIF1C	0.18993281969202297
KIF20B	0.08794065315224275
KIF21A	0.03823021685791828
KIF22	0.1745051422752769
KIF23	0.6010132241580922
KIF2A	0.07935118357786441
KIF3C	0.37684848527983406
KIF4A	0.2885992228939652
KIF5B	0.29445302681224483
KIF9	0.045046745376982354
KLF10	0.042223101150758294
KLF13	0.05750281603975079
KLF3	0.1296247749131159
KLF5	0.5220148917662265
KLF6	0.49129322606545084
KLHDC2	0.022891304982962806
KLHL23	0.18664182025602905
KMT2E	0.36234264793999
KMT5A	0.00015220673865832664
KNSTRN	0.0864039761521268
KPNA2	0.4648464800087859
KPNA4	0.1512963105215186
KRAS	0.1670928732617551
KRCC1	0.11159742663515698
KRR1	0.02773161374233274
KRT18	0.2645803471811596
KRT19	0.017440008147161873
KRT4	0.027350788319608958
KRT7	0.07746852458942415
KRT8	0.21848764088878544
KRT80	0.04015312503848332
KRT86	0.16601136639782893
KYNU	0.44752830765374974
LACTB	0.1959026918528225
LACTB2	0.26788202535648614
LAMA5	0.04320019007654665
LAPTM4A	0.1984527906610206
LAYN	0.008106995811837447
LBH	0.612336368896987
LBR	0.23987817263855565
LDHA	0.09246462203713347
LDHB	0.025240153389858532
LDLRAD4	0.08028162893588194
LEO1	0.006711376817392746
LEPROT	0.22454748498815702
LEPROTL1	0.2851130025189486
LETM1	0.01845687393035925
LGALS3	0.17370868894139552
LGALS3BP	0.06442424661230961
LGR4	0.09237024195448312
LIMA1	0.14561727300419405
LIMCH1	0.03555021292467422
LINC00152	0.012204897195509408
LINC00467	0.08520850663435434
LINC00473	0.10648952686269209
LINC00511	0.12883090864881133
LINC00632	0.05953701943613357
LINC00657	0.20764727483177137
LINC00662	0.16879788287738567
LINC00665	0.047908861238898016
LINC00667	0.26474890021431563
LINC00685	0.17866111018555134
LINC00707	0.07532920625213094
LINC00936	0.03715052205933912
LINC00969	0.052394483310202376
LINC00973	0.020979474082688902
LINC01021	0.16149775804547994
LINC01089	0.23774197623123508
LINC01116	0.3620779555950262
LINC01137	0.3123790753498767
LINC01220	0.029050970187164425
LINC01234	0.1571750393184923
LINC01297-1	0.048936612259684445
LINC01433	0.07760551784217898
LINC01447	0.017898685794797253
LINC01468	0.0440899187093692
LINC01481	0.09848742633896464
LINC01588	0.3367255015777683
LIPE-AS1	0.42145473811003864
LMAN1	0.21100702148544526
LMCD1	0.033356549976200495
LMNA	0.18927302244437874
LMO4	0.05509358896719788
LMO7	0.06124544911221279
LMTK3	0.03683943914627082
LOXL2	0.17391185998682834
LPGAT1	0.013509929125474484
LPIN1	0.15562039519739382
LPP	0.09967709246482884
LRIF1	0.08355221656408975
LRP10	0.4008535669725921
LRPAP1	0.0533384258599107
LRPPRC	0.26132303697837533
LRRC16A	0.16369565894935328
LRRC26	0.1254746684621588
LRRC58	0.3243344078333125
LRRC75A	0.08949532501145284
LRRC8B	0.12569389321383242
LSM6	0.06255070946813117
LSR	0.4035535485298204
LTA4H	0.09460460936076422
LURAP1L	0.06181212498317282
LUZP1	0.08037360457542618
LXN	0.018572463036668374
LYAR	0.24740490417326025
LYPD1	0.03213517114432487
MAD2L1	0.06718278841984669
MAFG-AS1	0.37122942581751506
MAFK	0.10539821208304433
MAGED2	0.0015065385084104149
MAGOH	0.018193105317911275
MANF	0.3614336974670993
MAP1B	0.07624782369001548
MAP2K3	0.28124400011816403
MAP3K8	0.08274844125834947
MAP4	0.05959251060942801
MAP4K4	0.2145660868297946
MARCKS	0.147194965854948
MARCKSL1	0.321678443405719
MARS	0.20731168089392693
MAVS	0.06855048422567507
MB	0.0371667996122223
MBD2	0.2384833292282514
MBD4	0.08402869295368541
MBNL1	0.06226710600203897
MBOAT7	0.13192592281593035
MCM10	1.606712174903171e-05
MCM3	0.00779576311673285
MCM4	0.32984004676469925
MCM6	0.04109054085325909
MCM7	0.23221474633531372
MCU	0.09862478690177791
MDH1	0.16035158670611027
MDK	0.14554212486504628
MDM2	0.6928151361540346
MDM4	0.06512914812177856
MED13L	0.08198968432020652
MED31	0.23363514320492432
MED9	0.04060173597521599
MEG3	0.11496448928730037
MEGF9	0.1873306112267757
MEIS2	0.11366103883850034
MESP1	0.14842087174059806
MEST	0.13704239777695387
MET	0.047417084117587
MFGE8	0.1065887617780234
MFHAS1	0.0935548543206699
MFSD3	0.16490647286597382
MGLL	0.39578138085253983
MGST1	0.17020463192885488
MGST2	0.3453534949370062
MID1	0.041204610652487185
MID1IP1	0.2669498926614446
MIDN	0.002441254357889703
MIF4GD	0.17551183428427086
MINCR	0.2561350710960007
MIR503HG	0.016741570843334885
MIS18BP1	0.24174310022276452
MISP	0.02623507803751926
MKI67	0.757666134700835
MLPH	0.195049179810381
MLXIP	0.21935113392699174
MMD	0.16001813347060195
MMP24	0.006965733935591892
MMP24-AS1	0.4056043114140317
MMP7	0.006827182587019021
MNAT1	0.5067469887993593
MORC4	0.17716849153251757
MORN2	0.002979063267014558
MPDU1	0.3718110932243368
MPHOSPH10	0.20838297075005457
MPHOSPH8	0.08193095546623543
MPRIP	0.19999185900815278
MROH8	0.017774064834193568
MRPL10	0.39451472340748645
MRPL13	0.2504427331990681
MRPL16	0.11519937201689386
MRPL35	0.06114833764281147
MRPL44	0.4385818398347004
MRPL45	0.11633397517150194
MRPL47	0.025705240791141178
MRPL49	0.013188822286514152
MRPS18A	0.048872508786659746
MRTO4	0.07431966903998785
MSANTD3	0.010546473502275477
MSC	0.3612914749980604
MSH6	0.16187716983791625
MSI2	0.4979127809706838
MSMO1	0.14883722737068955
MT-ATP6	0.0006669669910279365
MT-ND1	0.3052989631827418
MT-ND5	0.06369887693697582
MT-ND6	0.09758982734529859
MT1A	0.10298257914610792
MT1F	0.07724265623707738
MT1X	0.43774453563876164
MT2A	0.25045808745162146
MTA2	0.3215511185073331
MTHFD2	0.10273913421194626
MTIF2	0.04323731711489926
MTUS1	0.14769321030468885
MTX1	0.654044489261361
MTX2	0.0073989511232663814
MUC12	0.21159078642620796
MUC3A	0.19751184684986817
MUC5AC	0.37464177604452586
MVP	0.17913879038893107
MXD3	0.16962780744312517
MXD4	0.8128207166530591
MYADM	0.01034126966053216
MYC	0.4697900180794608
MYEOV	0.31907224129775097
MYH9	0.07301781020928423
MYL12A	0.4523293440556634
MYL12B	0.1575346006978606
MYL9	0.035127734697256704
MYO19	0.22746483427154282
MYO1B	0.23412389357356905
MYOF	0.11899548529465076
MZT1	0.20234103955577637
NAMPT	0.10228998545787606
NANS	0.20902055251410684
NASP	0.1767519317217089
NBR1	0.06151637324891806
NCAPD2	0.028892575700503836
NCKAP1	0.00789582842589902
NCKAP5	0.1635629487190848
NCL	0.23845633642602182
NCOA3	0.32375008223083157
NCOA7	0.031039801194351936
NCOR2	0.02676725045712511
NDFIP1	0.402064823654983
NDUFA10	0.06480973196157927
NDUFA9	0.25937098232233224
NDUFAF4	0.05368176119013393
NDUFS2	0.17213566879498965
NEAT1	0.6657155465068678
NEDD4L	0.12010828022193837
NEDD9	0.1721201665081806
NEFL	0.003934132667391984
NEK2	0.05587248162134484
NET1	0.1011180117559686
NFAT5	0.2447115634149429
NFIB	0.02903240210562299
NFKBIA	0.06293125565212464
NIFK	0.09005291430300806
NIP7	0.16960705561900088
NIT2	0.7747140744524288
NLN	0.101503498680809
NMB	0.017849543406220383
NNMT	0.043673955501525606
NOC2L	0.1527359114367009
NOC4L	0.006149443182467343
NOL3	0.06926337318765635
NOL4L	0.06533905001810911
NOL8	0.03710361803468151
NOLC1	0.012812528287084695
NOP58	0.18918762930906852
NOTCH3	0.24418385074002028
NOVA1	0.2708715228383749
NPC2	0.3299059318830164
NPLOC4	0.09835212512863825
NPM1	0.0971740721392619
NPTX1	0.1578385068874167
NQO1	0.08247424990109053
NR0B1	0.0845834950831112
NR2F2	0.09179528601833588
NR4A1	0.022417798021100655
NR4A2	0.11765300827170933
NRAV	0.0835599894614141
NRBP1	0.01205716905071186
NRCAM	0.021424718065185405
NRG1	0.030141230774918246
NRIP1	0.08278066287150095
NRP1	0.18040260674462572
NRP2	0.4206769477425785
NSD1	0.009987557326967102
NSMCE1	0.02416666299041471
NT5DC2	0.09948340563915682
NTRK3	0.09524111562781976
NTS	0.1327885500901193
NUAK1	0.0629371494427079
NUAK2	0.0634294844864231
NUCB2	0.02503061731997864
NUCKS1	0.09856902860195789
NUDC	0.25615536321939814
NUDT19	0.5395187362040766
NUDT4	0.2888155553917942
NUF2	0.21805573669970776
NUP155	0.36365330523929906
NUP37	0.11095762041817173
NUP62	0.09671062633602605
NUPR1	0.10238657995831701
NUSAP1	0.36497448162163243
NXN	0.05055215294621624
OAS1	0.13220520627400525
ODC1	0.08093399722749864
OPN3	0.04914200625372274
ORAI2	0.1677612614151526
ORAI3	0.27091932668698365
ORC6	0.06939317833320882
OSBPL9	0.07876885881482687
OSER1	0.12845542077311187
OSGIN1	0.4065014781321673
PA2G4	0.36444403984980706
PABPC4	0.29822637147266623
PAFAH1B2	0.129230303301628
PALLD	0.014072196286089073
PAPPA	0.08358140555611437
PAPSS2	0.2805210194754004
PAQR4	0.0010763038731767267
PAQR5	0.24379771681708046
PAQR7	0.02296169604472739
PARD3	0.04209052684205037
PARPBP	0.019395119956476064
PART1	0.11457139189025749
PAXIP1-AS1	0.11648816242126986
PBDC1	0.09044797970975663
PBK	0.09538670733460282
PCDH9	0.2141497804112212
PCED1B	0.11609979210457526
PCMT1	0.38924071535581234
PCNA	0.2725998894592606
PCSK1N	0.3593247045976475
PCSK7	0.21114742046747348
PCYOX1	0.06206841010970504
PDCD7	0.289156643650952
PDCL3	0.24586425105034024
PDE4D	0.09343906517177718
PDE8A	0.1909351864366579
PDHA1	0.13505589521982841
PDHB	0.21609059266554342
PDIA3	0.03616797341933573
PDIA4	0.3442806886294788
PDIA6	0.07987825998608808
PDK4	0.020305768137893736
PDLIM5	0.093184375205067
PDLIM7	0.03649110805906182
PDXK	0.3170072802462015
PDZD8	0.08138191011807377
PDZK1IP1	0.025221821255368416
PEG10	0.07644244936973557
PELP1	0.00846034365843757
PEPD	0.10454923433157995
PER2	0.07295965083925426
PET100	0.02911884765925596
PET117	0.040243073580363026
PFKFB3	0.07427554803440854
PFKP	0.19002239500139526
PFN1	0.21487141432041468
PGF	0.11062651033098249
PGK1	0.06630415222054804
PGM2L1	0.5776781015585096
PGRMC2	0.1475221605993847
PHACTR2	0.031499834987970536
PHAX	0.17632641071449429
PHF20L1	0.01940605398093296
PHF23	0.1289227603166457
PHF3	0.13666502596590455
PHGDH	0.2740208026523038
PHKG1	0.3277437046332576
PHLDA1	0.2917714584333682
PHLDA2	0.031795247321311
PHLDA3	0.3574897862988878
PHLDB2	0.1953715029724665
PIF1	0.26486776985124144
PIGF	0.07406463965067195
PIH1D1	0.14656608622208273
PILRB	0.13888275544487677
PIR	0.16790649806823216
PITX1	0.13166800908919066
PKDCC	0.04143681372948216
PKM	0.22878254239977472
PLA2G16	0.05363265713321451
PLAU	0.07448415528961183
PLAUR	0.009687627875167715
PLCD3	0.093825038346457
PLCXD1	0.32689764466024424
PLEKHA3	0.22508872116810422
PLEKHB2	0.05028491539113686
PLEKHH2	0.08125073985472861
PLEKHJ1	0.277277011554218
PLIN2	0.23248175434667973
PLIN3	0.3825071540569546
PLK1	0.014676344548636418
PLK2	0.4868926227266946
PLOD2	0.05190478116854797
PLS3	0.13315579671633412
PMAIP1	0.25417877333011
PMEPA1	0.18753268372344065
PMF1	0.1848890333895492
PMP22	0.460168572567459
PNRC1	0.4168184203829795
POLR2A	0.04795968697989652
POLR2C	0.03310749875254868
POLR2D	0.6690968426688855
POLR3GL	0.20531941125768574
PON3	0.13498827858424486
POPDC3	0.3276997091449577
POR	0.11850992435509497
PPA2	0.19995680744346736
PPARG	0.4222613219660954
PPFIBP1	0.44348536956113427
PPHLN1	0.15140875449824906
PPIB	0.06342306950969942
PPID	0.15238081637393985
PPIE	0.1483231560838569
PPIF	0.009799846997489061
PPIH	0.32223418994125863
PPM1B	0.26522159111874877
PPM1D	0.07336367509167742
PPP1CB	0.4144503581841165
PPP1R12A	0.1325338286223601
PPP1R15A	0.01767637495578045
PPP1R35	0.37075311887587165
PPP1R7	0.26885706684927335
PPP2R2A	0.1900805975261496
PPP2R5E	0.5065584630725021
PPP3CA	0.25396878510154886
PPP4R2	0.018348508148057597
PPP6R1	0.3089310071159271
PRADC1	0.11383416888633102
PRAME	0.2670465185220765
PRC1	0.4482077967522458
PRDM1	0.04707956532224569
PRDX1	0.02905614219276837
PRDX4	0.344122424212846
PREB	0.08713378907669923
PRKAR1A	0.12981009600762566
PRKCA	0.1764749558663599
PRKCDBP	0.38265634433939655
PRKRIR	0.3932572670999859
PRMT1	0.2296202953763081
PRMT5	0.11614358017199983
PRNP	0.06562137009187825
PRPF4B	0.04422126920235626
PRPF6	0.41735560275835104
PRPS1	0.1467845906872761
PRR11	0.2216146358706811
PRR15	0.13185529153931144
PRSS23	0.17601457561521172
PRSS3	0.25206164732942354
PSAP	0.48075288704047014
PSAT1	0.05207909538046016
PSMA3	0.13815372598104647
PSMA4	0.008268491628713256
PSMB1	0.20178752935929456
PSMB3	0.26298484617552575
PSMB6	0.05724737887889868
PSMB7	0.31576059670309153
PSMB9	0.5461614567045946
PSMC1	0.11146996496674316
PSMC2	0.06422401079179228
PSMC3	0.04955677363734483
PSMC3IP	0.3374872236725062
PSMC4	0.0933992696572907
PSMC6	0.024240214015282157
PSMD11	0.3453760804120866
PSMD13	0.16452895541507725
PSMD2	0.31057629994618124
PSMD4	0.10700393246304564
PSMD6	0.1623934442105948
PSMD7	0.2552681688410737
PSMD8	0.16627470717450993
PSME2	0.3152858112668244
PSMG1	0.0310353747129079
PTBP3	0.30770542407337814
PTGES	0.11634125585001434
PTGR1	0.08753670517469736
PTGS2	0.016114663887211594
PTHLH	0.08533579921906174
PTMA	0.20429715199641246
PTP4A1	0.37813182564922426
PTPN12	0.0018624395219954402
PTPRA	0.018131486109257584
PTPRF	0.04491486889261631
PTPRS	0.23324997319740928
PTRH2	0.31820165539929857
PTTG1	0.12536903314556022
PTTG1IP	0.15434738695928843
PUM3	0.02460180219595546
PVRL2	0.09394148956910292
PXDN	0.2510421663544007
PXN-AS1	0.0936942945349381
PYCARD	0.05024185201947977
PYGL	0.11509598737419922
R3HDM1	0.2791507837731205
R3HDM2	0.1153520079593327
RAB14	0.0001612615886081906
RAB15	0.18828302515360976
RAB18	0.04267024288178891
RAB26	0.030837017557886145
RAB27B	0.031182527240778583
RAB30-AS1	0.042268239160223715
RAB31	0.22431478437886276
RAB3B	0.35695464636791835
RAB40B	0.24241315251212192
RAB8A	0.18097671556147132
RAC3	0.5025885129285206
RACGAP1	0.16672682188214047
RAD21	0.015370470227493232
RAD9A	0.007320568160677462
RAE1	0.30966707995221937
RAI14	0.060138964120163896
RAN	0.37680022781526396
RAP1GAP	0.056371913250359076
RAP2B	0.19788574660147507
RARA-AS1	0.03569632171424916
RARRES1	0.012371152364929397
RARS	0.20897436521562876
RASSF10	0.09751898784374553
RASSF3	0.00968385759086147
RASSF7	0.2082071618767664
RB1CC1	0.08271421570835688
RBBP6	0.11002538398765493
RBFOX3	0.14619472936190586
RBM14	0.38784647921312193
RBM42	0.057397592019395996
RBM47	0.036267636361562584
RBM7	0.2997867809479778
RBMS1	0.006666838900858485
RBP4	0.05377678885356437
RBPMS	0.016821324991485007
RCCD1	0.2547320266516854
RDH10	0.06459659329241801
RDX	0.10446875510011988
RECQL	0.3222085853437069
REEP4	0.2902822197362074
REL	0.004458019249654419
RELB	0.11548310369012225
RFC1	0.0989969505934746
RGCC	0.036633127612238324
RGS14	0.10634889267443799
RGS2	0.06131947925092278
RHOB	0.04945841602479155
RHOBTB3	0.14624618969245978
RHOD	0.013083832582011923
RHOQ	0.30127067434657295
RHOV	0.03107134432073652
RICTOR	0.08012384419710135
RIF1	0.0193615797869814
RILP	0.5820314029824382
RIN2	0.05329656310000002
RMI2	0.09634262718939048
RNASEH2A	0.24420732005652016
RNASEH2B	0.035994594485099646
RND1	0.06772274116077891
RND3	0.07216886055988998
RNF19A	0.2610172878012662
RNF212	0.0446372271877706
RNF26	0.20821215333831766
RNF43	0.04756181342206702
RNF5	0.35084511747949826
RP11-1055B8.9	0.061362468031248674
RP11-111M22.3	0.29594428780035414
RP11-12G12.7	0.1545783201659335
RP11-138A9.2	0.006536432044136921
RP11-160O5.1	0.052554930791226355
RP11-187E13.1	0.2675511830935901
RP11-1C1.6	0.046673365406249404
RP11-254F7.4	0.07189717906861226
RP11-294J22.6	0.1130410463015974
RP11-295G20.2	0.24027776301777937
RP11-297J22.1	0.046361319249529694
RP11-338I21.1	0.016670910755737928
RP11-357H14.17	0.07193124934259307
RP11-38M8.1	0.2784028898042331
RP11-390F4.6	0.12903061888617942
RP11-408N14.1	0.10642898290877191
RP11-467L13.7	0.06756993877978018
RP11-473M20.16	0.03294859819606634
RP11-490M8.1	0.1145881978298815
RP11-498P14.5	0.033214394825755826
RP11-51J9.5	0.003092809905292071
RP11-538P18.2	0.14630621277057218
RP11-545E17.3	0.10578133947710625
RP11-54H7.4	0.2809549574048553
RP11-554I8.2	0.04432388219819644
RP11-563N4.1	0.025337715123571095
RP11-631N16.4	0.05846341382166267
RP11-660L16.2	0.1571001952469335
RP11-669N7.2	0.15818242447798983
RP11-670E13.6	0.008181476938696709
RP11-680F8.1	0.0689781664259056
RP11-758H9.2	0.07291823943207627
RP11-783K16.5	0.5464018593993852
RP11-800A18.4	0.06719133066852091
RP11-818F20.5	0.13131199443438807
RP11-838N2.3	0.058674217950369784
RP11-874J12.4	0.08204535319720575
RP13-1032I1.7	0.061588291424082335
RP13-516M14.4	0.10391633136397564
RP4-555D20.2	0.02616626659685612
RP5-908M14.9	0.028596170866916515
RP5-943J3.2	0.06493553915041879
RPIA	0.28731874105079197
RPL22L1	0.08313461843737742
RPL26	0.49705357920811816
RPL28	0.15221907125642742
RPL7A	0.18324545148759175
RPN2	0.16460102303543386
RPP30	0.2234206685452968
RPP38	0.22021590359389717
RPS27	0.2869978588331759
RPS27A	0.17621335361341747
RPS27L	0.0980910244895345
RPS4X	0.2834669637988834
RPS4Y1	0.05837044542541156
RPS7	0.33765319080927647
RPUSD3	0.5045990010575988
RQCD1	0.0069019894833483465
RRAGA	0.2549415426617811
RRM1	0.05055253025395294
RRM2	0.13760445278202618
RRP15	0.04597497249623081
RRP1B	0.1376174410965148
RSF1	0.029103455230771104
RSPO3	0.2623394892147943
RTCB	0.3195999382901933
RTN2	0.12736687698828997
RTN4RL2	0.4324897956449187
RUVBL1	0.3645628335568785
S100A3	0.21488104767347763
S100A4	0.11820114398558887
S100A6	0.4112274263896953
S100P	0.19736483349991032
S1PR3	0.4270734295304402
SAMD11	0.005744004634145644
SAMD4B	0.27943193330934324
SAPCD2	0.1337369821968093
SAR1A	0.17702249327030475
SARS	0.20961694138612066
SAT1	0.11776538881994375
SCARB1	0.009928556398562495
SCD	0.49431464604160497
SCN1B	0.04064918564102274
SCO1	0.30308461392544994
SCO2	0.1084549368739499
SCOC	0.1830321070286069
SCP2	0.025837721707660813
SDC4	0.16126373888160003
SDCBP	0.0175017175028986
SDF2	0.11031142035257252
SDHA	0.40430712315740136
SDHD	0.12628511227184508
SDPR	0.13159590074108632
SDSL	0.09387657694425534
SEC13	0.07005577095490076
SELK	0.15825807169994963
SENP6	0.05976775065179634
SEPT7	0.10835279093929544
SERINC2	0.14072170588536692
SERPINB1	0.09651018959914393
SERPINB9	0.07713884958574015
SERPINE1	0.02892189641436926
SERPINE2	0.2187097374999252
SERPINH1	0.4296183545256976
SERTAD1	0.031119427542625203
SERTAD4-AS1	0.0007107549648100155
SESN3	0.27958023269320453
SET	0.0160970089007578
SETD5	0.0021050401438817753
SEZ6L2	0.0671573093338495
SF3B1	0.3666149357886714
SF3B4	0.016878520371902284
SFN	0.016550550642230544
SFPQ	0.2239025472357628
SFRP1	0.05429662889197961
SFXN1	0.0716912813867995
SGK1	0.0918007887977839
SGOL2	0.24780808502313245
SH2D4A	0.2180982026422013
SH3BGRL	0.13152398694011447
SH3BGRL3	0.31774738254152457
SH3BP4	0.0949765531988677
SH3KBP1	0.06636666931507314
SHMT2	0.15025364578761882
SHTN1	0.011255962170791405
SIRT7	0.3640579182002266
SKAP2	0.14212272301818354
SKIL	0.1431197917576356
SLBP	0.25528198532750646
SLC12A2	0.24233363039402092
SLC16A1-AS1	0.03925852511618036
SLC16A3	0.7074057831809172
SLC16A4	0.11181535914500668
SLC22A18AS	0.16907952480698352
SLC25A3	0.2406276997209622
SLC25A5	0.21355884242580048
SLC26A2	0.12864426029066767
SLC27A2	0.13484087020329413
SLC29A4	0.01618192769007137
SLC2A1	0.05926363024839633
SLC2A3	0.09648167663890674
SLC35F6	0.15015997708027884
SLC3A2	0.1777863821991873
SLC40A1	0.03125335347606546
SLC48A1	0.20500286014215252
SLC4A7	0.010285231738436701
SLC51B	0.04745193349629138
SLC7A11	0.34573196746764673
SLC7A5	0.0014552713691006894
SLC7A7	0.2505309911493255
SLC9A3R1	0.17000427043584163
SLC9A3R2	0.5981084504075384
SLFN11	0.08528490057230721
SLPI	0.08013019063127552
SMAD2	0.05927575416143734
SMAGP	0.18800406876299053
SMARCA1	0.031965426659259916
SMARCA5	0.1281622720273591
SMARCB1	0.029560193296213857
SMARCD1	0.1770988030395181
SMC2	0.026236267845524918
SMC3	0.07766272259335755
SMC4	0.10046705210996565
SMC5	0.3158748992757606
SMC6	0.05880197915681999
SMCHD1	0.12304850095400752
SMIM14	0.3191214374484271
SMIM19	0.35896134300016486
SMIM4	0.08871557873205178
SMIM6	0.019380272653283147
SMKR1	0.04497683768708889
SMOX	0.00822372509030758
SNAP25	0.23559683760699576
SNAPC1	0.07383964936422063
SNCG	0.048389296534576826
SNHG10	0.19134203298154379
SNHG12	0.024146455359126386
SNHG19	0.0040073805526283385
SNHG25	0.23842320023100397
SNHG7	0.25640121945986705
SNRNP200	0.060351152337852806
SNRNP40	0.16351113778688203
SNRPA1	0.5485924067847875
SNW1	0.28135516799946114
SNX6	0.1255695232813302
SOCS3	0.1950658032473675
SOCS6	0.18006433835403204
SOD2	0.18271568997378915
SOX2	0.47613529759659245
SOX21	0.1726869084564574
SOX4	0.04585956102339724
SOX9	0.26782965502158573
SPAG5	0.007081720163711309
SPANXB1	0.09841663815077681
SPATS2L	0.10131461954542104
SPC25	0.13599289108097926
SPCS2	0.19060822500069557
SPDEF	0.11652288991779708
SPDL1	0.020165247319011568
SPECC1	0.18652780545617265
SPOCK1	0.0069026995147321284
SPP1	0.2882929874596644
SPSB2	0.20833804675481749
SPTSSA	0.002361304837670969
SPX	0.13757515172752643
SRC	0.22685151528095165
SRGAP1	0.1973714049369345
SRSF3	0.2910046900450824
SRSF4	0.06481039397911831
SRSF6	0.11134005559637837
SS18L2	0.13852886050121543
SSB	0.18648589301523547
SSBP1	0.06017987827578381
SSFA2	0.1900530523381685
SSR1	0.23895006563559126
ST3GAL5	0.2490552506876326
ST6GAL2	0.04923926102526378
STAG2	0.26423933223927265
STAM-AS1	0.03319282391671584
STARD10	0.10723867727518195
STAT1	0.1783731672888331
STAT3	0.19803837850317282
STC1	0.10014785481278293
STC2	0.1822890599014893
STEAP1	0.011297460607631067
STEAP2	0.1613462408083208
STK17A	0.1789363139160744
STMN1	0.13528883519967566
STOM	0.07467028178983472
STRN3	0.03999397471316756
SUGT1	0.3145454371765881
SULF2	0.08822471595281978
SULT2B1	0.14626587482559242
SUMF2	0.30225102721977315
SUSD2	0.002639353223751273
SVIL	0.05379561703180399
SWAP70	0.11248611352457862
SYCE1L	0.05353914035275737
SYNE1	0.0010721307705425052
SYNJ2BP	0.06176536737246364
SYNM	0.12589788180841843
SYNPO	0.0030658779840371897
SYPL1	0.11217724551367968
SYT1	0.00893354559599919
SYT13	0.0055485001943415815
TACC1	0.05074361276448052
TACC3	0.10112782398350353
TAF1A	0.011003259668690842
TAGLN	0.43388922241554134
TAGLN2	0.037573916345168594
TALDO1	0.16029300458203452
TAOK1	0.24419078213838846
TAOK3	0.030258278623081305
TBX2-AS1	0.22523537165961097
TBX3	0.08682139569241272
TBXAS1	0.0438443942250796
TCEAL8	0.054494388160252275
TCERG1	0.5989023098411179
TCF25	0.11907035215756165
TCOF1	0.3504968318691913
TCTEX1D2	0.01964531651849351
TDP2	0.03283414369923276
TEAD1	0.1274177825037049
TEAD4	0.37365690873933927
TERF1	0.3235250925963337
TESC	0.24493688422732654
TFAP2A	0.06680634791345913
TFAP2C	0.16579449619509581
TFDP2	0.10920129742167003
TFF1	0.2439948768147863
TFPI	0.0897279515600144
TFPI2	0.30268037498714095
TFRC	0.22758404534725774
TGFBI	0.257421890313173
TGFBR1	0.05401604228379134
TGFBR2	0.23272094721748374
TGM2	0.04519709820867788
THAP2	0.08753465753636823
THBD	0.20477321549928315
THBS1	0.2186932451753832
THOC2	0.2843230800463708
THOC6	0.05686709354893242
THRA	0.4863796881479365
THSD4	0.24738564390552867
THSD7A	0.021790335803083434
THUMPD3-AS1	0.04859590641036468
TIAL1	0.04379270635707646
TIGAR	0.01705397806453058
TIMM23	0.15034510920359848
TIMP2	0.18868427892272427
TKT	0.0634083919366991
TLCD2	0.1696331871674177
TLE1	0.13306565373097884
TLE3	0.04571135305767131
TLE4	0.39077617221191885
TLK1	0.1604263739427375
TM2D2	0.14637113226425255
TM4SF1	0.14118404834655945
TM4SF20	0.5091135226223062
TM4SF4	0.06216254762862161
TM7SF2	0.2393656627887142
TM7SF3	0.2395467173299252
TMA16	0.12155994167740584
TMBIM6	0.08389259406926515
TMED4	0.14829432680312088
TMED9	0.10793018127883523
TMEM106B	0.3151025821417715
TMEM107	0.0225990900102173
TMEM120B	0.01464192260438962
TMEM159	0.08326952689986393
TMEM165	0.06558124613327916
TMEM189	0.6338049197396308
TMEM2	0.18770166818956247
TMEM238	0.01867827191543242
TMEM243	0.09675292170470648
TMEM245	0.524834240213157
TMEM30A	0.34042672609872254
TMEM37	0.08225292304881923
TMEM59	0.06087660662757547
TMEM70	0.12863460555297254
TMEM92	0.15188715187952473
TMEM98	0.16304384401669442
TMOD3	0.06395333434706879
TMPO	0.1585596068340369
TMX1	0.1287280758165422
TNFAIP2	0.5113038640530361
TNFRSF12A	0.23627119188583293
TNIP1	0.12731217508309567
TNRC6A	0.250253261696915
TNRC6B	0.06884436066011829
TNS3	0.3171666272601213
TNS4	0.22624395275329398
TOB1	0.28739914286152185
TOP2A	0.18498233414402088
TOP2B	0.013017185659252844
TOPBP1	0.20483489670473753
TOR3A	0.0452937939191161
TP53	0.08146339239623
TP53I11	0.15013600582159814
TP53I3	0.15141870827494922
TP53INP1	0.38240767936223596
TP53TG1	0.7405721632024365
TPD52L1	0.34436053207613054
TPD52L2	0.0684673710677553
TPM1	0.2255815817023582
TPM2	0.13855227054560035
TPM4	0.35468249769425036
TPPP3	0.02445713924721922
TPX2	0.11376705627665319
TRA2A	0.14479365021642576
TRAF3IP1	0.10964439957862286
TRAM1	0.04446240623911508
TRAP1	0.20225029645642081
TRAPPC4	0.05465441583777432
TRAPPC6A	0.15776393424583518
TRIB3	0.03304771266049206
TRIM37	0.12930527218313537
TRIM44	0.23858168616470138
TRIM47	0.09117982027251609
TRIM56	0.31166700894384786
TRIM59	0.16602577535224258
TRIM7	0.5855983155677851
TRIML2	0.06420630146156936
TRIOBP	0.1645169116853893
TRIP12	0.15662186901602695
TRIP6	0.06506409064165647
TRMT10C	0.03706267759193726
TRMT6	0.20799675745511156
TRNP1	0.06141542659437424
TRUB2	0.05361450479949243
TSC22D1	0.12704066715261114
TSC22D4	0.13558745187722973
TSFM	0.1027448698688815
TSG101	0.1575105917490282
TSKU	0.01440968750226733
TSPAN13	0.06322888484957775
TSPAN14	0.03784021913164881
TSPAN15	0.07658572106484184
TSPYL1	0.3664125769261539
TSPYL2	0.16833013241039874
TSR1	0.29618296606892364
TTC39C	0.2225887715952737
TUBA1A	0.00805284741355677
TUBA1B	0.05014093024561495
TUBA1C	0.10336566817009034
TUBA4A	0.08841979204288394
TUBB	0.09551576056911916
TUBB4B	0.003204682814127478
TUBB6	0.1164075358576508
TUSC1	0.05354420418821467
TWIST2	0.02582918786435306
TWISTNB	0.27120327110911907
TXN	0.18591196679561425
TXNDC12	0.32645468566160474
TXNDC9	0.034918420176657396
TXNRD2	0.21181159227966473
TYW3	0.18751285080745148
UACA	0.034459460980465026
UBALD2	0.04970742812068429
UBB	0.1841050793857014
UBC	0.07252739447121387
UBE2C	0.5497523422466439
UBE2H	0.2568605311696851
UBE2S	0.548741959187634
UBE2T	0.23110742680067198
UBE2Z	0.146250803503615
UBL4A	0.1784414315801343
UBN1	0.07772782830736513
UBR4	0.003955358597247346
UBTF	0.3025625462190592
UBXN2A	0.1973035796917278
UCHL1	0.08993603920391727
UCP2	0.3024605783128617
UNC50	0.10633954297429979
UNC93B1	0.08300323147399673
UNG	0.28861857504620075
UNK	0.15407223426249142
UNKL	0.10527393532952548
UPF2	0.19884989648856458
UPF3B	0.05451958505826595
UPK1B	0.11678198904916443
UPK3B	0.09671038612282142
URB1-AS1	0.03358830881961626
USP53	0.07635241265748416
USP8	0.09838728662727461
USP9X	0.09779847947264314
UTP11L	0.3739922045407283
UTP18	0.12402152302150028
VAMP8	0.14136697121069125
VCAN	0.19707217358934914
VCL	0.029683181837739006
VDAC3	0.7170805868344408
VEGFB	0.210850727646332
VEZT	0.3438592990040097
VIM	0.2831653797941393
VPS26A	0.31613464466480196
VPS9D1-AS1	0.2716586336181501
VTN	1.2007620309568126
WBP2	0.1235859871215288
WDR18	0.015347291577036001
WDR43	0.12201871266069308
WDR61	0.19396731437575535
WDR74	0.3008682053780212
WDR76	0.19229513328114206
WHSC1	0.17708520310232823
WISP2	0.010381392001371084
WNT7B	0.5631985313989355
WSB1	0.14976016836302206
WWC1	0.14822993677957758
XBP1	0.10090958423047457
XPC	0.44960498152248235
XPOT	0.06713859948951892
XRCC2	0.09440484451205618
XRCC5	0.026187697569804876
XRCC6	0.3313880124310702
XX-FW83563B9.5	0.022065964962161677
XXyac-YM21GA2.4	0.09886164700442109
XYLT2	0.04395751904636808
YARS	0.5349333185878344
YEATS4	0.20626040771321846
YPEL2	0.10620187768261143
YPEL3	0.0714614358444382
YPEL5	0.454613833836151
YTHDF2	0.3197497715596698
YWHAE	0.23116114855460987
ZBED1	0.06714793679697724
ZBED5	0.043344179663735126
ZBED5-AS1	0.21628082018076844
ZBTB8A	0.05976950169446531
ZC3H12A	0.05686358034610364
ZC3H13	0.18598418925001883
ZC3H4	0.05580731920148564
ZC3HAV1	0.05964210271033184
ZCCHC11	0.17227145832593682
ZCCHC8	0.07183079274530621
ZFHX3	0.2607720716395134
ZFP36	0.0192653288529026
ZFP36L1	0.30342263216430865
ZFP36L2	0.16126456739621434
ZFPM1	0.15493137023856646
ZFX	0.15819557334728462
ZKSCAN1	0.24789709933176807
ZMAT3	0.19810355477356908
ZMYND19	0.3737250580142972
ZNF106	0.16744030966082368
ZNF22	0.29229679617157295
ZNF281	0.13106183534344276
ZNF32	0.13177924610596686
ZNF326	0.2034871927875547
ZNF385A	0.19183894562049617
ZNF467	0.026100221681697032
ZNF480	0.07863766769116597
ZNF524	0.10367386840159074
ZNF544	0.30439542492593735
ZNF546	0.04020527546669249
ZNF581	0.23838399570739652
ZNF622	0.2261022790172167
ZNF638	0.20767556912924373
ZNF655	0.033400304204682256
ZNF703	0.022710481078524577
ZNF787	0.2387597786049865
ZRANB2	0.2231891156222516
ZYX	0.06533913086244988