A1BG	0.1866148875946762
AAK1	0.1005046164726595
AAMP	0.1619863288849021
AARS	0.344832248291426
AATF	0.2649235189545026
ABCE1	0.0273013516999555
ABCF1	0.2283329944692942
ACAT2	0.2577611515370983
ACTB	0.2756465199580939
ACTG1	0.0349676886802298
ADH5	0.2063117144430758
ADIPOR2	0.1288806680991465
ADM	0.5491144697866253
ADNP	0.0319616006266425
ADSL	0.0293859097787361
AFMID	0.1392643743434675
AGAP2-AS1	0.1607646678862226
AGTRAP	0.0530634576375541
AHI1	0.2557965228893126
AIFM1	0.1927430382099133
AIFM2	0.2886173998373026
AIMP1	0.1407807846873979
AIP	0.5444587027033704
AJUBA	0.0510144689596225
AKAP12	0.3511580819946136
AKAP17A	0.1790875204795422
AKIRIN1	0.1174928412755524
AKR7A2	0.2121280597072362
ALDOA	0.2944088650623805
ALX1	0.1177313572325717
ALYREF	0.1628729053816311
ANG	0.0336223620228505
ANGPTL4	0.215880154332399
ANKIB1	0.0560068518349943
ANKRD30A	0.0732996325198431
ANKRD37	0.0151432274122573
ANLN	0.0800496277811807
ANP32E	0.3134044188662221
ANXA1	0.2149575539898534
ANXA2	0.2538399922782874
ANXA3	0.1331189857479428
ANXA7	0.0836917617051376
AP1M2	0.2530959944381174
APITD1	0.2944130951617308
APPL1	0.1034962615159811
AR	0.0716772717293432
AREG	0.0271340998604109
ARF4	0.0326801295878056
ARHGAP11A	0.0356730997116318
ARHGAP11B	0.1103039130326317
ARHGAP5	0.1010412737399591
ARRDC3	0.2489331502087882
ASGR1	0.0119254295141361
ASNS	0.0743873226319271
ASPHD1	0.177484337643748
ATAD2	0.2123292104853868
ATAD5	0.1927933929411331
ATF3	0.0264624885505148
ATF4	0.0219530999618371
ATIC	0.1471589723525061
ATOH8	0.0413032216020612
ATP1B3	0.315743857370492
ATP2A1-AS1	0.1495383951771167
ATP5A1	0.1681093968443281
ATP5B	0.1372244037603953
ATP6V1D	0.014632939892156
AURKA	0.0679060103489288
AURKB	0.0301588391219209
AVPI1	0.1127273636864912
AXL	0.1139222379546517
B2M	0.2046609890053324
BAG2	0.1728207783882016
BATF3	0.0888646311576956
BAZ1A	0.2884354829669867
BCAS4	0.1309755203386909
BCCIP	0.1338086813081208
BCL2L1	0.0764919629978607
BCYRN1	0.0260072722467458
BEX2	0.0558560120473424
BIRC3	0.0163086986876037
BIRC5	0.1307179265250724
BLOC1S4	0.0345763945115753
BMP4	0.0699559520454359
BOP1	0.143117517051923
BRCA1	0.180678988233669
BRD2	0.0976544825480045
BRIX1	0.4506075244766919
BROX	0.1301965322848816
BTF3L4	0.1330073843965311
BUB1	0.0113964376607547
BUB3	0.2337551981265105
BZW2	0.1192233614758773
C10orf54	0.0189221320135795
C11orf86	0.1091337473685948
C12orf49	0.1905187763019228
C12orf65	0.1020012325630148
C15orf48	0.0475626884524623
C16orf74	0.0417473102333447
C16orf91	0.1397681402398344
C19orf48	0.3003860300769792
C1D	0.2052869411587055
C1QL1	0.0047957421158602
C1orf174	0.1626586166472802
C1orf35	0.2383259079321205
C1orf56	0.0375856222989189
C1orf61	0.0515490996073323
C21orf58	0.1307070673114407
C8orf4	0.0776400645924749
CACYBP	0.0914433103432447
CADM2	0.1412847714144891
CALB2	0.028386028887524
CALM2	0.1186750169514717
CAPG	0.1952462882414136
CAPN12	0.0550893250449044
CAV1	0.0676308166617133
CBR3	0.0502846964050278
CCAR1	0.2655423464790757
CCDC12	0.0707607419386722
CCDC86	0.3161460568119763
CCL2	0.194292723455874
CCNA2	0.091634019748758
CCNB1	0.1369446119843476
CCNB2	0.0760564504043847
CCNE1	0.0360691583783894
CCNYL1	0.1898730433402693
CCT2	0.1688639595800932
CCT3	0.0390251693459176
CCT4	0.1899873603157054
CCT5	0.0503886613370012
CCT6A	0.2269616053888239
CCT7	0.1781936430770233
CCT8	0.0835272756040172
CD3EAP	0.0133760096639847
CD55	0.1875240849371346
CDC123	0.0087417457372663
CDC20	0.056542101033581
CDC42EP1	0.2893641230790783
CDC6	0.0668672946710735
CDCA2	0.1901062480097305
CDCA3	0.0388570371407459
CDCA4	0.4126509516742617
CDCA5	0.1065690382689902
CDCA8	0.1244639269834251
CDK1	0.2410703454003767
CDK5RAP2	0.4880098406865976
CDK7	0.1911911156128352
CDKN2C	0.042956487121531
CDKN3	0.0908129552761749
CDT1	0.156816427530485
CEACAM6	0.00231170121638
CEBPB	0.2333341561049833
CENPA	0.1583363455914361
CENPE	0.293834126543871
CENPF	0.0849838847009942
CENPU	0.0940026657273562
CEP350	0.0838283201465594
CEP55	0.0135640656013222
CFAP20	0.2998970704874694
CFAP97	0.1116973924520951
CHAF1A	0.2032715478338767
CHD1	0.5250477701254492
CHD4	0.0706818535324873
CHEK1	0.123554916409908
CHML	0.2716980383391639
CHMP1B	0.0924809901535629
CIAO1	0.0922541729245163
CIAPIN1	0.2067880900347922
CKAP2	0.2694630431643082
CKAP2L	0.0901718391427744
CKS2	0.0391152341640105
CLIC1	0.1453176263737265
CLIC3	0.0251592949077915
CLINT1	0.164501624960466
CLPTM1	0.1475422058256395
CLSPN	0.1035383452334656
CLU	0.065769701812654
CMTM3	0.0078178260095019
CMTM6	0.2803370634620253
CMTM7	0.2873996842434345
CNN2	0.0724114206564901
CNP	0.0567654514376271
COIL	0.2708529988303251
COL4A2	0.2831514083709815
COMMD3	0.0907004558461814
COMTD1	0.0336879970281688
COPS5	0.0389067692648996
COPS6	0.2254251364032398
CORO1C	0.1088766074125491
CRABP2	0.0745507851805764
CRACR2B	0.1751080426016647
CRELD2	0.1434967176114453
CRTC3	0.1054425233173938
CSAG1	0.0745506098933629
CSE1L	0.6420298020007473
CSGALNACT1	0.1085229304720054
CSTA	0.164310413432065
CTA-29F11.1	0.1832905614230601
CTC-524C5.2	0.3831230753579296
CTC-573N18.1	0.0237652958593946
CTD-2600O9.1	0.1790204866664934
CTD-3252C9.4	0.1062648488474176
CTGF	0.0275558313749778
CTNNAL1	0.3519581177468653
CTSC	0.4691644103363469
CTSV	0.0609492722487356
CUL3	0.2080728393731593
CUTC	0.0980156214798984
CXCL2	0.0826722141115055
CXCL5	0.2116998081983968
CXCL8	0.0133847671433528
CYP1B1	0.222335692440755
CYP4F3	0.1417762934222148
DAB2	0.0168080355899915
DAG1	0.0013028306255102
DBF4	0.0227141179126884
DBNDD1	0.1070574550305757
DBP	0.0071426776239849
DCAF13	0.2343871091461508
DCDC2	0.0279482046032134
DCTN6	0.1739649435987292
DDIT3	0.1646964817593131
DDIT4	0.0730769166022955
DDOST	0.1141125866415454
DDRGK1	0.1091376170440722
DDX10	0.1649848156078478
DDX18	0.2274366266435614
DDX23	0.2306949631775711
DDX27	0.2886284894089148
DDX39A	0.1189601408716987
DDX42	0.1854929630299784
DDX56	0.352707847877176
DEDD2	0.0722446929325827
DENND5B	0.0289947021519564
DERA	0.181507014956895
DERL2	0.1866978349341922
DESI2	0.2779106151059739
DFFA	0.2016059940475372
DGUOK-AS1	0.1076910233487652
DHCR24	0.1341558396580466
DHRS4	0.0734086067396317
DHRS7	0.0008766854816614
DHX9	0.0239821896268278
DKK1	0.0284198092195595
DLC1	0.0386272829046397
DLGAP5	0.1975975085540642
DNAJA1	0.0221552002031947
DNAJA2	0.2672731440396247
DNAJB1	0.446482940698174
DNAJB11	0.0997587064050044
DNAJC1	0.3120513956782004
DNAJC21	0.0724288239636334
DNAJC22	0.0819573998027575
DNAJC3	0.1052965937409001
DNTTIP2	0.2470410623171984
DOK4	0.1046225954035163
DPM1	0.1407918309178861
DTL	0.1131590438418143
DUSP1	0.3720303246073858
DUSP14	0.5361371800368354
DUSP5	0.285745323238628
DYNC1H1	0.3417383994246339
E2F1	0.1585980737151417
EAPP	0.1907551281820538
EBAG9	0.0983221129916741
ECI2	0.5375983643528357
ECT2	0.1568883085006105
EFEMP1	0.0489331573727218
EFHD2	0.3118601797682503
EFNA1	0.0804556338998683
EFNA5	0.1361787722708813
EID2B	0.0115150534649217
EIF1	0.1983473303366319
EIF1AY	0.2125908595850398
EIF1B	0.1815881108938707
EIF2AK2	0.1841879130601296
EIF2S1	0.2605150127634092
EIF2S3	0.235058484434562
EIF3D	0.5940970122401913
EIF3I	0.1902404466405051
EIF4A1	0.0363903541012794
EIF4A3	0.0032758504106923
EIF4E	0.1764828477861634
EIF4EBP1	0.46747302724479
EIF4G2	0.1018218260386985
EIF5	0.1744466431468748
EIF5A	0.3467332058746887
EIF5AL1	0.162399691515735
ELAVL1	0.0416638848635939
EMC3	0.1661988591529452
EMC7	0.2203868365571561
EMP2	0.1806447910994519
ENDOG	0.2547811978010651
ENO1	0.1492369704487345
EPN2	0.09976305112994
EPRS	0.2125866429540576
ERAL1	0.3222804581833945
EREG	0.2969354479642104
ERGIC2	0.2379815949191196
ERN1	0.1048420137180949
ERRFI1	0.4484105424428257
ERV3-1	0.0601656169072658
ESCO2	0.1140166737223464
ESF1	0.2228137714240838
ETS2	0.0008468251802278
ETV4	0.0443169401076742
EWSR1	0.1409105971227262
EXOSC1	0.0106054125765853
EXOSC3	0.2137458365533615
EXOSC6	0.0436486575178124
EXOSC7	0.1724352826694958
EXOSC8	0.2605671096875145
F12	0.0815344832578874
FAAP24	0.1484816863169494
FABP5	0.5414149495932825
FABP6	0.0628300963444621
FAM111B	0.1009157554674822
FAM162A	0.2427354237352668
FAM215B	0.0190180835122452
FAM50A	0.0190414711391066
FAM60A	0.1944639435958498
FAM64A	0.0970155510453285
FAM83D	0.293289287114286
FANCD2	0.2258360271616797
FDFT1	0.3391192849440445
FDPS	0.023521179251279
FEN1	0.0155004475634055
FGFR1	0.0049985857871576
FGFR1OP2	0.276773432877248
FGG	0.0436609580398903
FH	0.2286224576252448
FHL1	0.0457799445255971
FHL2	0.0330868585000446
FKBP9	0.1588581012806589
FLNA	0.2342761183644024
FMNL1	0.2706294533735195
FOPNL	0.175780707973204
FOSL1	0.112443261614002
FSCN1	0.2329020902691965
FST	0.1873927039698981
FTSJ2	0.1981113763453247
FUBP1	0.1449080599624992
FYB	0.4611264554528927
G0S2	0.0190838716661096
G2E3	0.09534204726862
GABPB1	0.1125330583662355
GABRA5	0.1346086063522695
GADD45B	0.0935041238737113
GAL	0.3138668452679832
GALK1	0.0106983914762093
GAPDH	0.0050681336765553
GAR1	0.3674251393782008
GAS2L1	0.2542772762836818
GBAS	0.1617401787200653
GDF15	0.0194719927800321
GIGYF1	0.0197903134575933
GINS2	0.3346842223771422
GINS4	0.0842658003125402
GLE1	0.0371672181771217
GLOD4	0.3664876135035148
GLRX3	0.2231873727282433
GMNN	0.0015495286426704
GMPS	0.1994524076491709
GNL3	0.1778786368639212
GNPDA1	0.112439295558084
GNPNAT1	0.1598073896396924
GPN3	0.2476095559568728
GPRIN2	0.0668485899803139
GRAMD1B	0.0355599051454457
GREM1	0.0613593991396959
GRK6	0.0656624006656462
GRPEL1	0.2376296275950886
GRSF1	0.2498026164444433
GRWD1	0.2210484533102471
GSTO1	0.0773994117981032
GTF2F1	0.0916042631776965
GTPBP4	0.0266240051712905
GTSE1	0.1073507578185993
H1F0	0.1764724708046034
H1FX	0.2957165134518555
H2AFX	0.1467891441109111
HACD1	0.2002703893703597
HADHB	0.0324091418476925
HAPLN3	0.0499510786137457
HAS2	0.0233727110390564
HAT1	0.1548269213111247
HAUS2	0.1355187206827889
HCCS	0.362361371841352
HDAC2	0.2314468588411704
HERC2	0.1507416653902696
HERPUD1	0.0186267163401282
HES4	0.1542993958168964
HES6	0.1015488443892873
HIP1	0.1138386091621712
HIST1H1B	0.125112233902059
HIST1H1C	0.2301603816394372
HIST1H1D	0.5386989892567257
HIST1H1E	0.616801117680292
HIST1H2AH	0.081913756172335
HIST1H2BD	0.0439500018085915
HIST1H4C	0.3047282642243366
HIST2H2AC	0.6568773963205609
HIST3H2A	0.1833595498378702
HLA-DMB	0.0156609097093405
HMGA2	0.1591017806465301
HMGB2	0.3355808290251642
HMGB3	0.3644776728643157
HMMR	0.0904110567329584
HNF4A	0.3254632310445608
HNRNPAB	0.3744961588253943
HNRNPDL	0.0660327406556654
HNRNPM	0.2798168723521675
HNRNPR	0.0544837915222925
HOMER3	0.0381492949262559
HOXA3	0.1248510991990317
HOXB2	0.0610330191291432
HPRT1	0.4120153677478028
HPS1	0.070508294734548
HSP90AA1	0.1872825644046205
HSP90AB1	0.4853417049615344
HSPA14	0.2100469234542088
HSPA1A	0.109926348915259
HSPA2	0.2363303594241675
HSPA4	0.1491778866989246
HSPA5	0.0546017104490428
HSPA8	0.0866115130112925
HSPA9	0.2244976542900449
HSPD1	0.6059912069409131
HTATSF1	0.0303942284650781
ICE1	0.0225029309123413
ID1	0.2046632945514601
ID2	0.4198899577952566
ID4	0.0677523183509629
IDH3B	0.1891099098527635
IDI1	0.2292595472583936
IER2	0.2702018266499123
IER3	0.0019473259505614
IFFO2	0.0523999091461911
IFITM2	0.1388465185951375
IFITM3	0.1978255038145653
IFNGR2	0.0171548555170826
IFRD1	0.4898698460986161
IFT27	0.1644350349419529
IFT81	0.0904416882948006
IGFBP4	0.0370659407224638
IGFBP6	0.0586558942323975
IK	0.0889680709132376
IL15	0.0577125587043171
IL18	0.3102399946466231
IL32	0.0578458118440608
ILF2	0.2009425710925297
ILF3-AS1	0.1253595606779439
ILK	0.2436399244856409
IMMP1L	0.1117850819862774
IMMT	0.1651019202695009
INA	0.1307689364953942
INAFM1	0.1424756486435216
ING2	0.232609742138583
INHBB	0.0298352298206718
IQGAP3	0.0945874583286585
ITGB3BP	0.127510210760267
JADE1	0.018642775632327
JMJD1C	0.019499104155107
JMJD6	0.111049360638793
JUN	0.2141659846223256
KANK1	0.0122103975479833
KCNMA1	0.349929458675615
KIAA1191	0.0928008176105792
KIF14	0.314568219259888
KIF18A	0.0049937942996048
KIF20B	0.0669970102197842
KIF21A	0.0944570414180715
KIF22	0.1003443557510624
KIF23	0.105277410885679
KIF2A	0.3032934972339198
KIF4A	0.2050981564738612
KIF5B	0.0739147717692434
KIF9	0.1073217971224354
KLF6	0.272161286872391
KLHL23	0.1967648622363891
KMT2E	0.0383965104204419
KNSTRN	0.0059220702311961
KPNA2	0.0929967571122372
KPNA4	0.103047275427778
KRAS	0.37894508812944
KRR1	0.2913387224868599
KYNU	0.1626545952927701
LACTB	0.091719256998529
LAMA5	0.0303938723456502
LAPTM4A	0.1774711587175256
LBR	0.1114461435932218
LDHA	0.1528202431674455
LEPROTL1	0.0130606973152796
LGALS3	0.0244652236330868
LGR4	0.068853574112374
LINC00152	0.0298796821954266
LINC00467	0.0425285040463797
LINC00473	0.1828726704148515
LINC00511	0.1523153796922496
LINC00662	0.2120712269046383
LINC00665	0.1760503298150427
LINC00667	0.2591601619272927
LINC00707	0.0783445803254999
LINC00973	0.0021219192965078
LINC01137	0.1987833739241935
LINC01220	0.0566519513009845
LINC01234	0.1678220786515752
LINC01433	0.043076189685101
LINC01447	0.0183601462064428
LMAN1	0.1666587556785632
LMNA	0.0417578021997521
LMO4	0.0812156800613475
LMO7	0.0368087603752444
LMTK3	0.0831666942921696
LRIF1	0.0322250664698916
LRPPRC	0.2088276281601703
LRRC58	0.0767616341787078
LRRC8B	0.0959570903609104
LSM6	0.2014929298516607
LYAR	0.121113096181971
LYPD1	0.0421193730520762
MAD2L1	0.3348278075041709
MAGOH	0.0596274963114697
MANF	0.2148304653112367
MAP3K8	0.024633152533206
MAP4	0.0314026933124892
MARCKSL1	0.0122796580468792
MARS	0.3614641221508476
MBD2	0.034351628607494
MCM10	0.0303054162853031
MCM3	0.3736548453860707
MCM4	0.1177115648750462
MCM6	0.0421458532676651
MCM7	0.0909683147175987
MDH1	0.0707220132315914
MDK	0.1052794300621709
MED31	0.2199762070402495
MED9	0.2904691893804936
MEIS2	0.1667944049605995
MESP1	0.1421866384705338
MEST	0.1481854755160311
MFHAS1	0.0489089415997797
MGLL	0.0412494395313793
MID1IP1	0.1393803635075843
MIS18BP1	0.0272097407155939
MISP	0.0789309265128476
MKI67	0.2152299699448755
MMD	0.1869622556033796
MNAT1	0.1785360797629676
MPDU1	0.3185298518731504
MPHOSPH10	0.0105563191894573
MPHOSPH8	0.0973639360851241
MPRIP	0.3234192357411076
MROH8	0.0034185733891868
MRPL10	0.1821056821454191
MRPL13	0.3480995869038378
MRPL16	0.1565211917446801
MRPL35	0.2056431885214206
MRPL47	0.0209355911222345
MRPL49	0.1650738784441298
MRPS18A	0.1435351992607764
MRTO4	0.1204832535746485
MSH6	0.1007505472958128
MT1A	0.0433244671019075
MTA2	0.4077741558486041
MTHFD2	0.1370228320007605
MTIF2	0.3933647589777011
MTX1	0.0008294314716246
MTX2	0.173512478250362
MUC5AC	0.0874138454341313
MXD3	0.1463997888970752
MYADM	0.099228534754561
MYC	0.4539814211057701
MYEOV	0.2781963979561739
MYL12A	0.1022251467557655
MYL12B	0.7024725745544967
MYL9	0.1824280004408613
MYO19	0.3256027939309473
MZT1	0.1084140308230258
NANS	0.1265148894736917
NASP	0.1331261157905897
NCAPD2	0.2881167824787461
NCKAP1	0.0309583232049456
NCL	0.3427772338958449
NCOA3	0.3661682625971925
NCOA7	0.0580365669990477
NDFIP1	0.3765696220601632
NDUFA10	0.0144205955229686
NDUFA9	0.2098574458445906
NDUFAF4	0.165292070092811
NDUFS2	0.0772213238153346
NEDD4L	0.1045221488953385
NEK2	0.0816931161844989
NET1	0.0023227787775332
NFAT5	0.1146625356563703
NFKBIA	0.1712361065335619
NIFK	0.3724630683337261
NIP7	0.0811076075556332
NIT2	0.1091877529185545
NLN	0.0745605572320955
NOC2L	0.1536607492301517
NOL8	0.1611378250695842
NOLC1	0.144837709550649
NOP58	0.1603137381117631
NOTCH3	0.0604621006413643
NPM1	0.4225347714846063
NPTX1	0.1007847392724442
NQO1	0.2298693074314328
NR0B1	0.1545884678838286
NR2F2	0.0371595195675838
NR4A2	0.1982569711331263
NRAV	0.0463381297187808
NRBP1	0.1741843972265813
NRP1	0.19007269520458
NSMCE1	0.253212652037161
NT5DC2	0.0314546338649123
NTRK3	0.0709704220161646
NTS	0.1120644284910986
NUCB2	0.0078689465158843
NUCKS1	0.0410027480686538
NUDC	0.2125445897029177
NUDT4	0.4092746542583904
NUF2	0.1905115107570085
NUP155	0.2446738456210203
NUP62	0.1771834355747148
NUSAP1	0.3154039969343973
NXN	0.2223132734846241
OAS1	0.0697573732506313
ODC1	0.0599472848992306
OPN3	0.1968226915170022
OSER1	0.2243890707510016
OSGIN1	0.4104005191787715
PA2G4	0.1239510476415964
PABPC4	0.1648934988662978
PAFAH1B2	0.0508632664357416
PAQR4	0.0748803711968858
PAQR5	0.1449102186760864
PARPBP	0.1388086367934798
PBDC1	0.0753730919913293
PBK	0.2769194061003013
PCDH9	0.1035093600229793
PCMT1	0.241124771852333
PDCD7	0.0998678511442626
PDCL3	0.1165897027867104
PDE8A	0.1282910371563053
PDHA1	0.0992533672994314
PDHB	0.0069264906777183
PDIA3	0.1149934058694229
PDIA6	0.067872976311646
PDLIM7	0.1660257709914495
PELP1	0.0207877090152574
PEPD	0.0766142395822604
PER2	0.2859262088772371
PET100	0.1392861474921484
PET117	0.0716114911394742
PFKP	0.1286749273995509
PFN1	0.0751793940277087
PGK1	0.1646278956132753
PHACTR2	0.0617121552462965
PHAX	0.0870844713339573
PHF20L1	0.2276612059358769
PHF23	0.17767305016554
PHF3	0.3044210140811261
PHGDH	0.1112916863345403
PHLDA1	0.1847278500596346
PHLDA2	0.0623164347591486
PIH1D1	0.018596178991471
PIR	0.1735003752316772
PITX1	0.0653409624779194
PKDCC	0.0087093977169696
PLA2G16	0.096561434123402
PLAU	0.0039497184217042
PLEKHA3	0.0904100778527495
PLEKHB2	0.0371545869854733
PLEKHJ1	0.2958206089851184
PLIN2	0.0394410413320303
PLIN3	0.3747986206206966
PLK1	0.1488804303128624
PMAIP1	0.0262869404048922
PMF1	0.2428054563326081
PMP22	0.4025675033156567
POLR2A	0.1918959466071336
POLR2C	0.1906072687086117
POLR2D	0.1012311050161678
POLR3GL	0.0275844613922275
POPDC3	0.2127942936542574
POR	0.043631145849724
PPA2	0.1028941112730203
PPARG	0.1573816685870173
PPHLN1	0.1435457452409944
PPIB	0.0639754094998434
PPID	0.0966599484301159
PPIE	0.0421173503033256
PPIF	0.3246324796223782
PPIH	0.2828461964827832
PPM1B	0.0118923960420268
PPP1R12A	0.0410950339622357
PPP1R15A	0.2866647631251036
PPP1R35	0.4097813626354077
PPP1R7	0.1961828798044165
PPP2R2A	0.122164402162908
PRAME	0.1695567839564361
PRC1	0.191265880964347
PRDX1	0.003461071024833
PRDX4	0.0897083414902842
PREB	0.2892050120572809
PRKRIR	0.2582663931122906
PRMT1	0.2210772811773418
PRMT5	0.1674764530956841
PRPF4B	0.0156988704178755
PRPF6	0.1253679009378154
PRR11	0.2337364451272253
PSAT1	0.308809052210527
PSMA3	0.1028052164844588
PSMA4	0.1075239605070162
PSMB1	0.1322433124719441
PSMB3	0.1027597213125981
PSMB6	0.1014393368277061
PSMB7	0.1114314225106823
PSMB9	0.0923993111618905
PSMC1	0.1899534472901327
PSMC2	0.1275217523328465
PSMC3	0.0132782374103046
PSMC3IP	0.2847951776285671
PSMC4	0.1047805561496503
PSMD11	0.1147040010345997
PSMD13	0.2218682909496809
PSMD2	0.0564703917314587
PSMD4	0.1651625361548894
PSMD6	0.1136569827922188
PSMD7	0.0957311794903816
PSMD8	0.0837749907034065
PSME2	0.1026972779991373
PTGES	0.2560727990016394
PTGS2	0.0964677257138189
PTMA	0.2106162413605393
PTP4A1	0.0887167349804829
PTPN12	0.1296902906454342
PTPRA	0.5529102900711006
PTPRF	0.0015158011116536
PTRH2	0.2217745278384364
PTTG1	0.0957963515979479
PUM3	0.219238168384543
PVRL2	0.0783324321230091
PXDN	0.2532202951429033
PXN-AS1	0.1583139109367868
PYGL	0.2105182710851281
RAB14	0.0485417497574971
RAB18	0.1244263548656469
RAB8A	0.4526695988032075
RAC3	0.0103106486450376
RACGAP1	0.1344364941427387
RAD9A	0.3635781071639532
RAE1	0.3126049379568847
RAI14	0.0134555476902084
RAN	0.0371619275679147
RARA-AS1	0.034689350172933
RARS	0.1292850247418475
RASSF3	0.0692399714041605
RASSF7	0.173983713251657
RBBP6	0.2416523195368109
RBM14	0.1237811227503754
RBM42	0.1762405269660732
RBM7	0.0942891959953455
RBMS1	0.010737841960211
RBP4	0.0622132637351399
RBPMS	0.1107401411966898
RCCD1	0.241045049288001
RECQL	0.0082494364505207
REEP4	0.3065393373249079
REL	0.0663861649448993
RELB	0.1209381910558253
RGCC	0.1975742764014567
RGS2	0.0262304849727397
RHOB	0.2041043032667367
RHOV	0.0697882514955797
RICTOR	0.4504917204591026
RILP	0.3018557580162667
RMI2	0.0745370782533046
RNASEH2A	0.3903252473879086
RNASEH2B	0.1630255983106234
RNF212	0.0647041096863861
RNF26	0.1735035605439212
RNF43	0.0521094475882887
RP11-111M22.3	0.1807430551784597
RP11-12G12.7	0.2005905791151236
RP11-254F7.4	0.0729112653568775
RP11-294J22.6	0.1438209348535666
RP11-338I21.1	0.0036996460971751
RP11-357H14.17	0.0118110066915739
RP11-467L13.7	0.0456737975434223
RP11-473M20.16	0.0978881114679336
RP11-498P14.5	0.018559459573937
RP11-51J9.5	0.0132804454527925
RP11-563N4.1	0.0537105210706041
RP11-660L16.2	0.0588718692587018
RP11-670E13.6	0.0822171842009682
RP11-800A18.4	0.0643914887086123
RP11-838N2.3	0.0462749839014438
RP11-874J12.4	0.0948281013763177
RP13-1032I1.7	0.120715041425662
RP5-908M14.9	0.0236475406833081
RP5-943J3.2	0.060727433585596
RPIA	0.0773928043394592
RPL22L1	0.07115960237781
RPN2	0.2308983589406261
RPP30	0.0445769577521034
RPP38	0.0411394741903417
RRAGA	0.2092551227455724
RRM1	0.034302071882285
RRM2	0.075657080385841
RRP1B	0.0210379819597416
RSF1	0.2033497167636223
RTCB	0.1749215509345429
RTN2	0.0943503571498408
RTN4RL2	0.4058255717993119
RUVBL1	0.0532897142745668
S100A6	0.1414134051803286
S100P	0.0219728991096203
SAMD11	0.1078246891279902
SAPCD2	0.060137839540538
SAR1A	0.1596092419572421
SCO1	0.2120608931057011
SCO2	0.087433495853287
SCOC	0.0196175786988953
SDHD	0.0646980110893592
SEC13	0.0773924477391145
SENP6	0.0333855481536273
SERPINE1	0.2836807760705394
SERPINH1	0.1687273237987822
SERTAD1	0.0619751698947864
SET	0.0721304374814936
SETD5	0.016357145803083
SF3B1	0.1100877598146172
SF3B4	0.3522006222485385
SFPQ	0.4516123473242435
SFRP1	0.1682843646192891
SGOL2	0.209157400670115
SH2D4A	0.5907783218046643
SH3BP4	0.1581473924575911
SHMT2	0.0254841191226942
SHTN1	0.0312520267878961
SIRT7	0.0230235468629376
SKAP2	0.16411888025981
SLBP	0.0864544946320893
SLC16A1-AS1	0.017710607999409
SLC25A5	0.0108914907724444
SLC2A3	0.166776223061911
SLC3A2	0.3223098810866381
SLC7A5	0.0744713062065151
SLC7A7	0.1646785580232415
SLC9A3R1	0.0001463314440957
SLC9A3R2	0.268510884824599
SLFN11	0.0722178944035994
SMAD2	0.2771872061077958
SMAGP	0.3034749068875841
SMARCB1	0.3188004645241538
SMC2	0.085471051349879
SMC3	0.1184524447485998
SMC4	0.0108961789996135
SMC6	0.0655634157327301
SMKR1	0.2363145519514196
SMOX	0.3123547832803761
SNAP25	0.2419868402759954
SNAPC1	0.0761172743515972
SNCG	0.0830758536028736
SNHG10	0.213521660452029
SNHG12	0.043345359625872
SNHG19	0.0334053315370259
SNHG7	0.3092049515149336
SNRNP40	0.0998846041348115
SNRPA1	0.0469515060581532
SNW1	0.0390791785284553
SNX6	0.0189592478569573
SOCS3	0.1480411057686795
SOCS6	0.1639527314166584
SOX9	0.2577544282830921
SPAG5	0.2982141187896197
SPANXB1	0.0537317011000011
SPATS2L	0.1289491512645625
SPC25	0.0116166986778201
SPDEF	0.0756087854949
SPDL1	0.2208604143289677
SPTSSA	0.0347262951278179
SPX	0.1038658706887724
SRC	0.1018119015918099
SRSF3	0.2126037420264444
SS18L2	0.0874336246022891
SSB	0.1948707874515752
SSBP1	0.0325291849299078
SSR1	0.1787793366654804
STAG2	0.3315231373382359
STC2	0.3171711371991301
STMN1	0.2808793924383978
SUGT1	0.1161202386270268
SULT2B1	0.0920760150954743
SUMF2	0.157917387611974
SWAP70	0.1246688903564122
TACC1	0.1923869299734348
TACC3	0.2825467719817743
TAF1A	0.0122221505870014
TAGLN2	0.1028440454077305
TAOK1	0.3152406940938813
TCEAL8	0.0342583515992439
TCERG1	0.0704173436386234
TEAD4	0.4945676306123553
TERF1	0.3760341232729047
TESC	0.2815373425819396
TFAP2C	0.0632521716336805
TFPI2	0.3180229792771177
THOC6	0.0552703975992406
THSD7A	0.0518398988406825
TIAL1	0.1871943587430164
TIGAR	0.1038263470764547
TIMM23	0.2664444433662951
TLE4	0.0587355364388573
TLK1	0.0161815920725074
TM2D2	0.2739231332979758
TM4SF1	0.0847995784705097
TMA16	0.0997417241956605
TMED9	0.1586211120493635
TMEM165	0.1142261479203692
TMEM189	0.0643628136016299
TMEM238	0.0176598382794324
TMEM37	0.0300514994564205
TMEM70	0.3057905126273364
TMPO	0.2561458899347333
TMX1	0.002129680173012
TNFRSF12A	0.2223364860322363
TNIP1	0.0961671876108646
TOPBP1	0.0567929182213189
TOR3A	0.0593648828477499
TPD52L2	0.2056284024064998
TPM1	0.3023062715932136
TPM2	0.0226733053611341
TPPP3	0.109275250792634
TPX2	0.1162880907233781
TRAF3IP1	0.1802256074120409
TRAPPC4	0.2491915781925386
TRIB3	0.0561652616516148
TRIM37	0.0387935667610538
TRIM47	0.2089258901462796
TRIM59	0.0885385352220048
TRIM7	0.4995458743732835
TRIML2	0.0051861782077905
TRIOBP	0.0005491038084008
TRIP12	0.1708083006778012
TRIP6	0.0735567449323315
TRMT10C	0.2630989477552617
TRNP1	0.0790539174343977
TRUB2	0.183814606153351
TSG101	0.2118414385482256
TSPAN15	0.1553671879145209
TSR1	0.1101740308794214
TUBA1B	0.0230120938918961
TUBA1C	0.1721449399804893
TUBB	0.4622386803553953
TUBB4B	0.0312705339264316
TUBB6	0.373977849357652
TUSC1	0.1302660091998658
TWIST2	0.170290337905954
TWISTNB	0.1328233850561357
TXN	0.1099014839364489
TXNDC12	0.2720998804615775
TXNDC9	0.1605035427777922
TXNRD2	0.0351883852332908
TYW3	0.4369382147922299
UBALD2	0.0044073436465907
UBB	0.1698439826097376
UBE2C	0.5365179690286166
UBE2S	0.0402050821661559
UBE2T	0.1703225492842818
UBL4A	0.0891616867741307
UBTF	0.0548793034584059
UBXN2A	0.1620690219932037
UNC50	0.1458662317806304
UNC93B1	0.0499450059022084
UNG	0.3737873476575288
UNK	0.1506066457775114
UPF2	0.2538515480303834
UPF3B	0.0400117676256288
USP8	0.0083467375345299
UTP11L	0.3706115022307288
UTP18	0.2034575642223476
VDAC3	0.2492568382151293
VIM	0.0834817462535056
VPS9D1-AS1	0.3195501241547836
VTN	0.1685006250569017
WDR18	0.0925521675325179
WDR43	0.0425639210748192
WDR61	0.2800408977314331
WDR74	0.1955921686383857
WDR76	0.1502552031372874
WHSC1	0.1082751564821849
WISP2	0.0314463768035919
WNT7B	0.1635846883040896
WWC1	0.092969701161484
XPOT	0.5400751565237674
XRCC2	0.2190068542680029
XRCC6	0.3065409812297366
YARS	0.3271407268208114
YEATS4	0.0758002378740454
YTHDF2	0.0346652817190948
YWHAE	0.4308017786836173
ZBED1	0.0974122744938895
ZBTB8A	0.0385969193811342
ZC3H13	0.3240364603322596
ZC3H4	0.0688400919975633
ZCCHC11	0.2101189258294606
ZCCHC8	0.3171038229658904
ZFP36	0.2876218972538462
ZFPM1	0.0299937555770315
ZMYND19	0.221999286087934
ZNF106	0.0897055777382906
ZNF22	0.2007540243997095
ZNF281	0.0687333337776242
ZNF32	0.1163377010215297
ZNF326	0.1445305313452614
ZNF480	0.2533372503254935
ZNF544	0.292938248175974
ZNF581	0.048678570378135
ZNF622	0.1118789679204049
ZNF655	0.1579864457117716
ZNF787	0.3071231227669234
ZRANB2	0.1476399380551629
ZYX	0.3265287729406211