178	666	0.006785307
179	666	0.006785307
666	667	0.0051299296
182	667	0.0051299296
3	668	0.0043295515
667	668	0.0043295515
6	669	0.0038438204
169	669	0.0038438204
8	670	0.014453779
397	670	0.014453779
10	671	0.0077514513
392	671	0.0077514513
13	672	0.028497593
326	672	0.028497593
46	673	0.008415759
366	673	0.008415759
132	674	0.014860422
135	674	0.014860422
58	675	0.009279037
674	675	0.009279037
675	676	0.008222688
59	676	0.008222688
676	677	0.007590835
444	677	0.007590835
89	678	0.014330955
589	678	0.014330955
678	679	0.009215844
639	679	0.009215844
130	680	0.009956881
336	680	0.009956881
322	681	0.025715197
323	681	0.025715197
131	682	0.019409228
681	682	0.019409228
682	683	0.016170409
653	683	0.016170409
683	684	0.0131245
513	684	0.0131245
684	685	0.008972767
434	685	0.008972767
685	686	0.008169735
508	686	0.008169735
139	687	0.010485847
247	687	0.010485847
687	688	0.010252955
631	688	0.010252955
236	689	0.00821152
619	689	0.00821152
238	690	0.018019404
409	690	0.018019404
245	691	0.010344575
274	691	0.010344575
299	692	0.014988843
369	692	0.014988843
692	693	0.008753464
368	693	0.008753464
331	694	0.007989173
465	694	0.007989173
694	695	0.0078051486
542	695	0.0078051486
394	696	0.010391551
529	696	0.010391551
423	697	0.00941773
590	697	0.00941773
697	698	0.008538187
431	698	0.008538187
698	699	0.008249313
633	699	0.008249313
699	700	0.007656759
429	700	0.007656759
610	701	0.008131717
611	701	0.008131717
426	702	0.0077274614
701	702	0.0077274614
12	703	0.007534183
673	703	0.007534183
269	703	0.007534183
703	704	0.007416503
702	704	0.007416503
704	705	0.0071637263
551	705	0.0071637263
677	706	0.0069814865
134	706	0.0069814865
690	707	0.007474591
695	707	0.007474591
422	708	0.006773017
700	708	0.006773017
693	709	0.0067300824
708	709	0.0067300824
709	710	0.0066504534
598	710	0.0066504534
705	711	0.006283883
284	711	0.006283883
711	712	0.0061814426
223	712	0.0061814426
712	713	0.006097675
686	713	0.006097675
713	714	0.0060076453
710	714	0.0060076453
706	715	0.006622627
707	715	0.006622627
714	716	0.005980215
155	716	0.005980215
716	717	0.0052709794
715	717	0.0052709794
717	718	0.0051877503
537	718	0.0051877503
718	719	0.005035678
672	719	0.005035678
679	720	0.006536436
592	720	0.006536436
689	721	0.0063082166
395	721	0.0063082166
720	722	0.0060351854
721	722	0.0060351854
722	723	0.005948279
432	723	0.005948279
723	724	0.0059310286
629	724	0.0059310286
724	725	0.005905681
127	725	0.005905681
162	726	0.0064865216
273	726	0.0064865216
726	727	0.0063718576
691	727	0.0063718576
180	728	0.0054983622
412	728	0.0054983622
719	729	0.004992334
195	729	0.004992334
729	730	0.004824781
725	730	0.004824781
727	731	0.004918051
278	731	0.004918051
730	732	0.004642534
731	732	0.004642534
732	733	0.00452912
696	733	0.00452912
390	734	0.0046499427
393	734	0.0046499427
148	735	0.004538737
734	735	0.004538737
671	736	0.0045186933
33	736	0.0045186933
736	737	0.004467162
733	737	0.004467162
552	737	0.004467162
735	738	0.004358444
242	738	0.004358444
737	739	0.0042439746
147	739	0.0042439746
739	740	0.004174747
738	740	0.004174747
164	741	0.004585018
166	741	0.004585018
741	742	0.004561621
728	742	0.004561621
742	743	0.004350842
424	743	0.004350842
740	744	0.004117743
622	744	0.004117743
744	745	0.004077262
533	745	0.004077262
680	746	0.0040524364
743	746	0.0040524364
745	747	0.0040465016
746	747	0.0040465016
163	747	0.0040465016
747	748	0.0038200796
688	748	0.0038200796
748	749	0.0035353266
52	749	0.0035353266
749	750	0.0034807164
649	750	0.0034807164
22	751	0.0034799017
73	751	0.0034799017
74	752	0.011841768
280	752	0.011841768
642	753	0.0067237057
643	753	0.0067237057
75	754	0.0067235995
753	754	0.0067235995
754	755	0.006372589
214	755	0.006372589
511	756	0.010001741
568	756	0.010001741
149	757	0.008904476
756	757	0.008904476
757	758	0.008790444
292	758	0.008790444
758	759	0.007176822
570	759	0.007176822
185	760	0.0061182813
335	760	0.0061182813
338	761	0.008635336
365	761	0.008635336
257	762	0.006792592
301	762	0.006792592
762	763	0.006225665
761	763	0.006225665
759	764	0.0058289743
526	764	0.0058289743
764	765	0.0051951976
591	765	0.0051951976
765	766	0.004669692
171	766	0.004669692
766	767	0.004516818
763	767	0.004516818
767	768	0.004455561
455	768	0.004455561
752	769	0.004246406
768	769	0.004246406
24	770	0.0041678366
760	770	0.0041678366
769	771	0.0042078784
469	771	0.0042078784
770	772	0.0040110815
771	772	0.0040110815
772	773	0.0040066987
332	773	0.0040066987
773	774	0.003954037
468	774	0.003954037
774	775	0.0038889358
579	775	0.0038889358
775	776	0.003792992
755	776	0.003792992
776	777	0.0037726215
547	777	0.0037726215
777	778	0.0036427102
38	778	0.0036427102
778	779	0.0036136934
546	779	0.0036136934
25	780	0.008649052
230	780	0.008649052
404	781	0.0065123388
565	781	0.0065123388
562	782	0.00492994
564	782	0.00492994
781	783	0.0045091924
782	783	0.0045091924
26	784	0.0042512463
783	784	0.0042512463
784	785	0.003932883
506	785	0.003932883
785	786	0.003886569
43	786	0.003886569
587	787	0.0063543743
657	787	0.0063543743
123	788	0.005608081
787	788	0.005608081
539	789	0.0057928544
614	789	0.0057928544
219	790	0.005046615
403	790	0.005046615
540	791	0.0053182677
621	791	0.0053182677
543	792	0.005346325
648	792	0.005346325
789	793	0.004928058
792	793	0.004928058
793	794	0.0048417407
791	794	0.0048417407
790	795	0.00386185
794	795	0.00386185
35	796	0.0037371279
795	796	0.0037371279
796	797	0.0036490227
439	797	0.0036490227
797	798	0.003551801
788	798	0.003551801
798	799	0.0035399648
91	799	0.0035399648
799	800	0.0035290548
220	800	0.0035290548
144	801	0.009426383
200	801	0.009426383
229	802	0.008127582
308	802	0.008127582
44	803	0.0065022353
801	803	0.0065022353
54	804	0.006419783
802	804	0.006419783
803	805	0.006325595
804	805	0.006325595
805	806	0.006077609
45	806	0.006077609
806	807	0.0037981058
258	807	0.0037981058
109	808	0.003989247
317	808	0.003989247
808	809	0.003845251
410	809	0.003845251
98	810	0.0037281176
809	810	0.0037281176
810	811	0.0035301202
574	811	0.0035301202
66	812	0.0035100137
811	812	0.0035100137
357	813	0.011502272
359	813	0.011502272
68	814	0.007053522
813	814	0.007053522
814	815	0.0064685275
358	815	0.0064685275
815	816	0.0058779954
356	816	0.0058779954
816	817	0.0055662366
581	817	0.0055662366
817	818	0.004665164
361	818	0.004665164
818	819	0.0046254448
354	819	0.0046254448
355	819	0.0046254448
70	820	0.006356477
208	820	0.006356477
820	821	0.0062815794
660	821	0.0062815794
821	822	0.004475493
210	822	0.004475493
512	822	0.004475493
822	823	0.0041020494
207	823	0.0041020494
823	824	0.003730023
211	824	0.003730023
824	825	0.0036928968
209	825	0.0036928968
294	826	0.010321176
295	826	0.010321176
137	827	0.009200111
826	827	0.009200111
76	828	0.0039307494
827	828	0.0039307494
828	829	0.003732516
138	829	0.003732516
119	830	0.043537036
120	830	0.043537036
129	831	0.0041292775
136	831	0.0041292775
133	832	0.006832316
582	832	0.006832316
832	833	0.005320245
203	833	0.005320245
151	834	0.004374108
596	834	0.004374108
192	835	0.0067107123
266	835	0.0067107123
835	836	0.0065238844
597	836	0.0065238844
836	837	0.006389708
580	837	0.006389708
837	838	0.005688944
545	838	0.005688944
838	839	0.005664035
661	839	0.005664035
268	840	0.006026219
510	840	0.006026219
839	841	0.0049408134
840	841	0.0049408134
205	842	0.0052981214
206	842	0.0052981214
212	843	0.0075817765
216	843	0.0075817765
843	844	0.0054662675
363	844	0.0054662675
248	845	0.009045518
347	845	0.009045518
845	846	0.004274493
352	846	0.004274493
376	847	0.018758606
553	847	0.018758606
254	848	0.016622411
847	848	0.016622411
329	849	0.0069464575
651	849	0.0069464575
281	850	0.006137832
849	850	0.006137832
300	851	0.0144634405
386	851	0.0144634405
851	852	0.01373269
647	852	0.01373269
852	853	0.00817712
567	853	0.00817712
417	854	0.016138336
504	854	0.016138336
377	855	0.014435731
854	855	0.014435731
303	856	0.014263902
855	856	0.014263902
372	857	0.014661524
373	857	0.014661524
381	858	0.015008442
383	858	0.015008442
399	859	0.0044560386
413	859	0.0044560386
400	860	0.012846678
573	860	0.012846678
452	861	0.010369239
454	861	0.010369239
861	862	0.003984513
555	862	0.003984513
477	863	0.0078122844
482	863	0.0078122844
863	864	0.0074948785
486	864	0.0074948785
864	865	0.0071061007
488	865	0.0071061007
865	866	0.006855875
481	866	0.006855875
475	867	0.0068377424
866	867	0.0068377424
472	868	0.0063497443
867	868	0.0063497443
868	869	0.0059513445
479	869	0.0059513445
869	870	0.005217516
489	870	0.005217516
870	871	0.00500952
490	871	0.00500952
871	872	0.004965506
483	872	0.004965506
872	873	0.004795744
485	873	0.004795744
873	874	0.0045577683
480	874	0.0045577683
556	875	0.009704193
558	875	0.009704193
617	876	0.0042152703
618	876	0.0042152703
668	877	0.0028095716
4	877	0.0028095716
877	878	0.0027206081
191	878	0.0027206081
669	879	0.0031041005
626	879	0.0031041005
670	880	0.0032945808
588	880	0.0032945808
800	881	0.0032089835
324	881	0.0032089835
880	882	0.003149298
881	882	0.003149298
750	883	0.0034403107
246	883	0.0034403107
883	884	0.003289139
862	884	0.003289139
779	885	0.0033329967
304	885	0.0033329967
842	886	0.0034040038
548	886	0.0034040038
884	887	0.0032458457
885	887	0.0032458457
841	888	0.0032778163
886	888	0.0032778163
887	889	0.0031527057
888	889	0.0031527057
807	890	0.0033724988
228	890	0.0033724988
890	891	0.0031459783
234	891	0.0031459783
889	892	0.0031403506
891	892	0.0031403506
892	893	0.003127039
599	893	0.003127039
893	894	0.0030930883
451	894	0.0030930883
894	895	0.0030830048
427	895	0.0030830048
895	896	0.0030456465
830	896	0.0030456465
786	897	0.0034676827
154	897	0.0034676827
812	898	0.0034631903
612	898	0.0034631903
79	899	0.0032818648
93	899	0.0032818648
898	900	0.0032575508
899	900	0.0032575508
900	901	0.0032485698
80	901	0.0032485698
897	902	0.0032319922
122	902	0.0032319922
902	903	0.0031512808
901	903	0.0031512808
903	904	0.003041977
602	904	0.003041977
339	905	0.0030368224
342	905	0.0030368224
874	906	0.0032394803
478	906	0.0032394803
879	907	0.0030106874
7	907	0.0030106874
896	908	0.0030141918
84	908	0.0030141918
906	908	0.0030141918
844	909	0.0030278233
656	909	0.0030278233
907	910	0.002944628
882	910	0.002944628
908	910	0.002944628
909	910	0.002944628
857	910	0.002944628
910	911	0.0029372177
487	911	0.0029372177
911	912	0.0029153642
825	912	0.0029153642
912	913	0.0028886343
298	913	0.0028886343
913	914	0.0028860106
353	914	0.0028860106
527	914	0.0028860106
914	915	0.0028533002
623	915	0.0028533002
904	916	0.002957625
321	916	0.002957625
916	917	0.0029243457
104	917	0.0029243457
915	918	0.002827616
834	918	0.002827616
918	919	0.002813444
333	919	0.002813444
919	920	0.00278383
158	920	0.00278383
920	921	0.0027697794
150	921	0.0027697794
921	922	0.0027631107
379	922	0.0027631107
142	923	0.0027693019
905	923	0.0027693019
922	924	0.0027505925
917	924	0.0027505925
833	924	0.0027505925
406	924	0.0027505925
924	925	0.0027454137
923	925	0.0027454137
925	926	0.002739785
226	926	0.002739785
926	927	0.0027074907
249	927	0.0027074907
819	928	0.0030140309
367	928	0.0030140309
218	929	0.0027556226
420	929	0.0027556226
227	930	0.0034614548
430	930	0.0034614548
330	931	0.0027226482
875	931	0.0027226482
927	932	0.002644625
341	932	0.002644625
530	932	0.002644625
932	933	0.0026249334
277	933	0.0026249334
933	934	0.002619475
928	934	0.002619475
524	934	0.002619475
525	934	0.002619475
934	935	0.0026107645
561	935	0.0026107645
935	936	0.0026079614
645	936	0.0026079614
665	936	0.0026079614
936	937	0.0025917178
106	937	0.0025917178
937	938	0.0025465984
627	938	0.0025465984
938	939	0.0025323627
780	939	0.0025323627
939	940	0.0025291173
630	940	0.0025291173
940	941	0.0024835544
931	941	0.0024835544
941	942	0.0024694076
930	942	0.0024694076
942	943	0.002450886
318	943	0.002450886
943	944	0.0024492478
113	944	0.0024492478
944	945	0.0024303754
557	945	0.0024303754
878	946	0.0024235444
945	946	0.0024235444
946	947	0.0024152938
829	947	0.0024152938
947	948	0.0024151527
859	948	0.0024151527
948	949	0.0024115073
466	949	0.0024115073
949	950	0.0024094684
53	950	0.0024094684
950	951	0.0024078155
267	951	0.0024078155
951	952	0.002406246
401	952	0.002406246
952	953	0.0023837248
442	953	0.0023837248
953	954	0.0023737554
85	954	0.0023737554
954	955	0.0023546994
544	955	0.0023546994
955	956	0.0023519625
652	956	0.0023519625
956	957	0.002351896
538	957	0.002351896
957	958	0.0023513192
237	958	0.0023513192
958	959	0.0023469783
177	959	0.0023469783
959	960	0.0023381496
272	960	0.0023381496
960	961	0.0023376492
578	961	0.0023376492
961	962	0.0023353705
929	962	0.0023353705
962	963	0.0023344806
876	963	0.0023344806
963	964	0.0023276138
853	964	0.0023276138
964	965	0.002312157
160	965	0.002312157
965	966	0.0023113017
197	966	0.0023113017
966	967	0.0023105808
458	967	0.0023105808
967	968	0.002300327
316	968	0.002300327
968	969	0.0022871762
389	969	0.0022871762
969	970	0.0022832628
608	970	0.0022832628
970	971	0.0022748492
594	971	0.0022748492
971	972	0.0022399859
453	972	0.0022399859
972	973	0.0022381474
615	973	0.0022381474
973	974	0.002236171
515	974	0.002236171
974	975	0.0022326035
535	975	0.0022326035
751	976	0.0030476092
493	976	0.0030476092
57	977	0.0030619793
846	977	0.0030619793
977	978	0.0029234265
346	978	0.0029234265
146	979	0.0023488048
464	979	0.0023488048
858	980	0.0029812038
382	980	0.0029812038
460	981	0.0029855517
550	981	0.0029855517
632	982	0.0032182364
659	982	0.0032182364
975	983	0.0022267604
314	983	0.0022267604
983	984	0.0022064622
484	984	0.0022064622
984	985	0.0022050354
34	985	0.0022050354
985	986	0.0021977432
287	986	0.0021977432
986	987	0.0021962381
105	987	0.0021962381
987	988	0.0021852008
186	988	0.0021852008
988	989	0.002178228
850	989	0.002178228
989	990	0.0021694584
445	990	0.0021694584
990	991	0.0021686826
507	991	0.0021686826
991	992	0.0021654137
981	992	0.0021654137
992	993	0.0021571082
88	993	0.0021571082
993	994	0.0021497293
97	994	0.0021497293
994	995	0.002143155
566	995	0.002143155
995	996	0.0021373415
190	996	0.0021373415
996	997	0.0021368924
978	997	0.0021368924
997	998	0.0021115441
398	998	0.0021115441
998	999	0.0021031841
77	999	0.0021031841
999	1000	0.0021029674
569	1000	0.0021029674
1000	1001	0.0020663622
30	1001	0.0020663622
1001	1002	0.002065389
982	1002	0.002065389
1002	1003	0.0020630853
375	1003	0.0020630853
1003	1004	0.0020582979
240	1004	0.0020582979
1004	1005	0.0020559025
437	1005	0.0020559025
1005	1006	0.0020536166
41	1006	0.0020536166
1006	1007	0.002049549
646	1007	0.002049549
1007	1008	0.00204863
60	1008	0.00204863
1008	1009	0.0020477774
215	1009	0.0020477774
1009	1010	0.0020432435
500	1010	0.0020432435
1010	1011	0.0020416027
463	1011	0.0020416027
1011	1012	0.0020407683
979	1012	0.0020407683
1012	1013	0.0020346576
650	1013	0.0020346576
1013	1014	0.0020300075
371	1014	0.0020300075
1014	1015	0.0020245982
39	1015	0.0020245982
1015	1016	0.0019965013
121	1016	0.0019965013
1016	1017	0.0019845266
411	1017	0.0019845266
606	1017	0.0019845266
1017	1018	0.0019703412
980	1018	0.0019703412
1018	1019	0.001962032
609	1019	0.001962032
1019	1020	0.0019537886
860	1020	0.0019537886
1020	1021	0.0019524724
312	1021	0.0019524724
1021	1022	0.0019433766
856	1022	0.0019433766
848	1023	0.0019494232
495	1023	0.0019494232
1022	1024	0.0019242797
187	1024	0.0019242797
188	1024	0.0019242797
416	1024	0.0019242797
1024	1025	0.0019159674
116	1025	0.0019159674
1025	1026	0.0019010911
90	1026	0.0019010911
1026	1027	0.0018914527
101	1027	0.0018914527
1027	1028	0.0018909564
387	1028	0.0018909564
1028	1029	0.0018772032
293	1029	0.0018772032
1029	1030	0.0018632819
81	1030	0.0018632819
170	1030	0.0018632819
1030	1031	0.0018438967
378	1031	0.0018438967
1031	1032	0.0018364737
976	1032	0.0018364737
1032	1033	0.0018276365
396	1033	0.0018276365
415	1033	0.0018276365
1033	1034	0.0018188262
18	1034	0.0018188262
1034	1035	0.0018186787
153	1035	0.0018186787
1035	1036	0.0018036775
360	1036	0.0018036775
1036	1037	0.0018023064
112	1037	0.0018023064
1037	1038	0.0017975038
82	1038	0.0017975038
1038	1039	0.0017739225
1023	1039	0.0017739225
1039	1040	0.001762554
831	1040	0.001762554
1040	1041	0.0017557782
528	1041	0.0017557782
1041	1042	0.0017451714
107	1042	0.0017451714
1042	1043	0.0017426616
514	1043	0.0017426616
1043	1044	0.0017231264
575	1044	0.0017231264
1044	1045	0.0017151907
450	1045	0.0017151907
1045	1046	0.0017041661
124	1046	0.0017041661
1046	1047	0.0016900512
270	1047	0.0016900512
217	1048	0.012109719
285	1048	0.012109719
172	1049	0.011277257
173	1049	0.011277257
1049	1050	0.010845062
252	1050	0.010845062
1050	1051	0.0038334688
1048	1051	0.0038334688
5	1052	0.0037591315
1051	1052	0.0037591315
1052	1053	0.002800686
327	1053	0.002800686
15	1054	0.009862065
638	1054	0.009862065
16	1055	0.01463251
604	1055	0.01463251
289	1056	0.018137757
290	1056	0.018137757
1056	1057	0.017054917
613	1057	0.017054917
1055	1058	0.0046802387
503	1058	0.0046802387
1058	1059	0.0045779413
1057	1059	0.0045779413
1059	1060	0.0035039398
36	1060	0.0035039398
1060	1061	0.002335901
255	1061	0.002335901
291	1062	0.00930859
583	1062	0.00930859
27	1063	0.0028228199
1062	1063	0.0028228199
40	1064	0.0033474667
380	1064	0.0033474667
385	1064	0.0033474667
47	1065	0.005063305
48	1065	0.005063305
56	1066	0.0017645719
554	1066	0.0017645719
461	1067	0.0049059303
462	1067	0.0049059303
69	1068	0.003720885
1067	1068	0.003720885
1068	1069	0.002607591
72	1069	0.002607591
1069	1070	0.0022432322
337	1070	0.0022432322
71	1071	0.0018729611
536	1071	0.0018729611
111	1072	0.0073736235
305	1072	0.0073736235
140	1073	0.01087085
448	1073	0.01087085
243	1074	0.0035655024
436	1074	0.0035655024
309	1075	0.027367096
435	1075	0.027367096
1075	1076	0.018570576
313	1076	0.018570576
402	1077	0.0099467365
428	1077	0.0099467365
433	1078	0.012638721
496	1078	0.012638721
446	1079	0.00195077
447	1079	0.00195077
559	1080	0.012019809
616	1080	0.012019809
1047	1081	0.001662689
1063	1081	0.001662689
1081	1082	0.0016611377
576	1082	0.0016611377
1082	1083	0.0016607164
443	1083	0.0016607164
1083	1084	0.0016562084
505	1084	0.0016562084
1084	1085	0.0016537916
637	1085	0.0016537916
1085	1086	0.0016521766
152	1086	0.0016521766
1086	1087	0.0016502622
474	1087	0.0016502622
1087	1088	0.0016477109
388	1088	0.0016477109
1088	1089	0.0016382253
501	1089	0.0016382253
1089	1090	0.0016377103
99	1090	0.0016377103
1090	1091	0.0016374796
1076	1091	0.0016374796
1091	1092	0.0016363142
603	1092	0.0016363142
1092	1093	0.0016151152
374	1093	0.0016151152
1093	1094	0.0016062123
1064	1094	0.0016062123
1094	1095	0.0015914856
1079	1095	0.0015914856
1095	1096	0.0015811787
521	1096	0.0015811787
1096	1097	0.0015670671
340	1097	0.0015670671
1097	1098	0.0015617443
664	1098	0.0015617443
1098	1099	0.001559553
103	1099	0.001559553
1099	1100	0.0015580121
189	1100	0.0015580121
1100	1101	0.0015504705
49	1101	0.0015504705
1101	1102	0.0015501357
1080	1102	0.0015501357
1102	1103	0.0015473855
286	1103	0.0015473855
28	1104	0.0015493473
29	1104	0.0015493473
1103	1105	0.0015385513
624	1105	0.0015385513
1105	1106	0.0015295591
625	1106	0.0015295591
1106	1107	0.0015150923
125	1107	0.0015150923
1107	1108	0.0015088838
184	1108	0.0015088838
1108	1109	0.0015021403
1104	1109	0.0015021403
1071	1109	0.0015021403
1109	1110	0.0014984915
1074	1110	0.0014984915
1110	1111	0.0014954761
117	1111	0.0014954761
1111	1112	0.00148243
95	1112	0.00148243
1112	1113	0.0014817793
441	1113	0.0014817793
1	1114	0.0014609514
1113	1114	0.0014609514
1114	1115	0.0014575402
83	1115	0.0014575402
1115	1116	0.0014462377
560	1116	0.0014462377
1116	1117	0.0014448289
128	1117	0.0014448289
1117	1118	0.0014176248
541	1118	0.0014176248
1118	1119	0.0014117273
262	1119	0.0014117273
344	1119	0.0014117273
1119	1120	0.0014053524
635	1120	0.0014053524
1120	1121	0.0013949003
384	1121	0.0013949003
1121	1122	0.0013761941
264	1122	0.0013761941
1122	1123	0.0013759162
114	1123	0.0013759162
1123	1124	0.0013448072
641	1124	0.0013448072
1124	1125	0.0013408068
325	1125	0.0013408068
1125	1126	0.0013333041
64	1126	0.0013333041
1126	1127	0.0013282413
499	1127	0.0013282413
1073	1128	0.0014664422
251	1128	0.0014664422
1127	1129	0.0012922108
261	1129	0.0012922108
658	1129	0.0012922108
1129	1130	0.0012827847
1065	1130	0.0012827847
1130	1131	0.0012791896
67	1131	0.0012791896
1131	1132	0.001256503
250	1132	0.001256503
1132	1133	0.0012455685
494	1133	0.0012455685
1133	1134	0.0012359046
61	1134	0.0012359046
1134	1135	0.0012354872
1072	1135	0.0012354872
1135	1136	0.0012343368
1077	1136	0.0012343368
1136	1137	0.0012132903
65	1137	0.0012132903
1137	1138	0.0012095612
655	1138	0.0012095612
1138	1139	0.0012095222
328	1139	0.0012095222
1139	1140	0.0012078971
345	1140	0.0012078971
634	1140	0.0012078971
1140	1141	0.0012019874
1066	1141	0.0012019874
1141	1142	0.0012008778
42	1142	0.0012008778
1142	1143	0.0011974109
595	1143	0.0011974109
1143	1144	0.0011928218
94	1144	0.0011928218
1144	1145	0.0011879883
636	1145	0.0011879883
1145	1146	0.0011845651
640	1146	0.0011845651
1146	1147	0.0011790589
167	1147	0.0011790589
1128	1148	0.0012020741
256	1148	0.0012020741
1147	1149	0.0011344582
407	1149	0.0011344582
1149	1150	0.0011298264
315	1150	0.0011298264
1150	1151	0.0011111957
62	1151	0.0011111957
1151	1152	0.0011057955
419	1152	0.0011057955
1152	1153	0.0011039985
459	1153	0.0011039985
1153	1154	0.0010906311
532	1154	0.0010906311
1053	1155	0.0010786431
364	1155	0.0010786431
586	1155	0.0010786431
1154	1156	0.0010752839
96	1156	0.0010752839
1156	1157	0.001074809
1155	1157	0.001074809
235	1157	0.001074809
1157	1158	0.0010562561
1148	1158	0.0010562561
1158	1159	0.0010538017
1078	1159	0.0010538017
1159	1160	0.00104654
161	1160	0.00104654
1160	1161	0.0010410299
233	1161	0.0010410299
1161	1162	0.0010399737
440	1162	0.0010399737
1162	1163	0.001028072
370	1163	0.001028072
1163	1164	0.0010136138
213	1164	0.0010136138
1164	1165	0.0009916413
620	1165	0.0009916413
1165	1166	0.00096088886
259	1166	0.00096088886
1166	1167	0.0009444454
343	1167	0.0009444454
1167	1168	0.00093122286
571	1168	0.00093122286
1168	1169	0.0009298355
523	1169	0.0009298355
1169	1170	0.0009159458
391	1170	0.0009159458
1170	1171	0.0009117223
1070	1171	0.0009117223
1171	1172	0.00091058685
241	1172	0.00091058685
1172	1173	0.0009057689
516	1173	0.0009057689
1173	1174	0.000897587
425	1174	0.000897587
1174	1175	0.0008882831
2	1175	0.0008882831
1175	1176	0.00087667553
21	1176	0.00087667553
100	1176	0.00087667553
1176	1177	0.0008732915
601	1177	0.0008732915
1177	1178	0.00084926694
168	1178	0.00084926694
1178	1179	0.00084021006
362	1179	0.00084021006
1179	1180	0.00083870435
1061	1180	0.00083870435
1180	1181	0.0008265548
37	1181	0.0008265548
1181	1182	0.00081760844
408	1182	0.00081760844
1182	1183	0.00081631175
471	1183	0.00081631175
1183	1184	0.0008151133
204	1184	0.0008151133
1184	1185	0.0008127048
519	1185	0.0008127048
1185	1186	0.0008000145
110	1186	0.0008000145
1186	1187	0.0007986399
275	1187	0.0007986399
1187	1188	0.00079515966
198	1188	0.00079515966
1188	1189	0.00078679615
531	1189	0.00078679615
1189	1190	0.000785839
32	1190	0.000785839
1190	1191	0.0007803536
334	1191	0.0007803536
1191	1192	0.0007786215
276	1192	0.0007786215
1192	1193	0.0007622319
63	1193	0.0007622319
1193	1194	0.0007610015
456	1194	0.0007610015
1194	1195	0.0007382034
306	1195	0.0007382034
1195	1196	0.00073247455
183	1196	0.00073247455
1196	1197	0.00070584303
577	1197	0.00070584303
1197	1198	0.0007030232
473	1198	0.0007030232
1198	1199	0.00068246445
405	1199	0.00068246445
1199	1200	0.0006808676
1054	1200	0.0006808676
9	1201	0.0022904621
157	1201	0.0022904621
55	1202	0.0050435653
534	1202	0.0050435653
118	1203	0.022068279
414	1203	0.022068279
1203	1204	0.0023744178
502	1204	0.0023744178
141	1205	0.010665329
196	1205	0.010665329
193	1206	0.03694149
194	1206	0.03694149
156	1207	0.01294111
1206	1207	0.01294111
199	1207	0.01294111
159	1208	0.00681901
549	1208	0.00681901
231	1209	0.004286448
232	1209	0.004286448
302	1209	0.004286448
1209	1210	0.0023590592
244	1210	0.0023590592
282	1211	0.021189148
283	1211	0.021189148
1200	1212	0.0006296176
271	1212	0.0006296176
1212	1213	0.00059724867
265	1213	0.00059724867
1213	1214	0.0005939412
126	1214	0.0005939412
1214	1215	0.0005853798
78	1215	0.0005853798
1215	1216	0.0005848439
11	1216	0.0005848439
1216	1217	0.0005804422
1202	1217	0.0005804422
1217	1218	0.00057745917
1207	1218	0.00057745917
1218	1219	0.0005752416
1204	1219	0.0005752416
1219	1220	0.0005618375
593	1220	0.0005618375
1220	1221	0.0005530503
20	1221	0.0005530503
1221	1222	0.00054489827
654	1222	0.00054489827
1222	1223	0.0005427994
174	1223	0.0005427994
1223	1224	0.000537375
585	1224	0.000537375
1224	1225	0.00052936247
23	1225	0.00052936247
1225	1226	0.00052285806
86	1226	0.00052285806
1226	1227	0.0005187478
491	1227	0.0005187478
1227	1228	0.00051605573
50	1228	0.00051605573
1228	1229	0.00051164645
202	1229	0.00051164645
1229	1230	0.0005055591
307	1230	0.0005055591
1230	1231	0.0005050984
607	1231	0.0005050984
1231	1232	0.0005045739
563	1232	0.0005045739
1232	1233	0.0004956143
449	1233	0.0004956143
1233	1234	0.00049027166
1211	1234	0.00049027166
1234	1235	0.00045417668
311	1235	0.00045417668
1235	1236	0.00045119578
224	1236	0.00045119578
1236	1237	0.0004506418
572	1237	0.0004506418
1237	1238	0.00043927864
1205	1238	0.00043927864
1238	1239	0.00042756138
476	1239	0.00042756138
1239	1240	0.00042466563
279	1240	0.00042466563
1240	1241	0.00042102856
522	1241	0.00042102856
1241	1242	0.00041437626
584	1242	0.00041437626
1242	1243	0.00041382646
497	1243	0.00041382646
1243	1244	0.00040834217
19	1244	0.00040834217
1244	1245	0.00040316855
492	1245	0.00040316855
1245	1246	0.00039630124
1201	1246	0.00039630124
1246	1247	0.0003944597
350	1247	0.0003944597
1247	1248	0.000391393
201	1248	0.000391393
1248	1249	0.00038891906
181	1249	0.00038891906
1249	1250	0.00038509446
351	1250	0.00038509446
1250	1251	0.0003693074
221	1251	0.0003693074
1251	1252	0.00036525415
175	1252	0.00036525415
1252	1253	0.0003641216
260	1253	0.0003641216
1253	1254	0.00036388545
1208	1254	0.00036388545
1254	1255	0.00035965908
31	1255	0.00035965908
1255	1256	0.00035899613
115	1256	0.00035899613
1256	1257	0.00035088495
319	1257	0.00035088495
1257	1258	0.0003481176
663	1258	0.0003481176
1258	1259	0.00032722906
263	1259	0.00032722906
1259	1260	0.00032210498
165	1260	0.00032210498
1260	1261	0.00032002767
520	1261	0.00032002767
1261	1262	0.00031579196
51	1262	0.00031579196
1262	1263	0.00029522416
421	1263	0.00029522416
1263	1264	0.00028383685
605	1264	0.00028383685
17	1265	0.0003069602
145	1265	0.0003069602
1264	1266	0.0002780569
498	1266	0.0002780569
1266	1267	0.0002766266
1210	1267	0.0002766266
1267	1268	0.00027317315
225	1268	0.00027317315
1268	1269	0.0002722136
253	1269	0.0002722136
628	1269	0.0002722136
1269	1270	0.00026953002
509	1270	0.00026953002
1270	1271	0.00026780317
348	1271	0.00026780317
1271	1272	0.00026524113
457	1272	0.00026524113
1272	1273	0.0002557043
600	1273	0.0002557043
1273	1274	0.00025164668
296	1274	0.00025164668
1274	1275	0.0002367481
288	1275	0.0002367481
662	1275	0.0002367481
1275	1276	0.00023273593
517	1276	0.00023273593
1276	1277	0.00023144469
1265	1277	0.00023144469
1277	1278	0.00022513253
518	1278	0.00022513253
1278	1279	0.0002127912
644	1279	0.0002127912
1279	1280	0.00019395331
92	1280	0.00019395331
1280	1281	0.00018692024
418	1281	0.00018692024
1281	1282	0.00018488943
176	1282	0.00018488943
1282	1283	0.0001760697
310	1283	0.0001760697
1283	1284	0.00016301566
143	1284	0.00016301566
1284	1285	0.00015205199
320	1285	0.00015205199
1285	1286	0.00013649197
297	1286	0.00013649197
1286	1287	0.00013625632
239	1287	0.00013625632
1287	1288	0.00011331042
349	1288	0.00011331042
1288	1289	0.00011080612
87	1289	0.00011080612
1289	1290	0.000109613015
467	1290	0.000109613015
1290	1291	4.231944e-05
14	1291	4.231944e-05
1291	1292	3.5941455e-05
470	1292	3.5941455e-05
1292	1293	2.5867923e-05
102	1293	2.5867923e-05
1293	1294	2.5570715e-05
108	1294	2.5570715e-05
1294	1295	1.4126417e-05
438	1295	1.4126417e-05
1295	1296	3.0398462e-06
222	1296	3.0398462e-06