A1BG	0.0346672945906572
AAAS	0.1798763120524832
AAED1	0.2188136994578097
AAGAB	0.0642176833478477
AAK1	0.1276487754886747
AAMP	0.0495248240098892
AARS	0.0218964030263923
AASDHPPT	0.0727724822937922
AATF	0.0743048640094976
ABCC1	0.4398046767050779
ABCC2	0.0060045698197656
ABCC3	0.0571894185806699
ABCD4	0.0577134055961084
ABCE1	0.0414667296292213
ABCF1	0.014915035337056
ABCF2	0.1061579485291815
ABCG2	0.0263553299446367
ABHD14B	0.2245072596132326
ABHD17A	0.0087239941478986
ABHD2	0.0383530843846673
ABI2	0.0561142885452233
ABL2	0.0326906822299792
ABR	0.0306438680171578
ABRACL	0.1846519421462629
ABT1	0.0485959374923902
AC006262.5	0.0752836932929166
AC009403.2	0.1442334283095639
AC013461.1	0.1813065424192047
AC090498.1	0.1100279920562939
AC091729.9	0.0070262735746972
AC093323.3	0.1585577124429379
AC093673.5	0.0789318566597656
ACAA2	0.2691086965258446
ACACA	0.1308082218145365
ACADVL	0.1123714864476422
ACAT1	0.1166997738444159
ACAT2	0.1667462846118787
ACBD3	0.0779276403440993
ACD	0.2369201689396616
ACER3	0.2539766280463299
ACIN1	0.0187858825833017
ACO2	0.1854968363841506
ACOT7	0.3524625302429227
ACOT9	0.1096661548448182
ACSL3	0.1387049220883032
ACTB	0.0532963690567201
ACTG1	0.0179244565004542
ACTL6A	0.1601224720583516
ACTN1	0.3742844456806797
ACTN4	0.2261086338965562
ACTR1A	0.0205657359236149
ACTR1B	0.0383122105513517
ACTR3	0.2374005380044371
ACYP1	0.0529770648027819
ADA	0.0500439049262703
ADAM10	0.0308830577128783
ADAM17	0.2634476367645303
ADAM9	0.0545820012177984
ADAR	0.0746905968276586
ADGRG6	0.1364236271486943
ADH5	0.0294660680018917
ADIPOR2	0.2658502883869704
ADK	0.0850645941205193
ADM	0.0124551934916958
ADNP	0.006600632129186
ADPGK	0.2796805417186395
ADSL	0.0202321927015421
ADSS	0.0452675653443599
AEN	0.1309746808354901
AFAP1	0.0845059340676427
AFF4	0.0342888438888182
AFG3L2	0.1675014055174233
AFMID	0.0576235477083911
AGAP2-AS1	0.1495074126204026
AGBL5	0.0769140885458037
AGFG1	0.090599250683371
AGGF1	0.1245616946161813
AGO2	0.1574518171534829
AGPAT1	0.0177406866835863
AGPAT5	0.1923087741040261
AGR2	0.1351542960569071
AGRN	0.844847299259867
AGTRAP	0.0727089113918289
AHI1	0.0332385902214692
AHNAK	0.0159084911105823
AHNAK2	0.0044404475193354
AIDA	0.1590717279309336
AIFM1	0.0525064453851353
AIFM2	0.0366482797076371
AIG1	0.0376952863713909
AIMP1	0.0799221124013501
AIMP2	0.2364397392693221
AIP	0.0384177079667627
AJUBA	0.1842424339467051
AK3	0.0836538634348032
AKAP12	0.0941217290605074
AKAP13	0.011714440093845
AKAP17A	0.0436755986993885
AKAP9	0.1310995280478181
AKIP1	0.1691627018693603
AKIRIN1	0.0134749929722101
AKIRIN2	0.1422278795684335
AKR1B1	0.1386184471806273
AKR1B10	0.130331185130265
AKR1C1	0.122388945847052
AKR1C2	0.1892297617847938
AKR1C3	0.0877881673229643
AKR7A2	0.0771712652852445
AKT1	0.1031301919005394
ALCAM	0.4453328663753987
ALDH1A1	0.0226687626824843
ALDH1B1	0.2542868321965329
ALDH2	0.0523397108366096
ALDH3A1	0.1741179408530741
ALDH3B1	0.0482787009616483
ALDOA	0.0258989336517255
ALG13	0.0526152822845326
ALG3	0.0739858141430713
ALG5	0.2212325969998495
ALG8	0.042275244792063
ALKBH2	0.2376790153442645
ALX1	0.0214465730344521
AMFR	0.0164432856808371
AMIGO2	0.2970703331639909
AMOTL2	0.1439238872349157
ANAPC13	0.4494807472442325
ANAPC7	0.0810534797830944
ANGPTL4	0.1728950155022289
ANKIB1	0.0148327279525817
ANKLE2	0.0844819643113566
ANKRD1	0.0181273969643232
ANKRD13D	0.0180198986430652
ANKRD28	0.1912518651866453
ANKRD29	0.189382540701384
ANKRD30A	0.0550159304915981
ANKRD33B	0.0448664336368968
ANKRD40	0.0132186923383081
ANKRD54	0.051891085030667
ANKRD9	0.094758023598919
ANKS3	0.0574235243007262
ANKS6	0.0085069823764425
ANLN	0.0121678582852825
ANO6	0.1400751671548392
ANP32E	0.0419096989788204
ANXA1	0.1407372405431541
ANXA2	0.3020128163003505
ANXA3	0.0022033411533087
ANXA4	0.3135376681042095
ANXA5	0.1490718298223278
ANXA7	0.9613083329939804
ANXA8L1	0.3017831084853288
AP006222.2	0.0722215575161202
AP006621.5	0.036192828321321
AP1G1	0.0336126868574052
AP1M2	0.3283589825545353
AP1S2	0.005114847483849
AP2A2	0.0861022176534708
AP3D1	0.0995986904985335
APIP	0.0267174626766489
APITD1	0.1278826246581682
APLP2	0.1103612547665909
APMAP	0.0531786824564257
APOBEC3C	0.0762722529484504
APOC1	0.2649327435485863
APOE	0.0769270123844181
APOO	0.1575785607313025
APP	0.0339807173520858
APPL1	0.0272671734622822
APTX	0.0307008346516947
AR	0.0745440306004528
ARCN1	0.0118333772256505
AREG	0.0345692815925003
ARF4	0.1181063551866506
ARF5	0.006922703445583
ARFIP2	0.004694593894908
ARGLU1	0.0889852698214106
ARHGAP11A	0.0063089844684101
ARHGAP11B	0.0376293486421022
ARHGAP29	0.2382498651177319
ARHGAP35	0.0429790769109693
ARHGAP5	0.0587234893927742
ARHGAP5-AS1	0.0614929032091503
ARID1A	0.098253849733137
ARID4B	0.2780197442613788
ARIH2	0.1450374876071204
ARL1	0.0992925343558762
ARL14EP	0.0221769377832953
ARL4C	0.4121161363423931
ARL6IP1	0.0225882302568939
ARL6IP5	0.0451305992338018
ARL8B	0.0649847287932485
ARMC1	0.128672097194044
ARMCX6	0.0510746775307005
ARNTL2	0.2468768954327566
ARPC1B	0.2023585307689958
ARPC3	0.0683896140841365
ARRDC1-AS1	0.1121658808338142
ARV1	0.0020823442134601
ASAH1	0.0143123127172156
ASAP2	0.0669143961135119
ASB1	0.0179065430538664
ASCC3	0.0377450393228317
ASF1A	0.0199452782387381
ASF1B	0.0347626098200468
ASH1L	0.08512040181004
ASNA1	0.0425679393747918
ASNS	0.1876622016274742
ASNSD1	0.046330682343677
ASPHD1	0.0230394746864833
ASPM	0.011341782587278
ASPSCR1	0.0219734434207435
ASRGL1	0.2196915850471439
ASXL1	0.2058340870747551
ATAD2	0.0478635522502982
ATAD5	0.1531099172940083
ATF5	0.8792023176661803
ATF7	0.1499167713538406
ATF7IP2	0.0205008612728896
ATG12	0.0384776923764044
ATG5	0.0627285211441344
ATIC	0.0817451918875365
ATL3	0.0528396863335929
ATMIN	0.097116370135122
ATN1	0.0773124247403343
ATOH8	0.1150965687381433
ATP1B1	0.1121453296089295
ATP2A1-AS1	0.0427241683657253
ATP2B1	0.0955461344127802
ATP5B	0.0981139998545788
ATP6AP1	0.1595077791134359
ATP6AP2	0.0632107404562378
ATP6V0D1	0.0811016201374241
ATP6V1C1	0.2941934630551656
ATP6V1D	0.09139116501654
ATP6V1E1	0.0065162108540123
ATP6V1E2	0.092474519895076
ATPAF1	0.0491839399778907
ATRX	0.1869676745965996
ATXN10	0.1724445447397161
ATXN2	0.1169673586054515
ATXN2L	0.0593572031305614
ATXN7L3B	0.1240867255340505
AURKA	0.0222004365157176
AURKB	0.0386819889821404
AVEN	0.0365017406369438
AVPI1	0.183298420286462
AXL	0.1364904798467166
AZI2	0.002508409060649
AZIN1	0.0131828292485587
AZIN1-AS1	0.0791926804123463
B3GALT6	0.0589292784851179
B3GAT3	0.1944263937780808
B4GALNT1	0.1766214471704148
B4GALT1	0.0180926986805375
B4GALT2	0.0047266555942423
B4GALT3	0.0803654071364866
B4GALT4	0.0877072396694625
B4GALT5	0.0659624981130738
B4GALT7	0.1457692251322563
B9D1	0.0516009723964779
B9D2	0.2976230949222941
BABAM1	0.0521625707343011
BAG2	0.1573812736506618
BAG3	0.1054624654970464
BAIAP2L1	0.0549731555684848
BAMBI	0.0547130637550421
BANP	0.0242434032075498
BASP1	0.023878546854989
BATF3	0.0645183941005419
BAX	0.1456116056752905
BAZ1A	0.1313335100774883
BAZ2A	0.004897889036873
BBC3	0.0221092860820606
BBIP1	0.0135972345183974
BBX	0.1242574879225423
BCAM	0.0378882611541804
BCAR1	0.0953562498551428
BCAS4	0.1071552371024185
BCAT1	0.0748645153971487
BCAT2	0.0436679571531951
BCCIP	0.1299290341990525
BCKDK	0.1785469064490076
BCL2L1	0.0765774307281689
BCL3	0.0814082583606963
BCLAF1	0.2085222618838296
BCS1L	0.1011893281913948
BCYRN1	0.1119306511974306
BDNF	0.2128203315031138
BDP1	0.1607560415527476
BECN1	0.1619707577284548
BEST1	0.0441860133164961
BET1	0.2926394267760245
BEX2	0.0555052332740908
BFAR	0.0878516608627514
BHLHE40	0.0437154108355978
BICC1	0.236892467184316
BIN1	0.0053464580506743
BIRC2	0.0155870599754641
BIRC3	0.038281833301015
BIRC5	0.0954266648612361
BIRC6	0.0141533954744658
BLMH	0.0900928551812188
BLOC1S4	0.081318287357159
BLVRA	0.0009646787578273
BLVRB	0.1278729972868106
BMP4	0.0374122251396104
BMS1	0.0514014525148357
BNIP2	0.0544206718848207
BNIP3L	0.1276106014418397
BOLA1	0.5158770064059115
BOP1	0.0485064652234338
BORCS7	0.0054242071180156
BORCS8	0.0171144567929605
BRCA1	0.2909959830201113
BRD2	0.0972604873774197
BRD3	0.2748719883136511
BRE	0.0705656428198869
BRI3BP	0.2463566525590942
BRIX1	0.2884284588675813
BROX	0.1147540047952699
BTBD11	0.0160366955790019
BTBD6	0.1027996039152756
BTBD7	0.0025906934678091
BTF3L4	0.1875834620275238
BTG1	0.0846325233532272
BUB3	0.4413849304986708
BZW1	0.0570873267673908
BZW2	0.1301221703883377
C10orf35	0.0548274816428976
C10orf54	0.0963569206832717
C11orf1	0.1119999887101154
C11orf68	0.0938444316888544
C11orf74	0.1321377641765921
C11orf86	0.051224936318988
C12orf29	0.1457387479159665
C12orf43	0.0017196142593649
C12orf49	0.0170865901735263
C12orf65	0.1424068278849828
C12orf73	0.072985669149626
C12orf75	0.3380552411693849
C12orf76	0.0413879588425476
C14orf119	0.0225535226627797
C14orf80	0.1276774020550168
C15orf48	0.015703704377597
C16orf45	0.24375996067019
C16orf52	0.1673548238803398
C16orf59	0.0942134662906516
C16orf72	0.1534751223209237
C16orf74	0.0170518295343404
C16orf91	0.0301525002009369
C17orf58	0.1580440068410357
C17orf62	0.1885689581593095
C19orf12	0.0604219123658136
C19orf25	0.0452034673416882
C19orf81	0.0094530356764982
C1D	0.0025511764695372
C1QL1	0.3763675256985381
C1orf106	0.0496142016371239
C1orf131	0.2941310205463985
C1orf174	0.0616149556124416
C1orf21	0.2380988601767586
C1orf35	0.096095167730436
C1orf53	0.0717610637817484
C1orf56	0.0074955128721171
C1orf61	0.170042900710499
C21orf58	0.0055512432897081
C21orf59	0.0735674449831407
C22orf39	0.1121565596451717
C2orf47	0.0195600156522298
C2orf68	0.0672745666681998
C2orf74	0.3165425164773439
C2orf82	0.2893726043763564
C3orf14	0.2121040953391601
C4orf27	0.021764201900512
C5orf24	0.0975064028489612
C6orf1	0.5661392327951383
C6orf141	0.154481285268886
C6orf48	0.0660931148461621
C6orf62	0.0210121323944134
C7orf55	0.2665346484457819
C8orf4	0.1233673042534066
C8orf82	0.286453866247959
C9orf116	0.0338468478811513
C9orf69	0.0569050227764673
C9orf78	0.110271916852793
CA12	0.110729590499127
CA8	0.4817733184641409
CACNG6	0.0891674008579319
CACNG8	0.0357407316959591
CACUL1	0.0357469360243374
CACYBP	0.0740337276051859
CALB2	0.0490345873020611
CALM2	0.0293773249291172
CALR	0.1639149632866818
CALU	0.1098408208969344
CAMK2N1	0.2265633694586858
CAMLG	0.0413474224414235
CAND1	0.1094645583384303
CANT1	0.1710539270073791
CAPG	0.0510496099570292
CAPN1	0.1018925761554684
CAPN12	0.0083381655982919
CAPRIN1	0.1061644361498466
CAPZA1	0.9946132862719732
CARS	0.0063450133170744
CASC10	0.2163937506048628
CASC3	0.075880371991569
CASC4	0.0329776664619335
CASC8	0.037767542486129
CASK	0.0906151905806436
CAV1	0.1431088507852309
CAV2	0.1940209592819356
CBR3	0.010761002389552
CBX6	0.0038382031071309
CCAR1	0.1749925644610728
CCDC106	0.163050299685442
CCDC107	0.0966113869383566
CCDC109B	0.1530723180845514
CCDC12	0.0746966416448517
CCDC137	0.0367062068254087
CCDC47	0.073063472979621
CCDC50	0.3243093357501341
CCDC53	0.047512900193193
CCDC57	0.1678886216490262
CCDC58	0.1747829121003618
CCDC6	0.21882258361822
CCDC74A	0.0506875436516855
CCDC80	0.2284822360428729
CCDC85B	0.0915591734551323
CCDC85C	0.1136914804748688
CCDC86	0.0664511108099846
CCDC88A	0.142210872903552
CCDC88B	0.0755999444441226
CCDC90B	0.0154846621075971
CCDC91	0.101765159297132
CCDC92	0.0199190885685701
CCK	0.0144059432573839
CCL2	0.0002296413380888
CCNA2	0.009179770506331
CCNB1	0.0346555728831763
CCNB1IP1	0.1264094374146396
CCNB2	0.0352913967214748
CCNC	0.1217477984483602
CCND1	0.2834446978292525
CCND3	0.0977276279953894
CCNE1	0.0729386651430502
CCNF	0.0439439571871701
CCNG1	0.0253224859640735
CCNH	0.0410233713736668
CCNK	0.1917768510716582
CCNL1	0.0555529268750911
CCNYL1	0.0929740472609989
CCSER2	0.0270293205452898
CCT2	0.3040635572329516
CCT3	0.1548322852468716
CCT4	0.0174711594906075
CCT5	0.0921974278435135
CCT7	0.0611303026045566
CCT8	0.1801779735916149
CCZ1	0.0423744346085059
CD164	0.0719406633259185
CD24	0.02130725646855
CD2BP2	0.0236404180856349
CD3EAP	0.0745130514234016
CD44	0.144048393899406
CD47	0.0085301806005921
CD55	0.0746721853964969
CD59	0.3160818906397953
CD70	0.0384305077865934
CD81	0.0601155789350663
CD9	0.0363938552902602
CDA	0.0264519952185377
CDC123	0.0406749195713184
CDC20	0.1793884431289371
CDC27	0.0216651654957967
CDC34	0.0766600282720471
CDC42	0.125241985735465
CDC42BPA	0.0663086741985856
CDC42BPB	0.0210055328383619
CDC42EP1	0.1808718803757244
CDC42EP3	0.1574342386876139
CDC42EP4	0.1294784593907288
CDC42SE1	0.0157599702707627
CDC42SE2	0.0162117357894296
CDC6	0.0357335213986587
CDC73	0.0985454842881691
CDCA2	0.0527846017631269
CDCA3	0.0805494449048851
CDCA4	0.0250533086204634
CDCA5	0.0443124636015205
CDCA7	0.233544697788812
CDCA7L	0.064640737223341
CDCA8	0.0646427966168937
CDCP1	0.2086937783083469
CDH2	0.0736245778131879
CDIPT	0.0169328094165485
CDK1	0.0502311513206582
CDK12	0.0236493581317041
CDK5	0.0383122152204711
CDK5RAP2	0.0348835132660382
CDK6	0.0104858012010283
CDKN1A	0.0245333062873681
CDKN2C	0.1467174951702419
CDR2L	0.0266834175278005
CDS2	0.1345233352264715
CDT1	0.21886601379595
CDYL	0.257626827948478
CEBPB	0.0731276135803849
CEBPD	0.1531586539613677
CEBPZ	0.0473407515114255
CEBPZOS	0.078576348185731
CECR5	0.0822512042859596
CELF1	0.0802929080670131
CENPA	0.1831705543398994
CENPB	0.19800568762482
CENPE	0.1466360644399418
CENPF	0.1221905249878662
CENPH	0.1537012456475645
CENPK	0.0514346331970038
CENPU	0.1614223928454569
CEP290	0.0731334344518495
CEP350	0.0198278535328168
CEP55	0.1873592980219388
CEP89	0.087877321305297
CERS2	0.1305167747681093
CES1	0.0433598354353781
CES2	0.0611930971535507
CETN2	0.0358432453773339
CFAP20	0.0618702198964415
CFAP36	0.1107153969291337
CFAP97	0.0273147268399805
CFD	0.0838306742410825
CFDP1	0.1236069239603785
CFLAR	0.1744133009328674
CGGBP1	0.0415964429637733
CH17-340M24.3	0.0585227195567189
CH17-360D5.2	0.4237200754753086
CHAC2	0.233175732599582
CHAF1A	0.0276470069999985
CHAMP1	0.1544680824038582
CHCHD6	0.0982180380800604
CHCHD7	0.0953641023433997
CHD1	0.1135367104381219
CHD3	0.1399488988609801
CHD4	0.0099669987034691
CHD9	0.2412565233186459
CHEK1	0.0579588430691429
CHID1	0.0356645174237802
CHML	0.1181172382167334
CHMP1A	0.1278116914961478
CHMP1B	0.0651005303819872
CHMP2B	0.1415234311069839
CHMP5	0.1511608309115761
CHORDC1	0.0332194981028211
CHP1	0.4184584408903014
CHTF8	0.174632713377074
CHURC1	0.0937348227825096
CIAO1	0.0173447339253246
CIAPIN1	0.090065455136983
CIB2	0.0124468717832256
CINP	0.1149328292359462
CITED2	0.0567976962005584
CITED4	0.1017346727383107
CKAP2	0.5122441060721926
CKAP2L	0.0112153263786879
CKAP4	0.1190137949501046
CKAP5	0.078117326155769
CKB	0.1201848954833021
CKS2	0.3619222455938568
CLCF1	0.0302577979008807
CLDN1	0.0623227693711243
CLDND2	0.0029036419727419
CLEC11A	0.0298824184835883
CLIC1	0.080769258193513
CLINT1	0.4436168087087814
CLIP1	0.0452628389363949
CLMP	0.1000445194886532
CLPTM1	0.0133561214699887
CLSPN	0.146532155911513
CLU	0.0191748211219083
CLUH	0.1237951162903567
CMAS	0.0357813164383012
CMB9-22P13.1	0.1043117707889466
CMPK1	0.1235249249265783
CMTM3	0.0743366652967886
CMTM6	0.0127338997658164
CMTM7	0.0008784536611384
CMTM8	0.0722183915484336
CNBD2	0.0136481421803244
CNFN	0.1122163129531194
CNN2	0.0467652148266105
CNN3	0.1618073121959413
CNOT1	0.2261433462138692
CNOT2	0.0685778415549855
CNOT4	0.0330683547694483
CNP	0.0438034491775574
CNPY3	0.0403164708339969
CNTN1	0.279857572400145
CNTNAP3B	0.1938642468540898
COA5	0.0185732743860639
COIL	0.1467012907384576
COL18A1	0.1086725945888471
COL4A2	0.0325665720956933
COL5A2	0.049077953351264
COL7A1	0.0653078997653086
COLGALT1	0.1345060710984059
COMMD1	0.0024032397366072
COMMD10	0.157432834966935
COMMD2	0.0399981130201086
COMMD3	0.0288672449543003
COMMD5	0.0733759508766547
COMMD9	0.0134596091458516
COMTD1	0.0903745048738101
COPS5	0.0377287379042374
COPS6	0.0711138846880779
COPS7A	0.1012846981180297
COPS7B	0.043761713252614
COPS8	0.0543047657498432
COPZ2	0.0769456788229691
COQ5	0.3328588906107236
COQ9	0.0174482593692639
CORO1C	0.0647625587823783
COX16	0.1664582819893701
COX19	0.0959166332870445
CPLX2	0.1364817408635236
CPNE1	0.260497504113735
CPNE2	0.020608044195286
CPNE3	0.1257160273708657
CPNE7	0.0225767771502758
CPS1	0.2448208160807755
CPSF6	0.1642523191605051
CPT1C	0.0464511273773529
CRACR2B	0.0497855078384243
CREB1	0.0867032325619719
CREB3	0.0617359191251346
CRELD2	0.0116093443557042
CRIM1	0.1190520091203754
CRIP1	0.2388738828898836
CRIP2	0.2092142600090819
CRTC3	0.1288534290085575
CRYZ	0.0998608088526052
CS	0.0295847167281003
CSAG1	0.203700630913276
CSE1L	0.0252088586160095
CSF1	0.2143069877092393
CSNK1D	0.0927498305943219
CSNK1E	0.0522989817253142
CSNK1G2	0.0063692826901901
CSNK1G3	0.037880928825861
CSNK2A1	0.1776819372967417
CSNK2A2	0.1956871519822073
CSTF3	0.2139225397929885
CTA-29F11.1	0.0704458503160965
CTA-392C11.1	0.3516620423774696
CTB-178M22.2	0.0227653273891139
CTBP1	0.0161705784906707
CTBP2	0.0820497775158599
CTC-459F4.3	0.0794348817575607
CTC-524C5.2	0.0432938850305699
CTCF	0.1112234395021792
CTD-2015H6.3	0.0267057898063255
CTD-2270L9.4	0.1901320371162392
CTD-2314B22.1	0.0093790486533642
CTD-2336O2.1	0.0357851959910653
CTD-2600O9.1	0.0083252437443263
CTD-3001H11.2	0.0274743749302092
CTD-3138B18.5	0.0528833652016478
CTD-3184A7.4	0.2110174657991904
CTD-3252C9.4	0.074593979973148
CTDSP1	0.3162070427788505
CTDSP2	0.0432943335721927
CTDSPL	0.1286540352931878
CTGF	0.0329582932789005
CTNNA1	0.0957700665726271
CTNNAL1	0.0532088361386978
CTNNB1	0.1683120859974126
CTNNBL1	0.1468108479189278
CTNND1	0.0475377058801686
CTPS1	0.1099996512231062
CTSA	0.228922915624687
CTSB	0.1882358255384726
CTSC	0.0731859210351694
CTSD	0.046826973063348
CTSL	0.0452458401933733
CTTN	0.1347480373183335
CTU1	0.141935844649646
CTXN1	0.0970937947887544
CUEDC2	0.0039661888139857
CUL3	0.0550361170884
CUTC	0.0606548055086229
CUX1	0.0009244612322274
CWC15	0.1101746888014442
CWC25	0.1182139770325868
CWC27	0.1023994037152207
CXCL1	0.0997802645118563
CXCL2	0.0026667809379325
CXCL3	0.0075699215701316
CXCL5	0.0850823564086536
CXCL8	0.0113811495519747
CXXC5	0.3161919722316081
CXorf40B	0.1068932940929841
CYB561A3	0.0995243537042462
CYB5B	0.0131923570572906
CYB5D2	0.2599097234907009
CYB5R3	0.0447345208662686
CYBA	0.199632247354059
CYHR1	0.2160826501645791
CYP1B1	0.0708218500917066
CYP24A1	0.0430336896662331
CYP2S1	0.0533051298364274
CYR61	0.0595501401725748
CYTH2	0.2103724579697054
DAAM1	0.5076130674591746
DAB2	0.0060830917913219
DAG1	0.1783481750006733
DAP	0.1546821481530349
DAP3	0.0978901547178707
DAPK1	0.1465307191550343
DARS	0.0747052293884636
DAXX	0.0278909786687942
DBF4	0.072709080962238
DBNDD1	0.1733423996426968
DBNL	0.0476953885840301
DBP	0.10133999694244
DCAF13	0.0508931797788505
DCAF7	0.076810284974276
DCBLD2	0.3923035449190736
DCDC2	0.2403260157981369
DCTD	0.1800937660218719
DCTN1	0.0283922265213446
DCTN2	0.0464717337393972
DCTN6	0.0504647965211661
DDAH2	0.0683255563452377
DDB1	0.1950314686760672
DDB2	0.0093170111470544
DDIT3	0.1059655268239579
DDIT4	0.3327847152685131
DDOST	0.1055031714957903
DDRGK1	0.0362213997952956
DDX10	0.045730200266018
DDX17	0.0500265142415802
DDX18	0.0240898214417803
DDX23	0.1025647458182802
DDX24	0.069939812777147
DDX27	0.0590293483507096
DDX39A	0.0139593084923599
DDX42	0.1415415695551725
DDX50	0.0212065677185311
DDX52	0.2139617415283096
DDX54	0.0366555333673633
DDX56	0.0435637613953255
DDX6	0.0353457489936242
DEAF1	0.0346581892833757
DEDD2	0.1884965134664678
DENND5B	0.0745206961218108
DEPDC1	0.0041210054231071
DERA	0.0757830790775278
DERL1	0.0264440888001457
DERL2	0.1693361246652596
DESI1	0.1064818847851717
DESI2	0.2160628907547747
DFFA	0.1051763171942792
DGKD	0.0585401908839511
DGKE	0.0084264368629302
DGUOK-AS1	0.2102981483371386
DHCR24	0.0558679135917622
DHCR7	0.0622177677529007
DHPS	0.0149801785498841
DHRS3	0.1205787535584038
DHRS4	0.0515492899863258
DHRS4-AS1	0.0981033637102256
DHRS4L2	0.0420360781547007
DHRS7	0.0244904916984004
DHRSX	0.1525151450422728
DHX15	0.2617058250044398
DHX30	0.0552837015554503
DHX33	0.1513126699594167
DHX9	0.049295020196187
DIAPH1	0.02783525561683
DIMT1	0.0280010426503002
DIO2	0.2146692596094174
DIO3OS	0.0495602781210536
DKK1	0.147368796091162
DLC1	0.0276871227176255
DLD	0.0964481300623687
DLEU1	0.0269239973850272
DLEU2	0.1391315805508896
DLGAP1-AS1	0.2011731739522312
DLGAP5	0.0562432959952386
DMKN	0.0674038950466416
DMWD	0.0505407768172855
DNAAF2	0.0544402720405614
DNAJA1	0.1301035831848901
DNAJA2	0.0154735665866647
DNAJA3	0.0291291543037335
DNAJB1	0.0855801602475207
DNAJB11	0.2038413871815834
DNAJB9	0.0041512452525417
DNAJC1	0.0607112797637665
DNAJC10	0.6272060364150156
DNAJC12	0.1051852757052347
DNAJC21	0.0203043209335353
DNAJC3	0.1154546612104756
DNAJC30	0.0058933935347605
DNAJC4	0.0557261349488604
DNAJC8	0.0593675243544776
DNM1L	0.0180059154392435
DNPEP	0.090127588070466
DNTTIP2	0.1207208493911157
DOCK5	0.0874562025399349
DOK4	0.1315624517372158
DPCD	0.1086972799064197
DPF2	0.0870158858247878
DPH2	0.0362989877669547
DPM1	0.0973669904857313
DPM3	0.0156801395154852
DPP7	0.0673286346715421
DPYSL2	0.0554785985859829
DPYSL3	0.186689852882278
DR1	0.0100282955185393
DRAM1	0.4012495768817898
DRG1	0.2630071993608378
DSCR3	0.0127985805394769
DSG2	0.1165177338938957
DST	0.0662079210611687
DTL	0.008150260484672
DTX2	0.0010521464056701
DUSP1	0.2188948238683388
DUSP12	0.0333227513032439
DUSP14	0.107955236094973
DUSP3	0.0385350480460802
DUSP4	0.0644391632793769
DUSP5	0.2117205398918584
DYNC1H1	0.0099745559119665
DYNC1I2	0.0865720348643756
DYNC1LI1	0.1553951621076448
DYNC1LI2	0.0172463197096064
DYNLL1	0.0843409523582306
DYNLL2	0.153186868004003
DYNLT3	0.0161466790077733
DYRK4	0.1044155999273774
E2F1	0.2152276421294467
E2F4	0.1883199130212476
E2F6	0.2241320052764624
EAPP	0.0052684040100364
EBAG9	0.2120602288086719
EBLN3	0.1130246724738847
ECE2	0.0590731523733209
ECH1	0.4727772707313347
ECHDC1	0.0105658071025882
ECI2	0.1359906378385473
ECSIT	0.0290525985517633
ECT2	0.0712043670623826
EDEM2	0.0254389322487042
EDN1	0.0072331662887716
EEA1	0.0096726938932099
EEF1A1	0.1825223707791824
EEF1A2	0.0019016698838546
EEF2KMT	0.1714928388240288
EFHD2	0.1760545139270081
EFNA1	0.0231314537454361
EFNA5	0.3697569839043994
EFR3B	0.0797454166442664
EFTUD2	0.0708234487284215
EGFR	0.0186987130544722
EGLN1	0.1705348077710597
EHBP1	0.1156987346680137
EHD1	0.0228643351577092
EHD2	0.0134807695545777
EID2	0.107914705036246
EID2B	0.0181327872734224
EIF1	0.0606088031482004
EIF1AY	0.0389974087365311
EIF1B	0.0587185900658534
EIF2A	0.0127109965887522
EIF2AK2	0.2650798540578998
EIF2AK4	0.0373009195828163
EIF2B1	0.0434738719729683
EIF2B4	0.1151193672760034
EIF2S1	0.004339325428953
EIF2S3	0.0293716777874574
EIF3D	0.1462441804321984
EIF3I	0.2147175198583548
EIF4A1	0.100484772944463
EIF4A2	0.0218209018541119
EIF4A3	0.0696108138883678
EIF4E	0.0340320408602173
EIF4EBP1	0.0713101937467081
EIF4G1	0.00580894618084
EIF4G2	0.0504667999837402
EIF5A	0.1362545402598042
EIF5AL1	0.0736020424835744
ELAC2	0.1488569008590592
ELAVL1	0.1664258463678391
ELF3	0.5806838195198093
ELOVL1	0.0549127008879535
ELOVL5	0.0882259739343806
ELP6	0.1707718103248492
EMC3	0.5244204467278587
EMP2	0.0087622416809998
EMP3	0.2639919255094493
ENAH	0.1095669003794
ENDOG	0.0901003538363952
ENDOV	0.0852864055299603
ENO1	0.0534979034878392
ENOPH1	0.0222557431022669
ENTPD6	0.4072977323796473
EPAS1	0.0995892221092875
EPB41L1	0.0319001312209119
EPB41L2	0.056501772153699
EPC1	0.1228274676552057
EPDR1	0.3755797362557647
EPHA2	0.1812999396014621
EPHX1	0.1178597520052204
EPN2	0.1925615309741722
EPRS	0.092830215454284
EPS8	0.1483345291701931
EPS8L2	0.0179266883119992
ERAL1	0.0664490038832745
ERBB2IP	0.1205504576819284
EREG	0.0766362274260846
ERF	0.247614677171868
ERGIC2	0.1480731393183873
ERICH1	0.079877449535101
ERLIN2	0.0858684159611529
ERN1	0.0233777577975789
ERO1A	0.2585462813436471
ERRFI1	0.0195102132808011
ERV3-1	0.0847035196794261
ESAM	0.0164765920810627
ESD	0.0933345096558167
ESF1	0.0156421773067143
ESRRA	0.1616748280639945
ETFB	0.1841648911243296
ETHE1	0.0290796451076736
ETV4	0.0569877464818592
ETV5	0.1396584857199095
EVA1B	0.0050624902263062
EVA1C	0.5206956654106405
EVL	0.1908776650163818
EWSR1	0.2967310170516249
EXOC3-AS1	0.0757435712082238
EXOC7	0.1784746921310715
EXOG	0.0094753375537751
EXOSC1	0.0088937524117588
EXOSC2	0.147078626625681
EXOSC3	0.1268912738729262
EXOSC6	0.0438358597506229
EXOSC7	0.0578195215025631
EXOSC8	0.0894513989898068
EZR	0.3638604654821097
F12	0.169024823810491
F2RL1	0.1497900057591454
F8A1	0.0477806086354827
FA2H	0.0403789216154149
FAAP24	0.0467890085368945
FADD	0.0058199345251465
FADS2	0.0610383509031678
FAF2	0.2023326673030819
FAHD1	0.0195219724069463
FAM101B	0.4192264829058937
FAM102A	0.0729173517302476
FAM103A1	0.0279880188247903
FAM107B	0.4329857147040294
FAM120A	0.2416461850523579
FAM127A	0.0731042275842495
FAM129B	0.0018067454974887
FAM131C	0.0812548958703652
FAM133A	0.0131527994190805
FAM133B	0.2476521735747462
FAM134A	0.0267422223291408
FAM161A	0.0749309088084283
FAM162A	0.0451405251868762
FAM168B	0.1360515293944204
FAM189B	0.0765192238466744
FAM192A	0.0292120620688372
FAM208B	0.0841782286110121
FAM210B	0.0481292010726294
FAM215B	0.0596288032920812
FAM216A	0.0680903664314817
FAM219B	0.1891830657720041
FAM229B	0.0534087540722834
FAM3A	0.0871044882513209
FAM3C	0.2602100464147268
FAM45A	0.048286177601102
FAM50A	0.015250449590417
FAM57A	0.0753220165471225
FAM60A	0.165856822993126
FAM64A	0.0263477227453742
FAM83D	0.1105247335143886
FAM89A	0.0467040781446673
FAM89B	0.1780012056683157
FAM92A1	0.0790256443887305
FAM98A	0.5925047797340484
FANCD2	0.1830731726275909
FANCI	0.0011599901757346
FARSA	0.0045927839112707
FARSB	0.0379226787357666
FASTK	0.0139902224088452
FAT1	0.0443603694464508
FBLIM1	0.3562856268503654
FBN2	0.0438866078220426
FBRSL1	0.1655077835616425
FBXL15	0.0742484990219921
FBXO21	0.1016803628969928
FBXO22	0.0774730622657303
FBXO25	0.107743704322379
FBXO7	0.4132079769360299
FBXO9	0.0561187325125807
FBXW11	0.0328932760786097
FBXW2	0.0678149068508998
FCGRT	0.0236993743111448
FCHO1	0.0722294555783875
FDFT1	0.0001021270201354
FDPS	0.2251451707373921
FDX1L	0.0494830554838351
FDXR	0.4026374019447828
FEN1	0.1084777894220442
FERMT1	0.3537738314395013
FES	0.0394706044040777
FGA	0.0650984989887872
FGD5-AS1	0.061108854451896
FGD6	0.078741860349035
FGF2	0.0495087005644365
FGFR1	0.1864342481447987
FGFR1OP2	0.0477416511060729
FH	0.0907278792740778
FHL1	0.1033788371981464
FHL2	0.0053538458111399
FIBCD1	0.092486247055016
FILIP1	0.032675356908294
FJX1	0.4856721039198429
FKBP10	0.0276199964369283
FKBP11	0.134510325180303
FKBP1B	0.0359362667350704
FKBP3	0.1250093543330391
FKBP9	0.1211408366013064
FLAD1	0.0074610978036057
FLII	0.0330178549491152
FLJ20021	0.0675536728577497
FLNA	0.1197165256487927
FLOT2	0.1560703051726851
FMNL1	0.1248465054348123
FN1	0.1005168005377458
FN3KRP	0.0104716289126044
FNBP4	0.010693751822474
FNDC3B	0.1334537261771597
FNIP1	0.0160405901654594
FNTA	0.0919553869435349
FOPNL	0.2271700440119615
FOSL1	0.0043734805794391
FOSL2	0.3081585450824799
FOXA2	0.0211684633366219
FOXC1	0.1311215891483045
FRA10AC1	0.3991653103267403
FRMD6	0.0870886233485482
FRMD6-AS1	0.0543028321234496
FSCN1	0.4589751582359082
FST	0.2278599356979291
FSTL1	0.005591389003979
FSTL3	0.0920184051293493
FTSJ1	0.0494661647772351
FTSJ2	0.0080014096077711
FTSJ3	0.0269711554651928
FUBP1	0.1426835695423009
FUNDC1	0.0539668557143968
FXN	0.1206694419648728
FXR1	0.0235065868715593
FYB	0.1362573434358422
FZD2	0.0600058938402857
G0S2	0.0807256848390967
G2E3	0.0795292712365121
G3BP1	0.1023303652053329
G3BP2	0.1038721605062212
G6PC3	0.432550656797849
GABPB1	0.0241616596417362
GABPB1-AS1	0.147015682197784
GABRA5	0.0463239228636106
GABRB3	0.0832975626113941
GACAT2	0.2626353702146332
GADD45A	0.053425235331115
GADD45B	0.0522222719485604
GAL	0.0444682094409326
GAL3ST1	0.0007231683717433
GALE	0.0535038491375244
GALK1	0.067989105949856
GALNT1	0.0055595496280393
GALNT10	0.0727833443317525
GALNT2	0.0472441208788939
GAMT	0.1449750888222847
GAN	0.0132799921812069
GAPDH	0.2218910507236955
GAR1	0.0680718719279963
GARS	0.1097810281427639
GAS2L1	0.0327891955210147
GATAD2A	0.0418111380078247
GATC	0.052191251642704
GATS	0.0446342836020841
GBAS	0.2922679374258544
GCC2	0.0662192974552262
GCFC2	0.0688010850010002
GCHFR	0.1328785806303201
GCNT3	0.0379758916026747
GDF15	0.1267677657329398
GFER	0.0246695917480198
GFOD2	0.0094773830327462
GFRA1	0.0268786874958115
GGCX	0.1880992749587023
GGH	0.0299579127273233
GGNBP2	0.0069858447507907
GGPS1	0.0837606019402726
GIGYF1	0.0563448376665212
GINS1	0.1463998029276016
GINS4	0.026780185294379
GIP	0.0320956226153508
GIT1	0.0339078066844849
GJA1	0.0605693150899122
GJC1	0.1211462674832111
GLCE	0.1073104601835808
GLG1	0.0365200127350651
GLIPR1	0.0923119154695937
GLIS3	0.3172640536004875
GLOD4	0.2052898357085592
GLRX	0.1131773798503335
GLS	0.1747067330943333
GLTP	0.1429097386733401
GLUD1	0.0980935838784701
GMCL1	0.0785054450321048
GMNN	0.0609625745929183
GMPS	0.034570572506041
GNAI2	0.2337091101846263
GNAI3	0.1850345030473138
GNAQ	0.0131436571848412
GNB2L1	0.0160939710385043
GNB5	0.007376666407311
GNG11	0.1152755408230706
GNG12	0.0065174440277448
GNL3	0.0452223573529953
GNPAT	0.0737027437304253
GNPDA1	0.1145015455742016
GNPNAT1	0.1476261021596249
GOLGA3	0.025642594712508
GOLGB1	0.0283376238689215
GOLIM4	0.0257091746325938
GOLM1	0.1232279238024788
GOLT1B	0.0146069833597034
GOPC	0.0756777254252461
GORASP2	0.0325937480329726
GOSR1	0.0087085180679769
GOSR2	0.0161752743475157
GOT1	0.3893422840457262
GPAT3	0.077497128030715
GPAT4	0.0207284368299459
GPATCH8	0.1408625118038293
GPBP1	0.0063457056174752
GPC1	0.0037898120303041
GPCPD1	0.1584764887554136
GPN1	0.0075656358275643
GPN3	0.0468049017256138
GPR137	0.3143117015885069
GPRC5A	0.3829336154942331
GPRC5C	0.0399057585922549
GPRIN2	0.0760767001461668
GPRIN3	0.0452280124971888
GPS1	0.1144981568545006
GPX1	0.1923155541731339
GPX2	0.0049459234197814
GPX3	0.111031700926071
GPX8	0.0295840856146754
GRAMD1B	0.0879171706150896
GREM1	0.1127238076073338
GRIN2B	0.1041242982890818
GRK6	0.2586500747511228
GRN	0.031205129221231
GRPEL1	0.0506410368216154
GRSF1	0.1403399480177148
GRWD1	0.0193992206298772
GS1-124K5.4	0.2296806462788505
GSR	0.0348463867748659
GSTK1	0.155788449709102
GSTO1	0.1026837701481536
GSTZ1	0.0571797594019193
GTF2F1	0.0199157862222407
GTF2F2	0.1165779466531369
GTF2H1	0.0383412688427555
GTF3C2	0.1406533074330715
GTPBP4	0.3874886872469719
GTSE1	0.0369013573496291
GULP1	0.0162354037896481
H1F0	0.1314672540919211
H1FX	0.0038109494324091
HACD1	0.0691552464458271
HACD2	0.0566531585562267
HACD3	0.1878340886353
HADHA	0.0384107020557338
HADHB	0.3143409554732533
HAGH	0.0671773684092396
HAGHL	0.0639585921019637
HAPLN3	0.0269151561209794
HARS	0.0833794528563138
HAT1	0.3653250431648082
HAUS1	1.1984735337921013
HAUS2	0.1043020131006837
HAUS6	0.0577097803501333
HCCS	0.0233152061743687
HCFC1	0.0919187708839617
HDAC1	0.1216834579915769
HDAC2	0.149387399224256
HDAC3	0.5073683250754609
HEBP1	0.1672831167441109
HECTD1	0.0211871849598282
HECW1	0.1492590550835491
HERC2	0.1287411117819093
HERC4	0.0798117944636941
HERPUD1	0.0252631028272738
HES1	0.0635647717034993
HES4	0.1115229532246197
HES6	0.0117654696160666
HEXA	0.0204714650235658
HEXB	0.053321016687629
HEXIM1	0.0415907514109835
HEXIM2	0.01571184312764
HGS	0.0436821779724341
HGSNAT	0.1294445171757097
HHEX	0.1522513507589762
HIF1A	0.0990195069263054
HIGD1A	0.1301679866627446
HILPDA	0.2088620108942617
HIP1	0.0268917878237077
HIPK2	0.175928617184963
HIST1H1C	0.0328858620517381
HIST1H1D	0.3149496970202052
HIST1H1E	0.0451580304832245
HIST1H2AC	0.0575319160537749
HIST1H2BD	0.1171385701864198
HIST1H2BJ	0.1668803277390947
HIST1H4C	0.0100357852343549
HIST2H2AC	0.1006875388980066
HIST3H2A	0.0819398570409148
HJURP	0.0274871209278851
HLA-A	0.0893417694652253
HM13	0.0690299368677527
HMG20B	0.2755512714550856
HMGA1	0.1230093915116439
HMGA2	0.0863037921316551
HMGB2	0.1581736971848385
HMGB3	0.0575865698232938
HMGCS1	0.0287300212645105
HMGXB3	0.0932814608524524
HMGXB4	0.1557141142124089
HMMR	0.0766898199086146
HMOX1	0.0291828322993827
HMOX2	0.1145167584882014
HN1	0.0459477981087846
HNRNPDL	0.0240304193364375
HNRNPH1	0.0012492086099875
HNRNPUL2	0.0373934413566475
HOMER3	0.1620173701480569
HOTAIRM1	0.3058092147101955
HOXA-AS2	0.0247506536541804
HOXA3	0.0137252975264044
HOXB13	0.0370440007000794
HOXB6	0.2052780922470692
HOXB8	0.1275284931914046
HOXB9	0.0242051768134558
HOXC9	0.027031287430376
HPCAL1	0.4721830133019146
HPGD	0.2484970340999856
HPRT1	0.17224890604969
HPS1	0.1392033256497629
HRSP12	0.0449536029233475
HSBP1L1	0.240378588665228
HSD17B12	0.213505644409326
HSP90AA1	0.0692414960194346
HSP90AB1	0.0062625001756665
HSP90B1	0.0340335617803082
HSPA14	0.031910244862876
HSPA1A	0.0443135351764693
HSPA2	0.9370849473167084
HSPA4	0.0486024336949211
HSPA5	0.166050891098336
HSPA8	0.2465718136241224
HSPA9	0.0880087927805739
HSPD1	0.0374114565942276
HSPG2	0.0007738190877442
HSPH1	0.1917647532826727
HTATSF1	0.2174194086658754
HUWE1	0.0251496024626179
HYAL2	0.0515002246637188
IARS	0.1230700349067345
IARS2	0.1613128853984976
IBTK	0.0809402255445424
ICE1	0.0943031554964722
ICE2	0.0169935341523112
ICMT	0.0773791775834213
ID1	0.0559964180950895
ID2	0.3796758027167218
ID3	0.141078543447601
IDH1	0.1493383038073637
IDH2	0.0024239462768534
IDH3A	0.0315122219661659
IDH3B	0.004015130492906
IDH3G	0.1203175515001216
IDI1	0.0196761429077832
IDS	0.1651807523006474
IER2	0.3997399914300072
IER3	0.4423223250849531
IER5	0.0017819985935333
IER5L	0.0065032023706685
IFI27L1	0.0364757494328682
IFI27L2	0.2552212450920169
IFITM2	0.0613726828613553
IFNGR2	0.1597892001061611
IFRD1	0.0589458072987435
IFT27	0.1126705040794122
IFT43	0.0439202060157981
IFT57	0.0831013913796848
IFT81	0.0230125407093839
IGBP1	0.1094013885189305
IGF1R	0.070361882800648
IGF2	0.0511247656507489
IGF2BP1	0.0548202759174744
IGFBP3	0.0148525615052664
IGFBP4	0.4399404209579511
IGFBP6	0.163366430492692
IGFBP7	0.1468089893889627
IK	0.1579410891694909
IKBIP	0.0362505961521522
IL11	0.1995054385186159
IL13RA1	0.4808871447944765
IL18	0.1689451488213625
IL32	0.0077035436712939
IL6ST	0.0623469861678864
ILF2	0.0457886436595125
ILF3-AS1	0.0821220568582454
ILK	0.1373583349559369
ILKAP	0.0715006972551834
IMMP1L	0.1646729453094915
IMMT	0.2472936514495934
IMPAD1	0.0916752182362859
IMPDH1	0.1107860005405076
IMPDH2	0.0251828104246753
INA	0.0089537700910449
INAFM1	0.0075816493613117
INF2	0.0386359415680313
ING2	0.0186286515892442
INHBB	0.1617158370340066
INO80C	0.0275050470778401
INO80E	0.0108721725483879
INSIG1	0.0380615953773414
INSL4	0.1001116891642877
INTS10	0.0536847483384122
IP6K2	0.1723614670157068
IPO5	0.0489862115109585
IPO9	0.0158745744689574
IQGAP1	0.2127577084321939
IQSEC2	0.1868046152740231
IREB2	0.0534905591067039
IRF1	0.1643367201729486
IRF2BP2	0.0042263628838416
IRF2BPL	0.1094726472594228
IRF3	0.2514721911034808
IRS1	0.0826753352369809
IRS2	0.0310221757405007
IRX3	0.0284431384418788
ISG15	0.0085429116443252
ISG20	0.0846159150616855
ISG20L2	0.0159477270816321
ITFG2	0.0127707381225835
ITGA2	0.2063153385993294
ITGA3	0.0251643046416615
ITGAV	0.0772450714703458
ITGB1	0.1375247693923831
ITGB3BP	0.0528835335456
ITGB4	0.045895805160706
ITGB5	0.0252182389182776
ITM2B	0.0909822097678775
ITM2C	0.1485513291855468
ITSN2	0.2493054096179238
IVNS1ABP	0.0774893098047131
JADE1	0.0306223782631226
JAG1	0.0776283869759171
JAK1	0.056780830538335
JKAMP	0.0140719196882982
JMJD1C	0.1670681269962539
JMJD6	0.0318021665539143
JUN	0.0635795314340054
JUNB	0.1587615141796042
JUND	0.0728295987128366
JUP	0.0473267572064955
KANK1	0.0877895408524043
KARS	0.0108799445086188
KB-1732A1.1	0.0880578374815184
KCNF1	0.3339641471208311
KCNK6	0.0305995885282743
KCNMA1	0.6802989721289763
KCNQ1OT1	0.0527523896065792
KCTD1	0.040006222816869
KCTD15	0.2430595609979194
KCTD9	0.001672751202787
KDM5A	0.0580942791609766
KDSR	0.0944974068240799
KEAP1	0.1436439670206144
KHSRP	0.0480461702466493
KIAA0907	0.0261647199110664
KIAA0930	0.3751152705707299
KIAA1191	0.1806930227010129
KIAA2013	0.2279692243549721
KIF14	0.044665467469818
KIF18A	0.2127567964643383
KIF1C	0.2325872205152626
KIF20B	0.1876886205709132
KIF21A	0.0694274813009803
KIF22	0.157707368366713
KIF23	0.1103976423511369
KIF2A	0.0396770964134495
KIF3B	0.0500435729025701
KIF3C	0.2405650805835752
KIF4A	0.0458274837077282
KIF5B	0.0935557514295209
KIF9	0.3893687709482132
KLF10	0.0596778014987358
KLF13	0.0207052644267771
KLF3	0.0598873350563608
KLF5	0.0176128953982058
KLF6	0.0375950959367565
KLHDC2	0.0097199638759592
KLHDC3	0.0856766858812318
KLHL23	0.0267553019009914
KLHL42	0.1661226238341454
KLHL5	0.2005583888806158
KMT2A	0.0003972655999465
KMT2B	0.1265528938012543
KMT2E	0.0750391610445142
KMT2E-AS1	0.0460263265007616
KMT5A	0.0440049032929401
KNSTRN	0.0495172691519686
KPNA1	0.0006794092369156
KPNA2	0.1929196543992697
KPNA3	0.0033023290006048
KPNA4	0.0913675514254891
KPNA6	0.119247595412799
KRAS	0.0541018469774932
KRCC1	0.0133281962514863
KRIT1	0.053727574533906
KRR1	0.0774067455884482
KRT18	0.1194895421605674
KRT19	0.0654593700637217
KRT7	0.0639004499378602
KRT8	0.0724109308508087
KRT80	0.0583174151487362
KRTCAP2	0.0229715090006207
KYNU	0.0021507758497711
L3HYPDH	0.059951279196871
LACTB	0.231628584150726
LACTB2	0.1747943594279166
LAMA5	0.0579207434100291
LAMC2	0.069387945097553
LAMP1	0.2635730774671253
LAPTM4A	0.0353432979525364
LARP4	0.1436655664395317
LARP7	0.0150875271785417
LARS	0.0491318452873523
LAS1L	0.0571113637680382
LAYN	0.1443941576550945
LBH	0.4889066245577242
LBR	0.0163304952598509
LCMT1	0.0141276661354144
LDHA	0.1388517305214039
LDHB	0.0524114262059696
LDLR	0.0681334541507167
LDOC1	0.1632848827569966
LENG8	0.0587678320021075
LEO1	0.0647598063604772
LEPROT	0.3016135492861614
LEPROTL1	0.024647350302622
LETM1	0.3440582186197843
LETM2	0.1054712694424531
LGALS3	0.3300734667689958
LGALS3BP	0.2322536954083443
LGR4	0.0783028549408539
LIMA1	0.123234359802043
LIMCH1	0.0475010899085376
LIMD2	0.0422627944505526
LIMS1	0.065971677866283
LINC-PINT	0.1603886704899041
LINC00152	0.0239837883055014
LINC00467	0.0779263227262767
LINC00473	0.0417747474346257
LINC00511	0.0578805260325772
LINC00657	0.0618135553846791
LINC00662	0.1638944961990504
LINC00665	0.0532939684964738
LINC00667	0.0375398871439025
LINC00685	0.0102177343263902
LINC00707	0.1059162150338175
LINC00936	0.0474102372340044
LINC00969	8.608003309045857e-05
LINC00973	0.1687152102100321
LINC00998	0.096349324575663
LINC01021	0.1116277360986663
LINC01089	0.0591516960210623
LINC01116	0.0112230139833041
LINC01137	0.0803073205493179
LINC01184	0.1973055468680173
LINC01234	0.02541330172874
LINC01297-1	0.0273052592071341
LINC01468	0.0076314679318375
LINC01481	0.0699207110890912
LINC01588	0.0692503587769625
LIPE-AS1	0.1211530617912285
LMAN1	0.027712190418356
LMCD1	0.1933618800672818
LMNA	0.2848434643521574
LMNB2	0.0995480742327429
LMO4	0.0112370755830016
LMTK3	0.0493110606162707
LONP1	0.0003859682289498
LOXL2	0.0888443899425755
LPGAT1	0.0487785761032958
LPIN1	0.2351777963589217
LPP	0.3340629137358334
LRFN4	0.0534050747059546
LRIF1	0.1526338686777111
LRP10	0.0878286968421403
LRP3	0.0158744534244867
LRPAP1	0.1261823296971201
LRPPRC	0.0105515130518375
LRRC14	0.0256349669039337
LRRC23	0.0128867501955642
LRRC58	0.0637683972644027
LRRC75A	0.0331076640975736
LRRC8A	0.0266279072972756
LRRC8B	0.0153806637113404
LRRFIP2	0.3811585362004079
LSM6	0.0179763578788637
LSR	0.1367886897164236
LTA4H	0.0049849794589584
LTBP3	0.1248575477036057
LTBP4	0.0378134539443842
LUC7L	0.1434254373441012
LURAP1L	0.0637412860382697
LUZP1	0.1538032845658857
LXN	0.0648101394199257
LY6K	0.212021591609024
LYAR	0.1818497688370963
LYPD1	0.1643235795203775
LYRM1	0.1651129062867299
LYRM2	0.158487520899785
LYRM5	0.0154007815630323
LYRM7	0.044929672188827
LYSMD2	0.0230506916126384
LZIC	0.0951333642908326
MACF1	0.0838141179389674
MAD2L1	0.0085340217987555
MAD2L2	0.0915702739355704
MAFG-AS1	0.007868040593051
MAFK	0.3752357624904878
MAGEF1	0.6180916155859226
MAGOH	0.2019950279514873
MAN1A2	0.1490893499089034
MANF	0.1222743330209022
MAP1B	0.1015166416841328
MAP1LC3A	0.0350451035918052
MAP2K3	0.0600502408353066
MAP2K4	0.1232684070046081
MAP3K11	0.1179728431029086
MAP3K13	0.198327004463809
MAP3K14	0.2358567269810235
MAP3K2	0.1631680164459183
MAP3K8	0.2323456842945752
MAP4	0.015583430985819
MAP4K4	0.0203937883346601
MAP7	0.2700752008354279
MAP7D1	0.0306694147752412
MAP7D3	0.0738156068133912
MAPK12	0.0586576894244304
MAPK1IP1L	0.1221824350354776
MAPK6	0.0549263207705706
MAPK9	0.0494618459351697
MAPKAPK3	0.1370952703352616
MAPKAPK5	0.1877578775053522
MAPKAPK5-AS1	0.0748417465588202
MAPRE1	0.0222574983096924
MARCH2	0.0227463415168102
MARCH6	0.0229020991550519
MARCH9	0.0094976865683232
MARCKS	0.1467039703093956
MARCKSL1	0.2318293128640793
MARK3	0.0964758030701169
MARS	0.0326985018317572
MARVELD1	0.1122625461739785
MAVS	0.0224720965247141
MAX	0.0608779094465204
MBD2	0.0116232975682251
MBD3	0.1038568041401371
MBD4	0.0844250413384351
MBNL1	0.1602543242909893
MBOAT7	0.0256532761178155
MBP	0.1394966627183237
MCL1	0.0322189881205816
MCM10	0.0690543961850047
MCM3	0.0642232607673298
MCM4	0.5294165765495724
MCM5	0.1175543128397872
MCM6	0.040396332399314
MCM7	0.0041511955703454
MCM8	0.151464647461259
MCMBP	0.1086041806531634
MCTS1	0.0068907481606472
MCU	0.1156653964528699
MDFIC	0.0054509542814017
MDH1	0.1343358059168766
MDK	0.0659764286769662
MDM2	0.2616337412910555
MDM4	0.2350808146302282
ME1	0.1625120230632862
MEAF6	0.014480062785261
MECP2	0.0102698964912027
MED1	0.0094126621612352
MED11	0.3217754631817179
MED13L	0.0133578831578308
MED19	0.1151447118889209
MED21	0.1555595969578033
MED28	0.2217315941534157
MED29	0.0473445656680133
MED31	0.0264307631510935
MED8	0.0617328361233878
MEG3	0.1487776721463649
MEGF9	0.0222696919383286
MEIS2	0.1230498102759312
MEIS3	0.0489429578262821
MELK	0.0685560097384711
MEPCE	0.0146807961264076
MESDC2	0.1073208064134141
MESP1	0.4480337553089581
MEST	0.060325093545852
MET	0.0916810675482998
METRN	0.2494944292836626
METTL10	0.0628306270495505
METTL12	0.1376176876053927
METTL16	0.0603951234391496
METTL21A	0.0315296540852996
METTL2A	0.0635890587622
METTL2B	0.0052129255615009
METTL8	0.0838453889008817
MFGE8	0.2747047297937594
MFHAS1	0.0764242272327795
MFSD10	0.0140416743443104
MFSD12	0.0137759056679691
MFSD3	0.2711783290179306
MFSD5	0.0409506475223156
MGAT1	0.1404843182894589
MGAT2	0.0207290830906355
MGEA5	0.0765728875223843
MGLL	0.1199015356918564
MGME1	0.118825242985333
MGST1	0.0053133806658744
MGST2	0.1653817043624861
MICU1	0.050101262571994
MID1	0.5676984651232486
MID1IP1	0.0079568924136304
MIDN	0.0269208519763892
MIF	0.0442793902850284
MIF4GD	0.095395290907293
MINCR	0.1152773316330427
MIR503HG	0.0659157106092248
MIS18BP1	0.16584343948524
MISP	0.2615761031021184
MKI67	0.0104587756514044
MKNK1	0.0543115269856192
MKNK2	0.0303296058214374
MKRN1	0.0247391071379111
MLLT10	0.1665867636350704
MLLT4	0.0322138070119419
MLPH	0.0662484692926801
MLX	0.3234345925201816
MLXIP	0.0591561106198055
MMD	0.0379237314850091
MMP24	0.1885097380584693
MMP24-AS1	0.1362219755113534
MNAT1	0.0534943362475951
MND1	0.0755612342505733
MNX1-AS1	0.044444855931197
MOB3B	0.0257558126270253
MOB4	0.0727038642436253
MOCS2	0.106284063233406
MOK	0.1284129441101259
MORC4	0.5633284772559939
MORN2	0.0181156074929866
MOSPD3	0.0108394970321036
MPDU1	0.273361758021908
MPHOSPH10	0.0864102244126122
MPHOSPH6	0.1129675192937176
MPHOSPH8	0.040783717258464
MPRIP	0.0351319736082062
MPV17	0.0737353037331382
MPZL1	0.3388533705664164
MROH8	0.0286287914089867
MRPL1	0.0600850154436388
MRPL10	0.0637313709185486
MRPL16	0.0497984875011325
MRPL2	0.0376970821192222
MRPL35	0.0474631351282638
MRPL37	0.1166906328871725
MRPL44	0.004478788304697
MRPL45	0.0965126683201873
MRPL46	0.1513973695998894
MRPL47	0.0262043727114783
MRPL48	0.0231752266125819
MRPL49	0.1027189528210079
MRPL50	0.1836896643550609
MRPS17	0.1360416615970578
MRPS18A	0.1405490027079718
MRPS18B	0.0459241691920521
MRPS27	0.0882352687108909
MRPS30	0.2928600942429498
MRPS9	0.0189183868379829
MRRF	0.1077854053130004
MRS2	0.0359869087938038
MRTO4	0.1322387382113931
MSANTD3	0.0077400169593423
MSC	0.0608961852210584
MSH6	0.0013061920455206
MSI2	0.1506608413932491
MSL1	0.0333432012121831
MSL3	0.0169523842759042
MSMO1	0.0765707740422821
MSRB3	0.0645843363907197
MSX1	0.0964160514879025
MT-ATP6	0.1170873490709357
MT-ND1	0.0747288521927174
MT-ND6	0.1183399324802604
MT1A	0.4844856343253692
MT1F	0.018776737504289
MT1X	0.2497560394731336
MT2A	0.5734023230817997
MTA1	0.0197212170443482
MTERF4	0.0875109147626898
MTFMT	0.0164668981865036
MTHFD1	0.1258184706337116
MTHFD2	0.1303782762602303
MTHFD2L	0.0725147817677739
MTIF2	0.0365671854356201
MTIF3	0.0615944467198269
MTRF1L	0.2347138442029574
MTUS1	0.1434964815959633
MTX1	0.0506427214402722
MTX2	0.0144837288926348
MUC5AC	0.1128500907788108
MUM1	0.0398779640966957
MVB12A	0.2713476019202948
MVD	0.0101303012635767
MVK	0.089704323041996
MXD4	0.1944973405714187
MYADM	0.0542510313309711
MYC	0.1896841173907101
MYCBP2	0.1938273624122855
MYEOV	0.295262935825778
MYH9	0.1114129222484857
MYL6	0.1113314907070662
MYO10	0.0097474819737665
MYO19	0.0513351845304908
MYO1B	0.0468525032395096
MYOF	0.0310741426601903
MYPOP	0.0107395367871901
MZT1	0.0171857842873716
N4BP2L2	0.0869605847303008
NAA15	0.0816590190527066
NAA60	0.1468997937178241
NACC1	0.0044750178878655
NACC2	0.1134924615166735
NAE1	0.031186860730724
NAMPT	0.0237199268400861
NANS	0.0405722703616476
NAPA	0.055970838347807
NARF	0.1109650836381643
NARS	0.1703541585154089
NASP	0.0156970638503876
NAT14	0.0444704551859303
NBL1	0.0030594894323201
NBR1	0.056260880991394
NCAPD2	0.2330576647010399
NCBP2	0.1377133441032346
NCBP3	0.1347682904714582
NCKAP1	0.0065283117193463
NCKAP5	0.0186056857912402
NCL	0.0718630803969404
NCLN	0.034304504505821
NCOA3	0.1390531881950587
NCOA7	0.1357849849161602
NCOR2	0.1127197081954497
NDFIP1	0.0555645103165623
NDRG1	0.0246438731222934
NDUFA10	0.2609416029380323
NDUFA13	0.1126879605049612
NDUFA5	0.0479303493916668
NDUFA7	0.2808376846329825
NDUFA9	0.1732647676915163
NDUFAF4	0.0500888103373054
NDUFAF6	0.1768828263725216
NDUFB5	0.07703200780129
NDUFS2	0.0797916730863595
NEAT1	0.0995214909910594
NECAP2	0.025934224447696
NEDD4L	0.0156690986101348
NEDD9	0.2198483342297506
NEIL2	0.0657325251087187
NEK2	0.0238509336734133
NEK6	0.0743304897981664
NELFB	0.0118581391905993
NEMF	0.1743765053987625
NET1	0.0268608199728617
NF1	0.1195699683821234
NF2	0.0164071428873491
NFAT5	0.1554567319032373
NFE2L1	1.865976847463195e-05
NFE2L2	0.0417384133916973
NFIB	0.0170194163346177
NFIC	0.2733838272126918
NFKB2	0.031972207221358
NFKBIA	0.4011562440466481
NFKBIB	0.0374182093566973
NFYB	0.0489059205569528
NGDN	0.1144511487892906
NGRN	0.0115825914454644
NIFK	0.1597877206297602
NIP7	0.0885120919446563
NIPSNAP1	0.0389349498406447
NIT2	0.0619446696539691
NKAP	0.0528479291131993
NKIRAS2	0.1356356977365372
NKTR	0.4032296087089153
NLN	0.1511945087336868
NMB	0.3856956818377652
NMRAL1	0.1584408340990548
NMT1	0.1154348366925675
NMT2	0.1050373905954475
NNMT	0.1793398600363249
NOC2L	0.0423991768838788
NOC3L	0.0343425673807238
NOC4L	0.1597791702722343
NOL10	0.0921866030939388
NOL11	0.0831743999482111
NOL3	0.1651861353536906
NOL4L	0.0657417906665502
NOL8	0.1286409069610289
NOLC1	0.0173337966432722
NOM1	0.1125130209563046
NOP14	0.1089795838702755
NOP2	0.2406688196595331
NOP58	0.2383562706588882
NOVA1	0.2904638413194744
NPAS2	0.1060657465614168
NPC1	0.1817406714588957
NPC2	0.0401152269727955
NPDC1	0.0336601722702336
NPEPPS	0.1281793073678941
NPLOC4	0.243210865296417
NPM1	0.0883513091693865
NPRL3	0.4084467862457384
NPTX1	0.1609021609979024
NQO1	0.0483479052932557
NR0B1	0.1541336526299189
NR2C2AP	0.0828923897481411
NR2F2	0.0021555623950829
NR3C1	0.4314093349421467
NR4A1	0.0339578648316169
NRAV	0.0298372259442823
NRBF2	0.2131618188584859
NRBP1	0.0731110665285253
NRCAM	0.0865729177928942
NRDC	0.0361659452182795
NRG1	0.0717494742502013
NRGN	0.0515400754633775
NRIP1	0.0293260680116039
NRP1	0.0763194927378881
NRP2	0.1448375753693026
NSD1	0.238503213348674
NSFL1C	0.0794834548218699
NSL1	0.1491516467945421
NSMCE1	0.1636965296557916
NSRP1	0.2319595367737678
NSUN5	0.0639747569556063
NT5C2	0.0343360002797543
NT5DC2	0.0585722005315187
NT5E	0.1669577636941384
NTN4	0.0293005566436273
NTS	0.0349556281674524
NUAK1	0.0030296044837548
NUAK2	0.0629259530880855
NUBP1	0.0553813179724
NUCB1	0.0780461915831899
NUCB2	0.104603068014458
NUCKS1	0.2069035366374022
NUDC	0.0723144952081366
NUDT15	0.1423966896416309
NUDT19	0.0938105810943745
NUDT2	0.1367705729884549
NUDT21	0.0664687670820531
NUDT22	0.3224698649297042
NUDT3	0.0239340669820309
NUDT4	0.2079423889495384
NUDT8	0.1308041362824375
NUF2	0.0056290453379447
NUFIP2	0.1824201179066664
NUMBL	0.1567539825688028
NUP155	0.1328994435674277
NUP37	0.1870156543710248
NUP62	0.1275011204070038
NUPR1	0.2262017014112805
NUS1	0.5546904239453747
NUSAP1	0.0425293744249284
NUTM2A-AS1	0.0191390987077499
NUTM2B-AS1	0.0209549198936032
NXN	0.0250357094258154
NXPE3	0.0344164814310565
OARD1	0.0616284518651983
OAS1	0.0594940890874551
OBFC1	0.2983617024961629
OCIAD1	0.1213943699955508
OCIAD2	0.1346966683727608
ODC1	0.0920031272878467
OGFOD3	0.0960569469254511
OGFRL1	0.153543768952362
OPN3	0.0056653922141364
OPTN	0.0690658255500777
ORAI2	0.0219558916744822
ORAI3	0.0101569405058155
ORC6	0.1515174893658142
ORMDL2	0.0014296844943864
OS9	0.0180936498495763
OSBPL9	0.0225982162733673
OSER1	0.1633416331897858
OSGIN1	0.4331842670200739
OTUD6B-AS1	0.0597760263001906
P3H4	0.0071240030354849
PA2G4	0.056651052309979
PABPC4	0.0976820037583591
PACS1	0.2144641862578091
PACSIN3	0.0984384237833609
PAF1	0.140153036734593
PAFAH1B2	0.229572001490737
PAK1IP1	0.2120009649471027
PAK2	0.1374252584214466
PAK4	0.1548696198869253
PALLD	0.021007751879152
PANK2	0.0539527748065874
PANK3	0.1686034094778098
PAPPA	0.0226554418346531
PAPSS2	0.0055738368254719
PAQR4	0.0056578491748402
PAQR5	0.2907420869112832
PARD3	0.0699334632215522
PARD6A	0.0202556677814005
PARD6B	0.1349764283613876
PARP6	0.0325134469970789
PARPBP	0.1870861278871141
PART1	0.0251371345566181
PAXIP1-AS1	0.0346186925313309
PBDC1	0.0653495589860096
PBK	0.0952603889810843
PBX1	0.0159682358076534
PCDH9	0.4492179379821212
PCED1B	0.0487096456789863
PCGF2	0.0448250385108445
PCIF1	0.0559943816502159
PCM1	0.027185083036778
PCMT1	0.122078096956872
PCNA	0.054055460354456
PCOLCE2	0.0430276684179566
PCSK1N	0.1658324986278308
PCSK7	0.0373769437067333
PCYOX1	0.0204829493469967
PDCD10	0.0476483393043409
PDCD2L	0.0004913025558807
PDCD7	0.1357282858958403
PDCL3	0.0667399806656546
PDDC1	0.1143900220209813
PDE6D	0.0340389886405643
PDE8A	0.227497114309908
PDGFA	0.0140923763985135
PDHA1	0.1851362630611797
PDHB	0.0177320424327609
PDIA3	0.1413337172026827
PDIA4	0.1094659380489645
PDK4	0.0946202221149734
PDLIM1	0.1377995306428888
PDLIM5	0.4596595157241826
PDLIM7	0.062388043006041
PDRG1	0.3781912573521558
PDS5A	0.1589565995177792
PDXK	0.6360537405064743
PDZD8	0.1393898679150605
PDZK1IP1	0.0195074149052822
PEA15	0.0383363942048875
PEF1	0.0818928052442275
PEG10	0.0671684133894021
PELO	0.2243072338803823
PELP1	0.1340173365468597
PEPD	0.0678477466506278
PER2	0.0262224174642652
PES1	0.134633759460989
PET100	0.1476807526850229
PET117	0.1728149828623445
PEX10	0.0836997007993018
PEX2	0.1333842312285975
PFAS	0.2367342782849419
PFDN6	0.0609133395428303
PFKFB3	0.1640262977556849
PFKP	0.0405004243621008
PFN1	0.2656922240118001
PGAM5	0.0731893815132155
PGAP2	0.0213371622425128
PGK1	0.024706585930173
PGM2L1	0.0095222993895262
PGRMC2	0.3283787206725138
PHACTR2	0.0090329834458196
PHAX	0.0378222603055397
PHC2	0.0201758272731596
PHF20	0.0366151652591956
PHF20L1	0.0220809016106754
PHF23	0.1766673352018191
PHF3	0.0490320079077339
PHF6	0.0877372913116537
PHGDH	0.0415388122580091
PHIP	0.1735780070275968
PHKG1	0.2284365574846033
PHLDA1	0.0170588509708253
PHLDA2	0.1062070309640165
PHLDA3	0.1458676151093945
PHLDB2	0.0038672097815946
PHLPP2	0.0364643925757087
PIF1	0.1153232438011858
PIGBOS1	0.1735547085415957
PIGF	0.2336674758356572
PIGH	0.0697900797350032
PIGP	0.0101239308328152
PIGW	0.1051238964850507
PIGX	0.17806373061708
PIH1D1	0.0460894599590551
PILRB	0.0185943536913308
PIM3	0.122518702189628
PIR	0.0363774405559069
PITHD1	0.0538316494275331
PITPNA	0.005465436218572
PITPNC1	0.0598027215330047
PITX1	0.171822472308975
PKDCC	0.0224377861671596
PKIG	0.2967444199786729
PKM	0.0867015825445288
PKN1	0.0463589842609467
PKN2	0.0627730387941354
PLA2G12A	0.073852872661529
PLA2G16	0.1895187642726178
PLAU	0.0658194513975665
PLAUR	0.071476880860341
PLCD3	0.0595161826637457
PLCXD1	0.0012695207526871
PLEK2	0.026893021137762
PLEKHA3	0.0774110203220488
PLEKHB2	0.0321395748101636
PLEKHH2	0.004447356286831
PLEKHJ1	0.0484349362882401
PLGRKT	0.1363798753560034
PLIN2	0.041704076077459
PLIN3	0.1099823214607481
PLK1	0.0099335900254003
PLK2	0.1913932892217627
PLOD2	0.3345807598686014
PLPP5	0.0626026068596723
PLS3	0.0181888062815171
PMAIP1	0.0100420718751848
PMEPA1	0.0036480224464268
PMF1	0.214924336291841
PMP22	0.2303494975572733
PMPCA	0.1415292628223872
PMPCB	0.0263361719471532
PNISR	0.1947257644152971
PNKP	0.0542914970430372
PNO1	0.079828534564473
PNPT1	0.1511350636105291
PNRC1	0.0162830967867104
PNRC2	0.1006773099248402
PODXL	2.5775786541746132e-05
POLR2A	0.0489611812297987
POLR2D	0.0617957807191476
POLR2H	0.055625376555437
POLR3D	0.0269924163795693
POLR3G	0.0998329090846262
POLR3GL	0.0735711124628624
POPDC3	0.1597260753972589
POR	0.0407245355659249
PPA2	0.1296578627151084
PPAN	0.2296112479971717
PPARG	0.1233446451431409
PPCS	0.1421550363736602
PPFIA1	0.2364935794088895
PPFIBP1	0.1737062823982103
PPHLN1	0.1155648851732179
PPID	0.0337322332206636
PPIE	0.1390262804937682
PPIF	0.0620230061752032
PPIG	0.0666908535234922
PPIH	0.0042185545575008
PPIL1	0.0953510639635937
PPM1B	0.0196441923846726
PPME1	0.051790987306475
PPP1CB	0.0738897921773122
PPP1R10	0.0476496821899107
PPP1R11	0.0157582452787916
PPP1R12A	0.0533938963675849
PPP1R14A	0.0559408181340981
PPP1R15A	0.0180249440540289
PPP1R16A	0.0584638264823123
PPP1R35	0.021792507447975
PPP1R7	0.0139794231234304
PPP2CA	0.1646337519770435
PPP2CB	0.1218274846043607
PPP2R1A	0.0691098134244037
PPP2R2A	0.0792981728209728
PPP2R3C	0.1371842330768811
PPP2R4	0.0832708609209811
PPP2R5C	0.1951041227451756
PPP2R5E	0.0330086398212332
PPP3CA	0.0308150583013709
PPP4R2	0.1024664860420921
PPP4R3A	1.141229200496744
PPP4R3B	0.2623892445931718
PPP5C	0.1282121171400367
PPP6R1	0.0357579063126012
PQLC3	0.0435979534258299
PRADC1	0.2793350903487555
PRAF2	0.045685791118224
PRAME	0.0661959484912948
PRC1	0.0045311234730979
PRCC	0.072845651814752
PRDX1	0.0785370884520585
PRDX4	0.0118961252804297
PREB	0.1217805543758309
PRIM1	0.2232256024242366
PRKAG2	0.0168051391835441
PRKAR1A	0.3242664109670453
PRKAR2A	0.1159727048145371
PRKCA	0.1899460518068757
PRKCDBP	0.1789281443768073
PRKCSH	0.0577599755908083
PRKRIP1	0.3634539154889422
PRKRIR	0.1052552239006697
PRMT1	0.0653757377638164
PRMT5	0.0315880011196596
PRNP	0.0869035388411674
PROCR	0.1235684040542134
PROSC	0.1509017089457677
PROSER3	0.03449465671141
PRPF19	0.0029477357235091
PRPF38B	0.0941616544312681
PRPF4	0.152432001894607
PRPF4B	0.1447994016221504
PRPF6	0.129654459042948
PRPF8	0.0218614467224036
PRPS1	0.15030972961904
PRPS2	0.0251807611795482
PRPSAP1	0.1284460106207147
PRR11	0.0968803233111214
PRR7	0.25209452838753
PRR7-AS1	0.0934948422239326
PRRC2A	0.0229016042706465
PRRC2B	0.1059010272482175
PRRT3-AS1	0.0043010937086407
PRSS23	0.112550265255297
PRSS3	0.0744738324715201
PSAP	0.0034881382942717
PSAT1	0.1704895341911663
PSD4	0.0227186512840116
PSIP1	0.0360596115370507
PSMA3	0.0996735511171181
PSMA3-AS1	0.0752433678481665
PSMA4	0.15701051902027
PSMB1	0.1473605454739189
PSMB3	0.1914493459355992
PSMB4	0.1222696328781203
PSMB6	0.2132739424314066
PSMB9	0.109212323602223
PSMC1	0.1829120420858785
PSMC2	0.1886757555912909
PSMC3	0.1231740512821354
PSMC3IP	0.0661280569900096
PSMC4	0.0743322232818984
PSMC6	0.1895568718050254
PSMD1	0.2558594231233361
PSMD10	0.1070061974480526
PSMD12	0.2527023895727713
PSMD13	0.3439642177807251
PSMD2	0.0124213755371296
PSMD3	0.0665521411950108
PSMD6	0.0420938217097241
PSMD7	0.1562050202722759
PSMD9	0.1280370399130636
PSME1	0.0736262270418486
PSME2	0.0809014484156031
PSMG1	0.0132459344107523
PSMG2	0.0456593147593625
PSMG4	0.0071207867669774
PSPH	0.0447473830949086
PTBP3	0.0072141885598858
PTCD3	0.0725842825170965
PTDSS1	0.0799546152186881
PTEN	0.2494326534272238
PTGES	0.0183829995964456
PTGR1	0.3152898541976252
PTGS2	0.1507758281825314
PTHLH	0.1099679925167117
PTK2	0.0373873695487612
PTMA	0.1219791168843346
PTOV1	0.3225974568543205
PTP4A1	0.0451336407133134
PTPN1	0.3007408450791181
PTPN12	0.1344522782328782
PTPN18	0.024625978969007
PTPN2	0.0837982897391054
PTPRA	0.1284827473252516
PTPRF	0.2544781486436556
PTPRJ	0.0652458847618428
PTPRS	0.2734229301943335
PTRF	0.2802934252533759
PTRH1	0.0801344783254781
PTRH2	0.1975705333378178
PTTG1	0.0432751425957279
PTTG1IP	0.0851639482610091
PUM3	0.35951183038563
PURA	0.1291706223845325
PVR	0.0359481920252411
PVRL2	0.1359285364316592
PVRL3	0.0429232145104562
PVT1	0.0984038152653141
PXMP2	0.092312858655683
PXN	0.1081370696114028
PXN-AS1	0.214408145840222
PYCARD	0.1194481736000851
PYGB	0.3138843663851216
PYGL	0.0407901523797053
PYM1	0.2455221723767067
QDPR	0.0412727842211877
QKI	0.0675446817620141
QSER1	0.0312969570901143
R3HCC1	0.1675110408518879
R3HDM1	0.045410419672409
R3HDM2	0.018698457076851
RAB10	0.0885135243626249
RAB11B	0.1101675102716376
RAB11FIP2	0.020726722648028
RAB14	0.0051405676367366
RAB15	0.035317018115493
RAB18	0.0247558258859819
RAB1B	0.0118029561176712
RAB21	0.037006276802792
RAB22A	0.0398198420167646
RAB27B	0.0315841583350295
RAB30-AS1	0.1293929860343904
RAB31	0.1004808235223208
RAB35	0.0021494218054789
RAB3B	0.0592487994557729
RAB40B	0.1766271956113302
RAB4B	0.0975057259392883
RAB5A	0.0140233630443326
RAB5B	0.015578096174035
RAB6A	0.0178010523170127
RAB8A	0.1113470300086681
RAB9A	0.1500584226278788
RABEPK	0.2486882297696848
RABGGTB	0.0417639105713665
RAC3	0.050957525177613
RACGAP1	0.1333948143225751
RAD1	0.0620493818101121
RAD21	0.2320069420008297
RAD50	0.1370289149880701
RAD51D	0.1228423884181422
RAD9A	0.1725592426082299
RAE1	0.1528305934967236
RAF1	0.0627777238228586
RAI14	0.181480357409681
RALA	0.0485093183898652
RALB	0.152622423294566
RAP2B	0.005000300134612
RARA-AS1	0.0088717406997267
RARG	0.1518978982053654
RARS	0.1290618713551704
RASSF10	0.081311349689948
RASSF3	0.1376519098088073
RASSF7	0.1405184937723766
RB1CC1	0.0711179431953627
RBBP4	0.0374528743290762
RBBP5	0.0289738847741349
RBBP6	0.1460418820596395
RBBP7	0.2336461627554945
RBBP8	0.042779557243954
RBCK1	0.0924658607000239
RBFA	0.1082577685144808
RBFOX3	0.1611592417338453
RBM14	0.0526757568475046
RBM18	0.1872268113880102
RBM23	0.0868253309234623
RBM25	0.0813356862857122
RBM26	0.1200114685572971
RBM28	0.1614808899325453
RBM42	0.0668461123619604
RBM47	0.0529999236214826
RBMS1	0.2088227861825544
RBMX2	0.0028915825586918
RBPMS	0.0979814784539586
RCC1	0.0097330822948809
RCC2	0.0127688354178751
RCCD1	0.0600846387969265
RDH10	0.1615674281060763
RDH11	0.0213159792680926
RDH14	0.1491953801773022
RDX	0.0104453223128946
RECQL	0.4455626942485205
REEP3	0.3384881368297194
REEP4	0.0083795659473176
REL	0.0264453198032526
RELB	0.2143079266441898
REPIN1	0.1831636396705744
RERE	0.038154522951907
REST	0.045691678957616
REXO4	0.1803066403648567
RFC1	0.0562050508168229
RFC2	0.1428821204026272
RFC3	0.0799620769064902
RFC4	0.0120479390530865
RGCC	0.0050365438909418
RGS14	0.051015451515023
RGS19	0.004100361889859
RGS2	0.1035411002242164
RHBDD2	0.2197292265950859
RHOB	0.118089523072128
RHOBTB3	0.12394476015025
RHOD	0.7815256586436524
RHOQ	0.0041125166517941
RHOV	0.2497087133190904
RHPN2	0.0054509553450675
RIC8A	0.0726981945570634
RICTOR	0.0767661756408052
RIF1	0.0111938591462553
RILP	0.1180874921656106
RIN2	0.718903248672053
RMI2	0.0044921690631229
RMND5B	0.0650771010049856
RNASEH2A	0.1162052631949082
RNASEH2B	0.1105276017411102
RND3	0.0955802871082446
RNF11	0.1570487951716265
RNF114	0.0617087992592442
RNF115	0.0082311353760053
RNF130	0.0135363320022038
RNF135	0.0573034504482118
RNF212	0.0014513821946043
RNF220	0.1911464110583575
RNF26	0.0644648838677678
RNF34	0.0270169293848064
RNF40	0.0821391085693713
RNF5	0.2813659500297652
RNF8	0.0170465750156634
RNMT	0.0169809271776743
RNMTL1	0.0181004764684259
RNPEPL1	0.1096266282560365
ROCK1	0.0912419129433869
ROCK2	0.1138274092969175
RP1-267D11.6	0.0139039288528822
RP11-1055B8.9	0.0265073427855444
RP11-111M22.3	0.0603592095930408
RP11-115C21.2	0.0140946278620507
RP11-11N9.4	0.0378736015963392
RP11-12G12.7	0.0532406807828238
RP11-138A9.2	0.0264441706193877
RP11-1391J7.1	0.103220679159027
RP11-160O5.1	0.301967222201225
RP11-254F7.4	0.0421899111027214
RP11-294J22.6	0.0137466091568313
RP11-295G20.2	0.3852899993247016
RP11-297J22.1	0.0430340773413775
RP11-357H14.17	0.1230212762017886
RP11-38M8.1	0.0587913086591821
RP11-390F4.6	0.039884465584965
RP11-390P2.4	0.0859615596504938
RP11-400F19.6	0.0145656657314523
RP11-408N14.1	0.0558268215575735
RP11-452F19.3	0.1184343874745408
RP11-467L13.7	0.0222365754030763
RP11-473M20.16	0.0003745528718381
RP11-490M8.1	0.1007665495457955
RP11-498P14.5	0.0281779255163509
RP11-499E18.1	0.0159248271099227
RP11-505K9.1	0.0533874526435344
RP11-51J9.5	0.0512184589459934
RP11-538P18.2	0.0022703777332364
RP11-545E17.3	0.1509204916909945
RP11-54H7.4	0.0983872558034283
RP11-554I8.2	0.1965105637493912
RP11-563N4.1	0.0405339047005733
RP11-620J15.3	0.0007065343229516
RP11-631N16.4	0.0574305727970081
RP11-660L16.2	0.0048612325301116
RP11-669N7.2	0.0209138965783306
RP11-670E13.6	0.0217049617216204
RP11-680F8.1	0.2028915726531418
RP11-758H9.2	0.0254904873200916
RP11-783K16.5	0.1233264126138597
RP11-792A8.4	0.1329489754668752
RP11-874J12.4	0.129595348208261
RP11-879F14.2	0.0955371154774335
RP13-1032I1.7	0.0398187574095769
RP13-463N16.6	0.0896134980499926
RP4-555D20.2	0.0950568861380075
RP5-908M14.9	0.0495390005516845
RP5-943J3.2	0.0516311905319426
RP9	0.0199742312498777
RPA1	0.0142547071884793
RPA2	0.0361166798609266
RPE	0.154907830217908
RPF2	0.0789481750745544
RPIA	0.0859904915591912
RPL22L1	0.0164380296133143
RPL26	0.0747953915779088
RPN2	0.0190687406302645
RPP30	0.1965918524072502
RPP38	0.0113164489608093
RPS27	0.1422816535611112
RPS27L	0.055149282204884
RPS4X	0.1604725505312434
RPS4Y1	0.1322619549038833
RPS6KA3	0.0996545198500512
RPS6KA4	0.0819939725501347
RPS7	0.1939935489031762
RPUSD1	0.1035240723634951
RPUSD3	0.0826414916777105
RQCD1	0.2360696634429769
RRAGA	0.0663896927176548
RRAS2	0.0986878794322713
RRBP1	0.0125832752729616
RRM1	0.0263424252885902
RRM2	0.2330126723023837
RRP1	0.007702683484823
RRP15	0.1251563817990682
RRP1B	0.0656341096601656
RRP36	0.0048083186433364
RRP9	0.0945621540733348
RSAD1	0.3247128633333117
RSBN1L	0.1066318263092769
RSF1	0.0852212643941565
RSPO3	0.004313642963276
RSRC1	0.0770109587555246
RSRC2	0.0194217951210807
RTCA	0.0787395196073587
RTCB	0.0158902883487997
RTFDC1	0.1885881987149533
RTN2	0.0264945645495626
RTN3	0.0478561474819045
RTN4RL2	0.4661198927720267
RUSC1	0.0082170693436404
RUVBL1	0.0352297848561302
RWDD4	0.0653649527078084
S100A16	0.1059700144915282
S100A2	0.0321386611571701
S100A3	0.1125023830288835
S100A4	0.1655316593740528
S100A6	0.0796271761995029
S100P	0.0116594862724073
S1PR3	0.023072863484042
SAFB	0.0261079076825867
SAFB2	0.0677787281394938
SAMD1	0.0671690102418197
SAMD11	0.2949292774079914
SAMD4B	0.1620905203382705
SAP30BP	0.0632774390132365
SAP30L	0.037834832635568
SAPCD2	0.00092386291255
SAR1A	0.2041013155254601
SAR1B	0.0556097077190159
SARS	0.010820665239165
SAT1	0.0463024157475537
SAV1	0.0136113865104038
SBDS	0.1501337924437955
SBF2-AS1	0.1419836152697252
SBNO1	0.2645114779542354
SCAF1	0.1296462946274672
SCAMP3	0.0467032650713863
SCAMP4	0.0254118028006916
SCARB1	0.1759523838257195
SCCPDH	0.1111239054172781
SCD	0.1502922032347934
SCN1B	0.0100662532970314
SCNM1	0.3070664941581134
SCO1	0.0900484531820158
SCO2	0.0192713077505541
SCOC	0.0316504115330013
SCP2	0.0380357074590176
SCRIB	0.3103426626457994
SDC1	0.0216306638674989
SDC4	0.1798238342776955
SDCBP	0.0804367246280102
SDCCAG3	0.0260186035603018
SDF2	0.0604022874511094
SDF4	0.031741908512334
SDHAF1	0.3605556254235824
SDHAF2	0.2805312351792446
SDHAF3	0.0712403185244152
SDHD	0.1250273683038401
SDPR	0.120860282882141
SDR39U1	0.2206034382073634
SDSL	0.0100363240503087
SEC13	0.0120022890760725
SEC14L1	0.0791989883232852
SEC22C	0.0441091956047875
SEC61A1	0.0810169201182564
SEC63	0.1723819959698431
SECISBP2	0.188591447643532
SELK	0.0531349543440226
SEMA3C	0.2192575538227341
SENP6	0.1604107297326581
SEPHS1	0.0374013495684078
SEPT1	0.0997699057431323
SEPT11	0.0813893959571458
SEPT7	0.2054251461806763
SERINC2	0.1138102094827552
SERINC3	0.0437259385114061
SERPINB1	0.0911638915453784
SERPINB6	0.1441388084751726
SERPINE1	0.2000831924771123
SERPINE2	0.0376534329175632
SERPINH1	0.0409345142630726
SERTAD1	0.0254177004725467
SERTAD3	0.0200405501563378
SERTAD4-AS1	0.0120853750677494
SET	0.055968888799086
SETD5	0.123178507680306
SETD7	0.009721765489589
SF3B1	0.1234870941980113
SF3B3	0.0760452499043379
SF3B4	0.1092653613896418
SFN	0.1237617530817853
SFRP1	0.0062948516060435
SFT2D2	0.06911748313718
SFXN1	0.052240208820854
SFXN4	0.0573627126421989
SFXN5	0.0448761516824424
SGK223	0.0660165750785306
SGOL1	0.1142609968691554
SGOL2	0.0015257659310054
SGTA	0.0267701715890342
SH2D4A	0.0700736547861849
SH3BGRL	0.055475497182878
SH3BGRL3	0.0561575387321811
SH3BP4	0.1716493034169959
SH3GLB1	0.1554377333089936
SH3KBP1	0.1080523359360143
SHARPIN	0.4230908043991998
SHB	0.1837289430306689
SHISA4	0.1022946075298971
SHKBP1	0.3134115599426733
SHMT2	0.030498020910634
SHTN1	0.1264775989329326
SIAH2	0.1000224552649279
SIRT7	0.331704242257847
SKAP2	0.0456757759515496
SKIL	0.0456987141570123
SLBP	0.0786093344157471
SLC10A3	0.0952697479943738
SLC12A2	0.2589191013264096
SLC16A1-AS1	0.0041116043541888
SLC16A3	0.0412835162978677
SLC16A4	0.0682152214970472
SLC20A1	0.1340036940305561
SLC22A18AS	0.1242232347931572
SLC25A10	0.1181411909066682
SLC25A13	0.0935732495887493
SLC25A19	0.062894939320482
SLC25A26	0.0370044499398987
SLC25A3	0.0722030715862327
SLC25A33	0.1218601472577257
SLC25A4	0.141929126574242
SLC25A43	0.0566027285612093
SLC25A6	0.2565685577715814
SLC26A2	0.1374168828913662
SLC27A2	0.0647995413085828
SLC2A1	0.3380629175703855
SLC2A3	0.2342577155258516
SLC2A8	0.0117853987690321
SLC30A5	0.1306539640843726
SLC35A4	0.1295674024687053
SLC35B2	0.0399700869433189
SLC35B4	0.0275843623376676
SLC35C2	0.1127071997982356
SLC35D2	0.0840756859912197
SLC35F2	0.0178202858477309
SLC35F6	0.3652883005341062
SLC36A4	0.0491663640054247
SLC39A10	0.0411599744777778
SLC39A14	0.0563875597779495
SLC39A3	0.0070365878578365
SLC3A2	0.2220173669234882
SLC40A1	0.0874536802852109
SLC44A1	0.0426937012703053
SLC48A1	0.275228030243536
SLC4A2	0.0159514638327452
SLC4A7	0.0630218814887383
SLC50A1	0.0252885441598998
SLC5A6	0.0987201461790814
SLC6A6	0.0613627132949114
SLC7A1	0.2233552193392381
SLC7A5	0.090603895398767
SLC9A3R1	0.1464347657547663
SLC9A3R2	0.1390863159247629
SLF1	0.0108992878096197
SLF2	0.2122261688563939
SLK	0.0126717732124042
SLU7	0.1419788534635091
SMAD2	0.0083810051036257
SMAGP	0.0063777183119084
SMAP1	0.1260776220494407
SMARCA1	0.0132126268590083
SMARCA5	0.03540633727109
SMARCB1	0.2064210430230528
SMARCC1	0.0859666369124964
SMARCC2	0.000690498268596
SMARCD1	0.112269368050223
SMARCD2	0.0089155026542427
SMARCE1	0.1102798730772468
SMC1A	0.3226075137457873
SMC2	0.068505187685874
SMC4	0.1212789853576799
SMC5	0.6223362350106632
SMC6	0.0452414125378864
SMCHD1	0.0146449241302481
SMCO4	0.0733073604730997
SMG1	0.0175180113666919
SMIM13	0.2209901564153644
SMIM14	0.0277908447918278
SMIM19	0.1416185360514115
SMIM4	0.0265203300377649
SMKR1	0.0915540534949583
SMOX	0.1172271260596243
SMYD2	0.2749973768477786
SNAP47	0.0418358856022095
SNAPC1	0.0927367511839932
SNCG	0.1315484819171873
SNHG10	0.1431633417784028
SNHG12	0.0024297391449705
SNHG19	0.1377340270806435
SNHG21	0.0758493894365098
SNHG25	0.0139792819045975
SNRNP200	0.0103345753696726
SNRNP27	0.1554073488313219
SNRNP40	0.0544599500320486
SNUPN	0.1169168530207207
SNW1	0.1700562708283767
SNX12	0.1005007212705022
SNX2	0.0151542292635633
SNX6	0.0302652142527359
SNX8	0.1091917865877344
SOCS2	0.0441567596271671
SOCS3	0.006001346317807
SOCS6	0.1930537555733465
SOD2	0.0496993129009913
SON	0.0922970502088915
SOWAHC	0.0478398057411572
SOX12	0.219504567164722
SOX2	0.0800599992982939
SOX4	0.0917427179287849
SOX9	0.0797525627178903
SPAG9	0.0724914113837697
SPANXB1	0.0268997283029388
SPATA20	0.091697206121235
SPATA33	0.0838314003244865
SPATS2	0.3120095074683497
SPATS2L	0.0278544802041559
SPC25	0.1681824423445291
SPCS2	0.1133589912799492
SPCS3	0.0133874696127836
SPDL1	0.0613200802410075
SPECC1	0.0231468844318623
SPG7	0.0496572342281827
SPHK1	0.0038609249563541
SPINT2	0.0161273121497473
SPNS1	0.1181770099674901
SPOCK1	0.0256250055648924
SPP1	0.1248742998750273
SPPL3	0.0542122611259117
SPRED2	0.0821932554949622
SPRYD4	0.1107155913968348
SPRYD7	0.173916439863626
SPSB2	0.201226339433957
SPTAN1	0.072441644758689
SPX	0.1734072508056583
SQLE	0.0466821487436266
SQRDL	0.0130509141552865
SRC	0.0379769655505332
SREBF1	0.1074086281092577
SREK1	0.1406241870266796
SREK1IP1	0.053718579539198
SRGAP1	0.0059358114651426
SRGN	0.0238065790591516
SRP68	0.0567286335416087
SRP72	0.0417466329474581
SRPK1	0.0597762238357785
SRPK2	0.0914595345467113
SRRD	0.0163263490280838
SRRT	0.1449604240752868
SRSF11	0.0199819274848635
SRSF3	0.1870909508285027
SRSF4	0.0986254519939946
SRSF6	0.1471699950863664
SRSF8	0.016333146467695
SS18L2	0.062988439609813
SSB	0.2336755039999828
SSBP1	0.7209769660749942
SSBP4	0.1466698515021391
SSFA2	0.2012871896756664
SSH2	0.025559576957273
SSR1	0.0328066018331986
ST3GAL4	0.0444722098443489
ST3GAL5	0.7840770232675627
ST6GAL2	0.1857829557449946
STAG2	0.084553408663149
STAMBP	0.0711328298843244
STAMBPL1	0.1009826794328229
STARD10	0.0782253176958987
STARD3NL	0.1241592554069903
STAT1	0.096345681944396
STAT3	0.1293867879488527
STAU1	0.0238978213526635
STC1	0.0310052227946828
STC2	0.2755562701855596
STEAP1	0.0645296543207801
STK16	0.0877166216634649
STK17A	0.0627850652431185
STK24	0.2037846265956491
STK25	0.1805547758400413
STK32C	0.0508220474174388
STMN1	0.196969608901344
STOM	0.6376186034467537
STRADB	0.2877892554271954
STRBP	0.1209837228281809
STRN3	0.102216036015627
STT3B	0.0230119943787516
STX2	0.0023034028791192
STX4	0.0201546961545969
STX8	0.1188490757400459
SUGT1	0.2826633267954526
SULF2	0.1242911285537589
SULT2B1	0.056027744917161
SUMF2	0.0267518570016692
SUN1	0.0804736300707592
SUPT16H	0.1777855124988163
SUPT5H	0.1423049297946041
SUPT6H	0.1429020110815424
SURF1	0.1231924376287511
SUSD2	0.0724058651655505
SVBP	0.0384475589474133
SVIL	0.0760810758034489
SWAP70	0.032723109324248
SYCE1L	0.1942175555389835
SYF2	0.0551412406147898
SYNCRIP	0.0541544789675519
SYNE1	0.1418274946216828
SYNGR1	0.0873007860760127
SYNJ2BP	0.0081349594470009
SYNM	0.0406771368622014
SYNPO	0.3199930688483622
SYPL1	0.1337511317740745
SYT1	0.1973242173543131
TACC1	0.0811316255982262
TACC2	0.0404690562010994
TACC3	0.0642526901985442
TACO1	0.2272194067800505
TAF11	0.056220525711484
TAF12	0.0849028982240691
TAF15	0.0776489574992957
TAF1D	0.1219921041988525
TAF6	0.020070731646985
TAF7	0.0597516498866173
TAGLN	0.1857942599437918
TAGLN2	0.2349149629171695
TALDO1	0.0172253178789943
TANK	0.2416727776982884
TAOK1	0.0090419415556319
TAOK3	0.0970710145134974
TAPBP	0.0854772744745956
TARDBP	0.1590952782683078
TAX1BP1	0.0504323296413244
TBC1D20	0.1026787197870887
TBL1X	0.1272646444763061
TBL1XR1	0.0641467878579808
TBPL1	0.2057494944013976
TBRG1	0.0365606525308793
TBRG4	0.036534374615436
TBX2-AS1	0.039186028216595
TBX3	0.4587796525264411
TBXAS1	0.1554027325606309
TCEA2	0.0173944596427552
TCEAL3	0.0251938552858159
TCEAL8	0.0007049334408193
TCEB3	0.0233393218905481
TCERG1	0.1129995649048008
TCF25	0.0645897855446103
TCHP	0.0368198728795703
TCOF1	0.4562856297568302
TCTEX1D2	0.3180364524097007
TCTN1	0.0639030339549555
TDG	0.1083372819229324
TDP2	0.3438678990326975
TEAD1	0.1847633926632608
TEAD4	0.0939338173192862
TECR	0.0886275701082005
TERF1	0.2291826430157477
TES	0.0333040818516805
TESC	0.053422726063522
TEX261	0.0586600663377966
TEX264	0.1146264387305059
TEX30	0.0605374422763025
TFAP2A	0.1165050392701255
TFAP2C	0.2142120261015123
TFDP2	0.0185826840127653
TFF1	0.032690163038006
TFG	0.0225880222327168
TFPI	0.0488130756024714
TFPI2	0.2393558833104141
TFRC	0.0002741020590095
TGFB2	0.031523021743616
TGFBI	0.1182372040636607
TGFBR1	0.2818116074117393
TGFBR2	0.0388649228669642
TGM2	0.048758072246915
TGOLN2	0.1026478196349922
TGS1	0.2550102557278806
THAP11	0.0263209004546125
THAP2	0.0448266760724847
THAP4	0.1333141058484963
THAP7	0.3228564824097502
THBD	0.1553630873667138
THEM4	0.0512437989181595
THG1L	0.0378906269567543
THOC2	0.0271509627661823
THOC3	0.1111008111085799
THOC6	0.209842055009652
THRAP3	0.1555243571143936
THSD4	0.1970949660922477
THUMPD1	0.0164377897398151
THUMPD2	0.0320861371443501
THUMPD3	0.0412974653308956
THUMPD3-AS1	0.0870034012944739
TIAL1	0.0733248251520166
TIGAR	0.1477431005561131
TIMELESS	0.0270074098879348
TIMM10B	0.1342373302780546
TIMM23	0.0338095263319429
TIMM44	0.0268887643570979
TIMMDC1	0.0938132183753885
TIMP1	0.2102015987623091
TIMP2	0.0651833996965953
TIPIN	0.042144543082191
TIPRL	0.1198968089303011
TJP1	0.0469843112350777
TKT	0.5845384373618767
TLCD1	0.0570949149600224
TLE1	0.1073264545313368
TLE4	0.0638252498982724
TLK1	0.3522573286267739
TLK2	0.2376270089597496
TLN1	0.17048101975454
TM2D2	0.0674275258695933
TM2D3	0.0442502326528589
TM4SF1	0.0986388858111685
TM4SF18	0.0859444322261548
TM4SF20	0.1383663702872836
TM7SF3	0.0381531661865445
TM9SF3	0.0293754025358753
TMA16	0.0354752922366917
TMC5	0.1167584171670032
TMED1	0.0597914366662701
TMED10	0.0094980809108509
TMED4	0.0138000942887506
TMED7	0.1101293651138496
TMEM106B	0.122272032173553
TMEM107	0.0257361672506121
TMEM109	0.0237055915240907
TMEM120B	0.0249806766781193
TMEM121	0.0114357818626318
TMEM132A	0.0309649211474818
TMEM136	0.1177757475828346
TMEM138	0.0597152431825005
TMEM156	0.089662474694732
TMEM158	0.0847441014443644
TMEM165	0.0891917914274391
TMEM177	0.1266541691413713
TMEM18	0.0098164235072284
TMEM189	0.148364291598782
TMEM19	0.0120154576140722
TMEM199	0.1049224690125373
TMEM2	0.048732868039559
TMEM218	0.0655898827700123
TMEM223	0.0142738457105467
TMEM237	0.2366476354292812
TMEM243	0.1742065043764013
TMEM245	0.0234674412534083
TMEM248	0.0230291018288765
TMEM251	0.055505872315426
TMEM259	0.0505523138947828
TMEM263	0.0825041521766219
TMEM30A	0.1377817043258744
TMEM33	0.0369783262254303
TMEM41A	0.0567855569324263
TMEM41B	0.0694798909927442
TMEM50A	0.0443363278395849
TMEM55B	0.0602722526055834
TMEM56	0.3501126807530008
TMEM59	0.013150332925191
TMEM60	0.1549761063019322
TMEM70	0.0466678337522318
TMEM9	0.1076001945554815
TMEM92	0.117134737089424
TMEM98	0.2435401442323225
TMEM99	0.2764326735060387
TMEM9B	0.0168879871772358
TMPO-AS1	0.0101206754573552
TMX1	0.0277698655096539
TMX2	0.1586731221859726
TMX4	0.0756325489478159
TNFAIP1	0.0324328626413938
TNFAIP2	0.0596191909288482
TNFAIP8	0.1207465882106761
TNFRSF10B	0.2760219805950517
TNFRSF12A	0.0489816456552168
TNIP1	0.0635461740431033
TNIP2	0.0028611651709487
TNNT1	0.0713776870703391
TNPO3	0.0915073488085466
TNRC6A	0.1149666460454853
TNRC6B	0.078827619749596
TNS3	0.2228637275638716
TNS4	0.0182895781417276
TOB1	0.0448533995742486
TOLLIP	0.0853632212196238
TOMM70A	0.0010908450236466
TOP1	0.141818691305449
TOP2A	0.0986533305157377
TOP2B	0.3984656011954993
TOPBP1	0.0408351160653776
TOR1A	0.1905289896817446
TOR1AIP2	0.145417833997995
TOR3A	0.1366266026835841
TOX4	0.0986929196633992
TP53	0.0196202802894525
TP53I11	0.0744317240527098
TP53I13	0.0480333939955529
TP53I3	0.0116695165442823
TP53TG1	0.0859366347866884
TPBG	0.1792904970350068
TPD52L1	0.0481627313432311
TPD52L2	0.1137247815878859
TPGS1	0.0318217368652885
TPM1	0.0775156628407908
TPM2	0.080202106928721
TPR	0.0027158755396142
TPRA1	0.1639783331486718
TPX2	0.0790808942671458
TRA2A	0.0552589334885941
TRABD	0.028095035545272
TRADD	0.0602108268729656
TRAF2	0.0279733101349831
TRAF3IP1	0.1925974908497868
TRAF4	0.0159703235027266
TRAF5	0.0104965916340934
TRAF7	0.0161728630919162
TRAM1	0.0156736184741602
TRAP1	0.0449479214745857
TRAPPC10	0.0823304491368039
TRAPPC4	0.0010336197912854
TRAPPC6A	0.0345961390775332
TRIB3	0.0378665468535768
TRIM37	0.0477617256179746
TRIM44	0.0247361224504893
TRIM47	0.0044270051778097
TRIM56	0.2415313412068339
TRIM59	0.0193035357774212
TRIM65	0.1101623998131069
TRIM7	0.2602545049832483
TRIML2	0.4843471310873658
TRIOBP	0.0413482682791091
TRIP12	0.0986583863264481
TRIP13	0.183315986777121
TRIP6	0.0366623337057687
TRMT10C	0.1123948303583646
TRMT6	0.0126709716562366
TRMT61A	0.0778213715098591
TRNP1	0.0407281040028756
TROVE2	0.1414672030440869
TRPT1	0.2683643177785874
TRUB2	0.0469818291311984
TSC22D1	1.098615463638655
TSC22D4	0.1604812696224065
TSEN15	0.0764970321738442
TSEN54	0.0224074144188082
TSFM	0.126596538645288
TSG101	0.067094260939767
TSN	0.0769059431869596
TSNAX	0.6923129048724762
TSPAN13	0.0434118174673351
TSPAN14	0.0950264677834576
TSPAN15	0.2012865493472017
TSPAN17	0.0620386232089648
TSPAN3	0.0792534724142721
TSPYL1	0.0137612123755139
TSR1	0.5069318901764653
TSR2	0.0100095269680532
TSSC1	0.2250971285805273
TSTA3	0.0380116561321672
TTC1	0.114736012678981
TTC19	0.048453834986614
TTC32	0.0570275257505587
TTC39C	0.1445938495290869
TTF1	0.504705790557872
TUBA1A	0.0688205847328278
TUBA1B	0.066286812467746
TUBA1C	0.0260927259702493
TUBA4A	0.0060082761124997
TUBB	0.1447789662124422
TUBB4B	0.0485514631501848
TUBB6	0.0232123796876929
TUBGCP2	0.0596701720141198
TUG1	0.0498415968872618
TUSC1	0.0691621060332213
TUSC3	0.3081401077085157
TWF1	0.0866912907407334
TWIST2	0.0365255144526114
TWISTNB	0.0945911367260591
TXN	0.0380818964465199
TXNDC12	0.2483603428826923
TXNDC9	0.127289865052665
TXNRD1	0.0107233391307304
TXNRD2	0.0701185077279747
TYMP	0.0593041814415179
TYW3	0.0642202058234788
U2AF1L4	0.0132515469935663
U2AF2	0.073519059322653
UACA	0.0135516146262784
UAP1	0.1122105041179918
UBA1	0.0483022404728558
UBALD1	0.2058886232208895
UBALD2	0.076823157690497
UBAP2	0.0799719304004256
UBAP2L	0.0519794760247705
UBASH3B	0.3936697010045695
UBB	0.0283506741913209
UBC	0.0006269236737339
UBE2B	0.1993569841949682
UBE2C	0.0368753476469419
UBE2D1	0.145216868216351
UBE2D4	0.2476902569987819
UBE2E1	0.0418115466612003
UBE2E2	0.1811109276837128
UBE2G1	0.3879291664561415
UBE2G2	0.0077478905953196
UBE2H	0.0052411096919459
UBE2J1	0.2618759055801415
UBE2J2	0.0699675441485524
UBE2Q2	0.0006018744768556
UBE2S	0.2276434904298125
UBE2T	0.030006322292932
UBE2Z	0.0883431349739024
UBE3A	0.3016503899279381
UBE3C	0.4417088593536921
UBL4A	0.0494223482923527
UBL7	0.0406553774930322
UBN1	0.0357577193580288
UBP1	0.0424543193117181
UBQLN1	0.0051830524879933
UBR4	0.0890972930534729
UBTD1	0.0743661759636051
UBTF	0.1382934495216846
UBXN2A	0.1732448557326737
UBXN4	0.016776580109385
UCHL3	0.629861298390039
UCHL5	0.4310049262359117
UCK2	0.0032554989585624
UCP2	0.0428840130309264
UFM1	0.059327566441621
UGP2	0.0798291398018572
UHMK1	0.1651091263328734
UHRF1	0.0639293994950199
UMPS	0.0407828706406774
UNC119	0.157540114062324
UNC119B	0.0144826180089171
UNC50	0.0624225843418614
UNC93B1	0.0409965450708102
UNG	0.1609912553093278
UNK	0.3083705597570923
UNKL	0.1313339608779191
UPF2	0.283268036940564
UPF3A	0.0875716687719376
UPF3B	0.0485281941720199
UPK1B	0.0079240378980569
UQCRC1	0.2295794375583017
UQCRC2	0.0038447253291534
URB1-AS1	0.0662230645789473
USO1	0.0372645898845671
USP1	0.0580472782385521
USP10	0.0356358708472858
USP12	0.045236550390356
USP14	0.0134439274367454
USP3	0.3436049162732003
USP34	0.0324119136486941
USP39	0.0275959139565738
USP7	0.1063795476822445
USP8	0.1177407428681037
USP9X	0.120335898725599
UTP11L	0.010900470926612
UTP18	0.069117382341039
VAMP2	0.1141545587904216
VAMP3	0.1557726385252104
VAMP8	0.0133875623008045
VASP	0.0498993303243139
VCL	0.0083303225138353
VDAC3	0.1225914083596479
VEGFB	0.0989365845466108
VEZT	0.0087999211082725
VGF	0.5126572068353268
VIM	0.1203587038638477
VKORC1L1	0.0003871995341288
VOPP1	0.1164784838344993
VPS25	0.2070872104423222
VPS26A	0.0352358777231235
VPS28	0.1449911232106961
VPS35	0.0860903730900077
VPS4A	0.0364878555854319
VPS53	0.6334837767740683
VPS9D1-AS1	0.064422570897147
VSIG10	0.0140384253918953
VSTM1	0.020779844247113
VTA1	0.1527137935252149
WAC	0.0215340113587324
WAC-AS1	0.0487581661013614
WAPL	0.0177121137960645
WARS	0.0375997938995861
WASF2	0.0597697994727201
WBP11	0.1785582127224571
WBP2	0.0604504095484266
WBP4	0.2964026277672021
WBP5	0.0510339727926011
WBSCR16	0.133418474190597
WBSCR27	0.1175190941837052
WDR1	0.0705123117112204
WDR13	0.0298862033986102
WDR18	0.0097415554789984
WDR33	0.0568912917528101
WDR4	0.1276067410000732
WDR45	0.0068446915446679
WDR46	0.0957368658227715
WDR5	0.122137509685962
WDR61	0.1257076634152447
WDR73	0.1707562577605589
WDR74	0.0496090104165428
WDR76	0.0207116551604388
WDR77	0.0446493280628896
WDR82	0.0226103021786836
WDYHV1	0.0383172050413529
WHSC1	0.0505302248501202
WIPF2	0.1810921302635967
WIPI2	0.2178561047282382
WNT7B	0.034901852614327
WRB	0.1337032136038314
WSB2	0.0761384485801791
WTAP	0.1054133105482816
WTIP	0.100254953010237
WWC1	0.0982437315563034
WWTR1	0.0052848251475797
XBP1	0.1901825880552927
XIAP	0.1686880226183435
XPC	0.2280889919434842
XPOT	0.0664218260970737
XRCC2	0.0010351096026446
XRCC5	0.0024439640372025
XRCC6	0.0425671612882851
XRN2	0.0280818646382079
XXyac-YM21GA2.4	0.1007898158346064
XYLT2	0.0400657206701499
YAF2	0.1086979561677557
YARS	0.0717390084255579
YBEY	0.0256696001128683
YEATS4	0.1173483565395076
YIF1B	0.0289161602103554
YIPF4	0.1141981254573834
YIPF6	0.1424706745858819
YKT6	0.3062286800169834
YME1L1	0.0672020332009094
YPEL3	0.0695006219573448
YPEL5	0.0880147312683147
YRDC	0.0771981293142123
YTHDC1	0.0944422300262858
YTHDF1	0.2861572380719812
YTHDF2	0.1343521778368283
YWHAE	0.0692259051528904
ZBED1	0.080754125475477
ZBED5	0.067527818196658
ZBED5-AS1	0.1332008397646955
ZBTB38	0.1098443747056704
ZBTB7A	0.0909016430965803
ZBTB8OS	0.0853000981490317
ZC3H13	0.2338697210391396
ZC3H14	0.0391389975357729
ZC3H18	0.0225386431427539
ZC3H4	0.3362788332711624
ZC3H8	0.1718479575703479
ZC3HAV1	0.0416065444686931
ZCCHC10	0.0321067521577022
ZCCHC11	0.0817605056712236
ZCCHC17	0.106584480206514
ZCCHC8	0.0612005507795885
ZCCHC9	0.0657869455236939
ZDHHC16	0.1036903344024819
ZDHHC24	0.159400837513834
ZDHHC3	0.1173337523409456
ZDHHC4	0.2596826168321479
ZDHHC6	0.1572310662081776
ZDHHC7	0.1651564710458775
ZEB1	0.1261520651136524
ZFAND1	0.0594216034502567
ZFAND2B	0.0009798611154898
ZFAS1	0.0578100315440705
ZFHX3	0.0201506871249067
ZFP36L1	0.0062230585675716
ZFP36L2	0.0932971789674492
ZFPL1	0.0737450565787508
ZFPM1	0.1132893365983367
ZFR	0.2035222218235088
ZFX	0.1399489811147383
ZFYVE21	0.0490227893493317
ZKSCAN1	0.0058201880560034
ZMAT3	0.0968238329976922
ZMAT5	0.2099801048976266
ZMYND19	0.0545227027018358
ZNF106	0.0116801698922624
ZNF131	0.0401655335078505
ZNF185	0.0687949461713679
ZNF22	0.0813234964194847
ZNF280D	0.0797586697671275
ZNF281	0.1516552121021981
ZNF302	0.0629364101886576
ZNF32	0.0888893156824047
ZNF326	0.018888747265819
ZNF37A	0.1119607940481429
ZNF444	0.0869254039843351
ZNF480	0.1395783606891757
ZNF518A	0.0284243976935985
ZNF524	0.1824856468155019
ZNF544	0.2980368138574274
ZNF576	0.1303860252612823
ZNF579	0.1754872124055036
ZNF581	0.054189455006623
ZNF622	0.0391425999159129
ZNF638	0.1133087321438526
ZNF652	0.0831915136196838
ZNF655	0.0299714743374476
ZNF664	0.0576189847798951
ZNF768	0.0103724925909794
ZNF770	0.1221942713299223
ZNF771	0.0407206670882986
ZNRD1	0.1128374538900448
ZNRF1	0.0604151198784086
ZP3	0.116906632019635
ZPR1	0.0893755296708893
ZRANB2	0.0434644365528157
ZWILCH	0.0354434506678305
ZWINT	0.0215408008200483
ZYX	0.046477888375427