912	1108	0.04797261
1037	1108	0.04797261
3	1109	0.027632454
4	1109	0.027632454
1109	1110	0.01415918
7	1110	0.01415918
1110	1111	0.00633052
1108	1111	0.00633052
8	1112	0.016895061
450	1112	0.016895061
1112	1113	0.01647253
503	1113	0.01647253
1113	1114	0.0124651985
429	1114	0.0124651985
1114	1115	0.011623548
478	1115	0.011623548
1115	1116	0.0077156276
611	1116	0.0077156276
1116	1117	0.0066810595
366	1117	0.0066810595
300	1118	0.008018139
876	1118	0.008018139
1117	1119	0.005972966
544	1119	0.005972966
1118	1120	0.0061863554
301	1120	0.0061863554
1119	1121	0.0059492663
1120	1121	0.0059492663
1027	1122	0.010968281
1028	1122	0.010968281
625	1123	0.010593781
1122	1123	0.010593781
10	1124	0.00959081
1123	1124	0.00959081
1124	1125	0.008646905
707	1125	0.008646905
1125	1126	0.008590325
627	1126	0.008590325
970	1127	0.0166402
971	1127	0.0166402
565	1128	0.013924611
1127	1128	0.013924611
1126	1129	0.007900754
706	1129	0.007900754
1129	1130	0.007230265
751	1130	0.007230265
505	1131	0.0074066278
813	1131	0.0074066278
1131	1132	0.0069602127
692	1132	0.0069602127
1132	1133	0.0068131983
1128	1133	0.0068131983
1133	1134	0.0065410594
506	1134	0.0065410594
1130	1135	0.006212066
1026	1135	0.006212066
1134	1136	0.006225906
636	1136	0.006225906
1135	1137	0.0061983825
1136	1137	0.0061983825
1137	1138	0.0058846273
242	1138	0.0058846273
288	1138	0.0058846273
1138	1139	0.0051874085
628	1139	0.0051874085
750	1139	0.0051874085
1139	1140	0.005170995
598	1140	0.005170995
1140	1141	0.00502651
868	1141	0.00502651
514	1142	0.02071475
660	1142	0.02071475
13	1143	0.018855963
1142	1143	0.018855963
438	1144	0.0077391723
1061	1144	0.0077391723
1143	1145	0.0069888635
1144	1145	0.0069888635
16	1146	0.03737991
41	1146	0.03737991
346	1146	0.03737991
21	1147	0.023677161
378	1147	0.023677161
1147	1148	0.020785684
542	1148	0.020785684
32	1149	0.018737562
33	1149	0.018737562
34	1150	0.02559063
35	1150	0.02559063
416	1151	0.026799696
422	1151	0.026799696
243	1152	0.025709854
1151	1152	0.025709854
1152	1153	0.023375133
1054	1153	0.023375133
1150	1154	0.016770422
36	1154	0.016770422
1149	1155	0.016435517
1154	1155	0.016435517
1155	1156	0.013470648
1153	1156	0.013470648
127	1157	0.013514636
795	1157	0.013514636
1156	1158	0.013323649
1157	1158	0.013323649
1158	1159	0.012296217
588	1159	0.012296217
1159	1160	0.012239146
37	1160	0.012239146
1160	1161	0.011290799
960	1161	0.011290799
1161	1162	0.010638873
1056	1162	0.010638873
1162	1163	0.010067725
663	1163	0.010067725
157	1164	0.023104759
191	1164	0.023104759
55	1165	0.02227678
1164	1165	0.02227678
1165	1166	0.020973517
339	1166	0.020973517
371	1167	0.020485446
372	1167	0.020485446
57	1168	0.0129627725
873	1168	0.0129627725
1167	1169	0.015009274
991	1169	0.015009274
1169	1170	0.013091491
377	1170	0.013091491
1168	1171	0.012182675
557	1171	0.012182675
1171	1172	0.01085257
1170	1172	0.01085257
92	1173	0.010019597
865	1173	0.010019597
107	1174	0.01732514
201	1174	0.01732514
1174	1175	0.013121378
200	1175	0.013121378
1175	1176	0.010117813
408	1176	0.010117813
182	1177	0.017877283
530	1177	0.017877283
1177	1178	0.017171722
183	1178	0.017171722
773	1179	0.021851193
897	1179	0.021851193
1179	1180	0.016842464
882	1180	0.016842464
535	1181	0.014960199
826	1181	0.014960199
222	1182	0.011765863
1181	1182	0.011765863
718	1183	0.011571157
1180	1183	0.011571157
1182	1184	0.010290431
1183	1184	0.010290431
1184	1185	0.009948352
818	1185	0.009948352
427	1186	0.03231425
428	1186	0.03231425
1186	1187	0.020987486
874	1187	0.020987486
241	1188	0.017258303
1187	1188	0.017258303
1188	1189	0.01404321
739	1189	0.01404321
1189	1190	0.012918
570	1190	0.012918
1190	1191	0.012166076
245	1191	0.012166076
1191	1192	0.011150363
559	1192	0.011150363
1192	1193	0.010197504
359	1193	0.010197504
414	1194	0.014926813
802	1194	0.014926813
1194	1195	0.014610009
674	1195	0.014610009
666	1196	0.033446837
709	1196	0.033446837
670	1197	0.010917076
713	1197	0.010917076
872	1198	0.019371277
925	1198	0.019371277
735	1199	0.013838371
1198	1199	0.013838371
746	1200	0.010393872
903	1200	0.010393872
1163	1201	0.009341668
587	1201	0.009341668
685	1202	0.009370075
1199	1202	0.009370075
1201	1203	0.00858131
1202	1203	0.00858131
1203	1204	0.0085103735
641	1204	0.0085103735
644	1204	0.0085103735
1148	1205	0.0075666406
476	1205	0.0075666406
1205	1206	0.0074933837
653	1206	0.0074933837
1204	1207	0.0076715276
880	1207	0.0076715276
1207	1208	0.007611227
940	1208	0.007611227
1208	1209	0.007360125
407	1209	0.007360125
1209	1210	0.0071920743
994	1210	0.0071920743
1206	1211	0.0067142965
1210	1211	0.0067142965
1172	1212	0.009155887
474	1212	0.009155887
1212	1213	0.0086045405
126	1213	0.0086045405
56	1214	0.00859497
1213	1214	0.00859497
1214	1215	0.008417296
349	1215	0.008417296
1215	1216	0.00700427
764	1216	0.00700427
1216	1217	0.0067418437
511	1217	0.0067418437
71	1218	0.008523091
1185	1218	0.008523091
1218	1219	0.006932291
1035	1219	0.006932291
1219	1220	0.006796755
909	1220	0.006796755
1173	1221	0.009228064
915	1221	0.009228064
1221	1222	0.006785824
917	1222	0.006785824
101	1223	0.007497853
1196	1223	0.007497853
1200	1224	0.008249551
902	1224	0.008249551
1176	1225	0.008110055
1224	1225	0.008110055
1225	1226	0.007029545
1077	1226	0.007029545
116	1227	0.009026494
605	1227	0.009026494
1227	1228	0.007846894
604	1228	0.007846894
1228	1229	0.0072395424
601	1229	0.0072395424
236	1230	0.009294858
237	1230	0.009294858
1230	1231	0.009113657
238	1231	0.009113657
1231	1232	0.009046233
239	1232	0.009046233
132	1233	0.007128041
1232	1233	0.007128041
796	1233	0.007128041
1233	1234	0.0070111006
493	1234	0.0070111006
495	1235	0.0091048945
932	1235	0.0091048945
508	1236	0.008671635
801	1236	0.008671635
491	1237	0.008542083
1235	1237	0.008542083
1237	1238	0.008324866
1236	1238	0.008324866
1195	1239	0.00817634
1238	1239	0.00817634
375	1240	0.0071745203
1239	1240	0.0071745203
1240	1241	0.0071545704
504	1241	0.0071545704
965	1242	0.008741672
1095	1242	0.008741672
1093	1243	0.007979844
1094	1243	0.007979844
1090	1244	0.006703339
1243	1244	0.006703339
1211	1245	0.00657973
1166	1245	0.00657973
1245	1246	0.0065775895
613	1246	0.0065775895
1246	1247	0.0065282607
589	1247	0.0065282607
1247	1248	0.0061204406
417	1248	0.0061204406
1248	1249	0.0060884478
1053	1249	0.0060884478
1249	1250	0.005828621
1226	1250	0.005828621
1250	1251	0.005752884
413	1251	0.005752884
373	1252	0.0066912123
1197	1252	0.0066912123
1217	1253	0.0061796955
1252	1253	0.0061796955
1241	1253	0.0061796955
537	1253	0.0061796955
1253	1254	0.0061414987
376	1254	0.0061414987
1254	1255	0.0060900515
309	1255	0.0060900515
1255	1256	0.0059792427
767	1256	0.0059792427
1222	1257	0.006478538
1242	1257	0.006478538
1257	1258	0.006262541
752	1258	0.006262541
1258	1259	0.0062576816
1244	1259	0.0062576816
1220	1260	0.0062419525
1259	1260	0.0062419525
1260	1261	0.0060972017
1091	1261	0.0060972017
1261	1262	0.006019385
979	1262	0.006019385
1262	1263	0.005875175
716	1263	0.005875175
104	1264	0.006176056
105	1264	0.006176056
1234	1265	0.005741886
1193	1265	0.005741886
548	1266	0.0058895512
549	1266	0.0058895512
1251	1267	0.0054817395
1264	1267	0.0054817395
1265	1267	0.0054817395
452	1267	0.0054817395
1229	1268	0.0056374497
934	1268	0.0056374497
1267	1269	0.005244273
612	1269	0.005244273
1269	1270	0.005238154
1268	1270	0.005238154
51	1271	0.0054998705
1266	1271	0.0054998705
1256	1272	0.005534937
728	1272	0.005534937
1271	1273	0.0052672247
1272	1273	0.0052672247
1263	1274	0.005413366
617	1274	0.005413366
1178	1275	0.005465306
741	1275	0.005465306
1275	1276	0.005263467
664	1276	0.005263467
1270	1277	0.005206009
1273	1277	0.005206009
1274	1277	0.005206009
459	1277	0.005206009
1277	1278	0.005107822
1055	1278	0.005107822
1278	1279	0.005041557
210	1279	0.005041557
1276	1280	0.005057683
572	1280	0.005057683
1146	1281	0.0049823956
1279	1281	0.0049823956
1223	1282	0.005023754
1280	1282	0.005023754
1281	1283	0.004957287
1282	1283	0.004957287
1283	1284	0.004941168
643	1284	0.004941168
1284	1285	0.0049105007
586	1285	0.0049105007
247	1286	0.029820971
543	1286	0.029820971
22	1287	0.026874084
87	1287	0.026874084
1286	1287	0.026874084
1287	1288	0.020594748
94	1288	0.020594748
23	1289	0.016596954
123	1289	0.016596954
850	1290	0.010466262
951	1290	0.010466262
1290	1291	0.010361031
1032	1291	0.010361031
259	1292	0.009527156
1291	1292	0.009527156
1289	1293	0.0077109993
743	1293	0.0077109993
1293	1294	0.006536716
1063	1294	0.006536716
221	1295	0.0071217823
564	1295	0.0071217823
285	1296	0.0058693457
462	1296	0.0058693457
1294	1297	0.005563798
1296	1297	0.005563798
1297	1298	0.0050168745
1295	1298	0.0050168745
1298	1299	0.0049206614
1292	1299	0.0049206614
1299	1300	0.004909119
282	1300	0.004909119
27	1301	0.0099547785
28	1301	0.0099547785
1301	1302	0.006771242
878	1302	0.006771242
1302	1303	0.0067498684
156	1303	0.0067498684
1303	1304	0.005894639
393	1304	0.005894639
1304	1305	0.0050438577
154	1305	0.0050438577
44	1306	0.016272197
390	1306	0.016272197
45	1307	0.016934408
758	1307	0.016934408
49	1308	0.0049938615
50	1308	0.0049938615
52	1309	0.016535781
208	1309	0.016535781
1309	1310	0.005345245
445	1310	0.005345245
1310	1311	0.0051208516
446	1311	0.0051208516
69	1312	0.005575054
640	1312	0.005575054
645	1312	0.005575054
1082	1312	0.005575054
888	1313	0.0076745404
928	1313	0.0076745404
558	1314	0.007381759
1313	1314	0.007381759
1314	1315	0.0068047326
929	1315	0.0068047326
745	1316	0.007871267
930	1316	0.007871267
490	1317	0.0062755016
1315	1317	0.0062755016
1317	1318	0.0061048414
1316	1318	0.0061048414
1318	1319	0.0059387498
822	1319	0.0059387498
70	1320	0.005598783
1319	1320	0.005598783
1320	1321	0.005393068
262	1321	0.005393068
1321	1322	0.005187467
769	1322	0.005187467
78	1323	0.0104395505
80	1323	0.0104395505
1323	1324	0.008644098
81	1324	0.008644098
1324	1325	0.006302587
79	1325	0.006302587
93	1326	0.015291251
733	1326	0.015291251
827	1327	0.006824544
828	1327	0.006824544
98	1328	0.0056298384
650	1328	0.0056298384
1328	1329	0.0049093137
1327	1329	0.0049093137
125	1330	0.010933523
1010	1330	0.010933523
293	1331	0.011780976
295	1331	0.011780976
1330	1332	0.010799956
1331	1332	0.010799956
1332	1333	0.010047105
255	1333	0.010047105
1333	1334	0.010019917
296	1334	0.010019917
1334	1335	0.009331155
975	1335	0.009331155
1335	1336	0.008124438
254	1336	0.008124438
1336	1337	0.0071637407
837	1337	0.0071637407
1337	1338	0.006320929
361	1338	0.006320929
1338	1339	0.0062401993
1088	1339	0.0062401993
115	1340	0.005477445
160	1340	0.005477445
1340	1341	0.0052535264
1339	1341	0.0052535264
122	1342	0.013279655
756	1342	0.013279655
1342	1343	0.011466842
757	1343	0.011466842
1343	1344	0.010508143
206	1344	0.010508143
117	1345	0.0098361485
1344	1345	0.0098361485
1345	1346	0.009574992
754	1346	0.009574992
1346	1347	0.007993876
249	1347	0.007993876
1347	1348	0.005978564
248	1348	0.005978564
1348	1349	0.0056984313
755	1349	0.0056984313
129	1350	0.0094707655
472	1350	0.0094707655
360	1351	0.013754023
1070	1351	0.013754023
130	1352	0.010393393
1351	1352	0.010393393
175	1353	0.010205259
178	1353	0.010205259
138	1354	0.0067074345
1353	1354	0.0067074345
198	1355	0.04683344
810	1355	0.04683344
1355	1356	0.03884153
809	1356	0.03884153
811	1356	0.03884153
1356	1357	0.035753384
593	1357	0.035753384
1357	1358	0.0060291323
686	1358	0.0060291323
224	1359	0.020942831
232	1359	0.020942831
1024	1360	0.019406702
1025	1360	0.019406702
394	1361	0.018738978
1360	1361	0.018738978
1361	1362	0.016188245
529	1362	0.016188245
1359	1363	0.011954287
229	1363	0.011954287
1362	1364	0.014615884
950	1364	0.014615884
1363	1365	0.009475784
1364	1365	0.009475784
1365	1366	0.0051443256
499	1366	0.0051443256
235	1367	0.008846714
351	1367	0.008846714
891	1368	0.007741382
946	1368	0.007741382
1367	1369	0.0073820064
1368	1369	0.0073820064
1369	1370	0.00643425
1030	1370	0.00643425
1370	1371	0.005787584
458	1371	0.005787584
1371	1372	0.0052782004
821	1372	0.0052782004
1372	1373	0.005026924
457	1373	0.005026924
252	1374	0.009386054
443	1374	0.009386054
1374	1375	0.008781095
297	1375	0.008781095
264	1376	0.009826609
993	1376	0.009826609
273	1377	0.005217001
274	1377	0.005217001
280	1378	0.0067629693
464	1378	0.0067629693
1378	1379	0.005437004
465	1379	0.005437004
1379	1380	0.005396249
420	1380	0.005396249
290	1381	0.010907648
539	1381	0.010907648
1046	1382	0.009342879
1050	1382	0.009342879
1381	1383	0.0066415933
405	1383	0.0066415933
289	1384	0.0061542513
1383	1384	0.0061542513
1384	1385	0.005702919
1382	1385	0.005702919
1385	1386	0.0056451242
541	1386	0.0056451242
1386	1387	0.0049441317
1047	1387	0.0049441317
517	1388	0.0102118235
518	1388	0.0102118235
1388	1389	0.0055677784
1101	1389	0.0055677784
292	1390	0.005172992
1389	1390	0.005172992
352	1391	0.006395252
354	1391	0.006395252
1100	1391	0.006395252
384	1392	0.0064019207
712	1392	0.0064019207
389	1393	0.0049732164
453	1393	0.0049732164
392	1394	0.033692293
501	1394	0.033692293
395	1395	0.0050545046
396	1395	0.0050545046
859	1396	0.011822724
1040	1396	0.011822724
398	1397	0.010718656
1396	1397	0.010718656
576	1398	0.0052962867
687	1398	0.0052962867
404	1399	0.0049259514
1398	1399	0.0049259514
439	1400	0.0058174552
609	1400	0.0058174552
448	1401	0.008756954
486	1401	0.008756954
1401	1402	0.004916584
556	1402	0.004916584
509	1403	0.009447358
748	1403	0.009447358
480	1404	0.00597581
1403	1404	0.00597581
1404	1405	0.004956122
569	1405	0.004956122
488	1406	0.008574894
955	1406	0.008574894
594	1407	0.016334554
998	1407	0.016334554
489	1408	0.011084487
1407	1408	0.011084487
498	1409	0.0119663235
620	1409	0.0119663235
1409	1410	0.009249747
619	1410	0.009249747
545	1411	0.005630463
714	1411	0.005630463
1411	1412	0.0051102336
701	1412	0.0051102336
596	1413	0.0061733387
738	1413	0.0061733387
546	1414	0.0052209045
1413	1414	0.0052209045
550	1415	0.015452528
843	1415	0.015452528
1415	1416	0.00745226
866	1416	0.00745226
654	1417	0.018224655
898	1417	0.018224655
632	1418	0.016940422
1417	1418	0.016940422
673	1419	0.006180646
923	1419	0.006180646
680	1420	0.0062418696
817	1420	0.0062418696
678	1421	0.0053882212
1420	1421	0.0053882212
1421	1422	0.0053137043
679	1422	0.0053137043
770	1423	0.013794758
845	1423	0.013794758
785	1424	0.006090151
789	1424	0.006090151
778	1425	0.006037681
1424	1425	0.006037681
1425	1426	0.0056447927
779	1426	0.0056447927
1426	1427	0.005128121
790	1427	0.005128121
839	1428	0.026757319
840	1428	0.026757319
875	1429	0.01807522
996	1429	0.01807522
962	1430	0.008389875
1107	1430	0.008389875
1033	1431	0.027914377
1034	1431	0.027914377
1038	1432	0.014509117
1039	1432	0.014509117
1141	1433	0.004639862
1308	1433	0.004639862
1433	1434	0.0045616655
68	1434	0.0045616655
1434	1435	0.004502372
1366	1435	0.004502372
1145	1436	0.004732354
362	1436	0.004732354
1436	1437	0.0044721523
152	1437	0.0044721523
153	1437	0.0044721523
1285	1438	0.0048818868
562	1438	0.0048818868
1438	1439	0.004836592
433	1439	0.004836592
1439	1440	0.0048253406
1412	1440	0.0048253406
1440	1441	0.004820271
639	1441	0.004820271
1441	1442	0.0047554118
475	1442	0.0047554118
1442	1443	0.004685121
510	1443	0.004685121
1443	1444	0.0046334923
492	1444	0.0046334923
1444	1445	0.0046257246
75	1445	0.0046257246
181	1445	0.0046257246
257	1445	0.0046257246
1445	1446	0.004556336
1387	1446	0.004556336
1446	1447	0.0045518945
205	1447	0.0045518945
1447	1448	0.0045167273
807	1448	0.0045167273
1448	1449	0.004516648
711	1449	0.004516648
1449	1450	0.0045144376
1341	1450	0.0045144376
1450	1451	0.0045008482
1306	1451	0.0045008482
1376	1452	0.004510523
992	1452	0.004510523
1451	1453	0.0044825166
374	1453	0.0044825166
1453	1454	0.0044774543
43	1454	0.0044774543
1373	1454	0.0044774543
1452	1454	0.0044774543
1422	1454	0.0044774543
1454	1455	0.004393822
1288	1455	0.004393822
1455	1456	0.004392732
986	1456	0.004392732
1456	1457	0.0043896385
1075	1457	0.0043896385
1457	1458	0.004369719
618	1458	0.004369719
1458	1459	0.00436067
563	1459	0.00436067
1459	1460	0.004346508
984	1460	0.004346508
1460	1461	0.004331897
1300	1461	0.004331897
1461	1462	0.0043005976
905	1462	0.0043005976
1305	1463	0.0048120753
1358	1463	0.0048120753
1463	1464	0.0043627424
937	1464	0.0043627424
1322	1465	0.004433277
1350	1465	0.004433277
246	1466	0.004522148
337	1466	0.004522148
1435	1467	0.004300376
1462	1467	0.004300376
1467	1468	0.004239848
1437	1468	0.004239848
1468	1469	0.004221874
765	1469	0.004221874
1469	1470	0.004218441
1390	1470	0.004218441
1470	1471	0.0042157453
42	1471	0.0042157453
1471	1472	0.0041762744
901	1472	0.0041762744
1472	1473	0.0041254107
358	1473	0.0041254107
555	1473	0.0041254107
1067	1473	0.0041254107
1473	1474	0.00412388
742	1474	0.00412388
1474	1475	0.0041080005
496	1475	0.0041080005
1475	1476	0.0040981784
1097	1476	0.0040981784
1476	1477	0.0040772078
1325	1477	0.0040772078
1477	1478	0.0040285774
1464	1478	0.0040285774
1478	1479	0.004012464
968	1479	0.004012464
1479	1480	0.004007825
606	1480	0.004007825
1349	1481	0.0040125414
568	1481	0.0040125414
1480	1482	0.0039988407
906	1482	0.0039988407
1482	1483	0.0039930646
1465	1483	0.0039930646
1483	1484	0.0039880215
1481	1484	0.0039880215
567	1484	0.0039880215
1484	1485	0.0039585494
145	1485	0.0039585494
1485	1486	0.0039483136
1060	1486	0.0039483136
1486	1487	0.0039324905
1329	1487	0.0039324905
1487	1488	0.0038937796
987	1488	0.0038937796
1488	1489	0.0038822505
487	1489	0.0038822505
1489	1490	0.0038734383
223	1490	0.0038734383
1490	1491	0.0038732372
1393	1491	0.0038732372
1491	1492	0.0038427748
1352	1492	0.0038427748
1492	1493	0.003839888
1423	1493	0.003839888
1493	1494	0.0038359652
113	1494	0.0038359652
1494	1495	0.0038211178
768	1495	0.0038211178
1495	1496	0.0038207287
1307	1496	0.0038207287
1496	1497	0.0037772642
1466	1497	0.0037772642
72	1498	0.0047373036
1018	1498	0.0047373036
168	1499	0.0038898392
204	1499	0.0038898392
1380	1500	0.0046395645
997	1500	0.0046395645
279	1501	0.0045015584
1500	1501	0.0045015584
1399	1502	0.0046334923
574	1502	0.0046334923
1502	1503	0.004543579
573	1503	0.004543579
1503	1504	0.0044002207
695	1504	0.0044002207
1405	1505	0.004481456
684	1505	0.004481456
479	1506	0.004215188
1505	1506	0.004215188
1506	1507	0.004114623
844	1507	0.004114623
1121	1508	0.0037598922
9	1508	0.0037598922
1508	1509	0.0036927676
367	1509	0.0036927676
1497	1510	0.003762937
665	1510	0.003762937
1510	1511	0.0037421538
25	1511	0.0037421538
1511	1512	0.003728369
133	1512	0.003728369
1512	1513	0.0036881526
1507	1513	0.0036881526
1513	1514	0.003664289
471	1514	0.003664289
1514	1515	0.003659759
142	1515	0.003659759
1515	1516	0.003657548
870	1516	0.003657548
1516	1517	0.0036547715
884	1517	0.0036547715
1517	1518	0.003641145
697	1518	0.003641145
1518	1519	0.0036217645
910	1519	0.0036217645
1509	1520	0.0036211149
1519	1520	0.0036211149
502	1521	0.0036105828
867	1521	0.0036105828
1520	1522	0.0035933137
724	1522	0.0035933137
1522	1523	0.0035370027
999	1523	0.0035370027
1523	1524	0.0035095578
957	1524	0.0035095578
1524	1525	0.0035059003
1071	1525	0.0035059003
1525	1526	0.0035039724
683	1526	0.0035039724
1012	1526	0.0035039724
1526	1527	0.0034764966
1521	1527	0.0034764966
1527	1528	0.0034640355
102	1528	0.0034640355
1528	1529	0.003454253
95	1529	0.003454253
1529	1530	0.003439188
147	1530	0.003439188
1530	1531	0.0034326008
48	1531	0.0034326008
1531	1532	0.003428424
467	1532	0.003428424
1532	1533	0.0034192365
330	1533	0.0034192365
1533	1534	0.003417676
696	1534	0.003417676
1534	1535	0.0034130476
1326	1535	0.0034130476
39	1536	0.0034442244
1377	1536	0.0034442244
1498	1537	0.00361898
451	1537	0.00361898
1537	1538	0.0034141594
803	1538	0.0034141594
1504	1539	0.0037023881
1428	1539	0.0037023881
369	1540	0.0035694223
1539	1540	0.0035694223
1430	1541	0.0034729186
1076	1541	0.0034729186
497	1542	0.0034270368
1541	1542	0.0034270368
1044	1543	0.0037424262
1049	1543	0.0037424262
1535	1544	0.0034126285
120	1544	0.0034126285
753	1544	0.0034126285
894	1544	0.0034126285
1544	1545	0.0033876118
90	1545	0.0033876118
1545	1546	0.0033763465
1501	1546	0.0033763465
1546	1547	0.0033584721
440	1547	0.0033584721
1547	1548	0.003356484
1543	1548	0.003356484
1548	1549	0.0033392354
334	1549	0.0033392354
1540	1550	0.0033828428
861	1550	0.0033828428
1550	1551	0.003351189
410	1551	0.003351189
1549	1552	0.0033266738
851	1552	0.0033266738
137	1553	0.003337487
1354	1553	0.003337487
1551	1553	0.003337487
1552	1554	0.0033178718
1553	1554	0.0033178718
1554	1555	0.0033092098
265	1555	0.0033092098
1555	1556	0.0032976216
469	1556	0.0032976216
1556	1557	0.0032834439
74	1557	0.0032834439
1538	1558	0.003303232
1499	1558	0.003303232
920	1559	0.003236415
921	1559	0.003236415
1557	1560	0.0032324358
76	1560	0.0032324358
1560	1561	0.0032233405
1069	1561	0.0032233405
1561	1562	0.0031555018
702	1562	0.0031555018
1562	1563	0.0031239204
1429	1563	0.0031239204
1563	1564	0.003119511
1542	1564	0.003119511
1558	1565	0.0031169988
1559	1565	0.0031169988
335	1566	0.0031216156
442	1566	0.0031216156
1564	1567	0.0030856116
1536	1567	0.0030856116
149	1567	0.0030856116
244	1567	0.0030856116
1567	1568	0.0030814016
943	1568	0.0030814016
1565	1569	0.0030966287
170	1569	0.0030966287
1568	1570	0.0030720772
1566	1570	0.0030720772
1570	1571	0.0030606668
948	1571	0.0030606668
1571	1572	0.003054052
1569	1572	0.003054052
59	1573	0.0048326026
1418	1573	0.0048326026
17	1574	0.004483823
1573	1574	0.004483823
20	1575	0.0031182247
77	1575	0.0031182247
1311	1576	0.003297755
53	1576	0.003297755
1427	1577	0.004404431
781	1577	0.004404431
1577	1578	0.0042440696
780	1578	0.0042440696
776	1579	0.0036090917
1578	1579	0.0036090917
1312	1580	0.0034192668
1579	1580	0.0034192668
415	1581	0.0045157275
1414	1581	0.0045157275
96	1582	0.0043477225
1581	1582	0.0043477225
1582	1583	0.004087006
473	1583	0.004087006
1583	1584	0.003237431
423	1584	0.003237431
106	1585	0.004854702
418	1585	0.004854702
1585	1586	0.003635099
391	1586	0.003635099
1394	1586	0.003635099
220	1587	0.0046850215
409	1587	0.0046850215
1375	1588	0.0031024632
1023	1588	0.0031024632
266	1589	0.0045939805
1086	1589	0.0045939805
1589	1590	0.0041888333
1083	1590	0.0041888333
1590	1591	0.0033740902
1432	1591	0.0033740902
313	1592	0.0041286573
314	1592	0.0041286573
1592	1593	0.0034661295
329	1593	0.0034661295
1593	1594	0.0030689782
319	1594	0.0030689782
1391	1595	0.0036266032
823	1595	0.0036266032
1400	1596	0.0033616815
1000	1596	0.0033616815
1596	1597	0.003293567
1001	1597	0.003293567
1597	1598	0.0031730584
1002	1598	0.0031730584
1402	1599	0.0037819867
1096	1599	0.0037819867
1599	1600	0.0037426336
1098	1600	0.0037426336
1408	1601	0.0037676808
595	1601	0.0037676808
1591	1602	0.0030203352
267	1602	0.0030203352
1602	1603	0.0029095465
1043	1603	0.0029095465
1073	1603	0.0029095465
263	1604	0.0028703108
1603	1604	0.0028703108
1604	1605	0.002776217
1595	1605	0.002776217
1605	1606	0.0027435464
287	1606	0.0027435464
2	1607	0.002719751
1606	1607	0.002719751
1607	1608	0.0026894424
347	1608	0.0026894424
1608	1609	0.002675916
1052	1609	0.002675916
1572	1610	0.0030501552
278	1610	0.0030501552
1610	1611	0.0030430544
1574	1611	0.0030430544
1611	1612	0.0030425526
988	1612	0.0030425526
1612	1613	0.0030347395
829	1613	0.0030347395
1613	1614	0.003031926
342	1614	0.003031926
1614	1615	0.003023639
635	1615	0.003023639
1419	1615	0.003023639
1615	1616	0.003020918
186	1616	0.003020918
1616	1617	0.003006026
139	1617	0.003006026
1617	1618	0.0029974675
603	1618	0.0029974675
1618	1619	0.0029863152
927	1619	0.0029863152
1619	1620	0.0029789465
1410	1620	0.0029789465
1620	1621	0.0029751866
1406	1621	0.0029751866
1621	1622	0.002964798
824	1622	0.002964798
1622	1623	0.0029633725
1575	1623	0.0029633725
1623	1624	0.0029470911
947	1624	0.0029470911
281	1625	0.0030348278
466	1625	0.0030348278
1625	1626	0.0030162334
461	1626	0.0030162334
1624	1627	0.0029399868
403	1627	0.0029399868
1627	1628	0.0029337886
1626	1628	0.0029337886
1628	1629	0.0029312319
938	1629	0.0029312319
1629	1630	0.0028943438
1580	1630	0.0028943438
914	1630	0.0028943438
1630	1631	0.002888076
1395	1631	0.002888076
1631	1632	0.002887
1586	1632	0.002887
1632	1633	0.002882671
527	1633	0.002882671
1633	1634	0.0028775167
516	1634	0.0028775167
1634	1635	0.0028612744
953	1635	0.0028612744
1635	1636	0.0028523451
719	1636	0.0028523451
1636	1637	0.0028163653
935	1637	0.0028163653
1637	1638	0.0028127255
677	1638	0.0028127255
1638	1639	0.002806701
889	1639	0.002806701
1639	1640	0.002806051
862	1640	0.002806051
1640	1641	0.0028054065
577	1641	0.0028054065
1641	1642	0.0027939398
179	1642	0.0027939398
1642	1643	0.0027868012
561	1643	0.0027868012
1643	1644	0.0027828154
747	1644	0.0027828154
1644	1645	0.0027724346
958	1645	0.0027724346
1645	1646	0.0027596839
1584	1646	0.0027596839
1646	1647	0.002753787
791	1647	0.002753787
1647	1648	0.0027531632
1598	1648	0.0027531632
1648	1649	0.002739965
1078	1649	0.002739965
1649	1650	0.0027395156
691	1650	0.0027395156
1650	1651	0.0027383314
40	1651	0.0027383314
1587	1651	0.0027383314
1651	1652	0.0027364825
723	1652	0.0027364825
1652	1653	0.0027112302
299	1653	0.0027112302
1653	1654	0.0027100246
1059	1654	0.0027100246
1654	1655	0.0027043908
91	1655	0.0027043908
1655	1656	0.0026959165
1600	1656	0.0026959165
1656	1657	0.0026912964
922	1657	0.0026912964
1657	1658	0.0026885916
1601	1658	0.0026885916
1111	1659	0.0026703854
1658	1659	0.0026703854
1392	1659	0.0026703854
911	1659	0.0026703854
1659	1660	0.002656804
995	1660	0.002656804
321	1661	0.0028585484
324	1661	0.0028585484
1661	1662	0.002765722
322	1662	0.002765722
538	1663	0.0027090993
1084	1663	0.0027090993
1660	1664	0.002614775
194	1664	0.002614775
1664	1665	0.002610278
1576	1665	0.002610278
1665	1666	0.002595052
966	1666	0.002595052
1666	1667	0.002571452
225	1667	0.002571452
1667	1668	0.0025702277
533	1668	0.0025702277
1668	1669	0.0025690107
425	1669	0.0025690107
1669	1670	0.002562671
400	1670	0.002562671
1670	1671	0.002548968
669	1671	0.002548968
1671	1672	0.0025348556
1594	1672	0.0025348556
1662	1672	0.0025348556
1416	1673	0.0025439113
1431	1673	0.0025439113
1672	1674	0.00253337
203	1674	0.00253337
1674	1675	0.002525749
904	1675	0.002525749
1675	1676	0.0025094538
1673	1676	0.0025094538
1676	1677	0.0024809465
694	1677	0.0024809465
1609	1678	0.0024625538
1677	1678	0.0024625538
167	1678	0.0024625538
575	1678	0.0024625538
1678	1679	0.002460834
184	1679	0.002460834
1679	1680	0.0024521737
864	1680	0.0024521737
1680	1681	0.002450826
454	1681	0.002450826
1681	1682	0.00244769
317	1682	0.00244769
1682	1683	0.0024426046
608	1683	0.0024426046
863	1683	0.0024426046
1683	1684	0.0024407876
793	1684	0.0024407876
1684	1685	0.0024400568
345	1685	0.0024400568
1685	1686	0.0024375266
652	1686	0.0024375266
1686	1687	0.002434077
231	1687	0.002434077
1687	1688	0.0024212576
890	1688	0.0024212576
1688	1689	0.0024161795
523	1689	0.0024161795
1689	1690	0.0024110787
879	1690	0.0024110787
1690	1691	0.0024094896
1397	1691	0.0024094896
1691	1692	0.0023939104
939	1692	0.0023939104
1692	1693	0.0023874796
853	1693	0.0023874796
1693	1694	0.0023750567
144	1694	0.0023750567
1694	1695	0.0023743045
722	1695	0.0023743045
1695	1696	0.0023732453
388	1696	0.0023732453
1696	1697	0.002370938
656	1697	0.002370938
1697	1698	0.0023667968
1663	1698	0.0023667968
597	1698	0.0023667968
1698	1699	0.0023621137
560	1699	0.0023621137
1699	1700	0.002342816
1588	1700	0.002342816
256	1700	0.002342816
1700	1701	0.0023414746
521	1701	0.0023414746
1701	1702	0.0023343468
734	1702	0.0023343468
1702	1703	0.0023249828
982	1703	0.0023249828
1703	1704	0.0023218528
607	1704	0.0023218528
1704	1705	0.0023145485
411	1705	0.0023145485
1705	1706	0.0023067445
784	1706	0.0023067445
1706	1707	0.002305634
108	1707	0.002305634
15	1708	0.0049664127
989	1708	0.0049664127
24	1709	0.015470958
1008	1709	0.015470958
1709	1710	0.010429685
88	1710	0.010429685
1710	1711	0.0075735482
189	1711	0.0075735482
1711	1712	0.0045418553
432	1712	0.0045418553
30	1713	0.006412115
698	1713	0.006412115
657	1714	0.015744863
860	1714	0.015744863
46	1715	0.0025969762
1714	1715	0.0025969762
65	1716	0.01435522
841	1716	0.01435522
1716	1717	0.014019143
842	1717	0.014019143
64	1718	0.011850462
1717	1718	0.011850462
1718	1719	0.011047002
833	1719	0.011047002
1719	1720	0.006626587
831	1720	0.006626587
67	1721	0.0037730963
846	1721	0.0037730963
82	1722	0.012896405
689	1722	0.012896405
110	1723	0.0036049034
111	1723	0.0036049034
141	1724	0.0043727327
634	1724	0.0043727327
980	1725	0.003283526
981	1725	0.003283526
202	1726	0.0032177619
1725	1726	0.0032177619
211	1727	0.004465377
667	1727	0.004465377
215	1728	0.0053434153
216	1728	0.0053434153
964	1729	0.0043668165
1074	1729	0.0043668165
219	1730	0.004209083
1729	1730	0.004209083
763	1731	0.0042538857
871	1731	0.0042538857
552	1732	0.0038885619
1731	1732	0.0038885619
230	1733	0.0031776503
1732	1733	0.0031776503
332	1734	0.030479074
333	1734	0.030479074
270	1735	0.017317636
1734	1735	0.017317636
341	1735	0.017317636
1735	1736	0.012298758
1064	1736	0.012298758
1736	1737	0.00275491
661	1737	0.00275491
310	1738	0.010266267
311	1738	0.010266267
1738	1739	0.0098685445
630	1739	0.0098685445
348	1740	0.023940828
368	1740	0.023940828
402	1741	0.0040257345
1017	1741	0.0040257345
1741	1742	0.0025526837
1015	1742	0.0025526837
419	1743	0.01792763
1007	1743	0.01792763
1743	1744	0.01614869
772	1744	0.01614869
434	1745	0.003022994
435	1745	0.003022994
483	1746	0.011116222
484	1746	0.011116222
1746	1747	0.0032487763
1031	1747	0.0032487763
519	1748	0.0057129757
524	1748	0.0057129757
721	1748	0.0057129757
553	1749	0.027191317
1011	1749	0.027191317
1749	1750	0.02261569
961	1750	0.02261569
571	1751	0.0023921786
616	1751	0.0023921786
622	1752	0.02710576
623	1752	0.02710576
1752	1753	0.018081736
983	1753	0.018081736
621	1754	0.008113161
1753	1754	0.008113161
675	1755	0.010741017
1072	1755	0.010741017
715	1756	0.05063039
808	1756	0.05063039
730	1757	0.049401402
832	1757	0.049401402
885	1758	0.038838323
1080	1758	0.038838323
1758	1759	0.0089731235
931	1759	0.0089731235
977	1760	0.04043482
978	1760	0.04043482
1057	1761	0.0025501843
1058	1761	0.0025501843
1707	1762	0.0022940862
1728	1762	0.0022940862
886	1762	0.0022940862
1762	1763	0.0022931087
1006	1763	0.0022931087
1763	1764	0.0022831075
1761	1764	0.0022831075
1764	1765	0.0022828542
192	1765	0.0022828542
1765	1766	0.0022803836
302	1766	0.0022803836
1766	1767	0.002275467
97	1767	0.002275467
193	1767	0.002275467
1767	1768	0.002270994
852	1768	0.002270994
583	1769	0.0022904952
584	1769	0.0022904952
1768	1770	0.0022422248
528	1770	0.0022422248
1770	1771	0.0022076564
936	1771	0.0022076564
972	1771	0.0022076564
1771	1772	0.0022006347
877	1772	0.0022006347
1772	1773	0.0021847691
658	1773	0.0021847691
1773	1774	0.0021663005
336	1774	0.0021663005
1774	1775	0.0021650312
1733	1775	0.0021650312
1775	1776	0.0021534716
659	1776	0.0021534716
1776	1777	0.002148316
1769	1777	0.002148316
1712	1778	0.0021615184
1739	1778	0.0021615184
1747	1778	0.0021615184
812	1778	0.0021615184
1713	1779	0.0022274181
31	1779	0.0022274181
150	1780	0.002180785
967	1780	0.002180785
1777	1781	0.0021390647
218	1781	0.0021390647
1781	1782	0.0021281738
1727	1782	0.0021281738
671	1782	0.0021281738
1782	1783	0.0021264758
1756	1783	0.0021264758
1783	1784	0.0021216397
1779	1784	0.0021216397
1784	1785	0.002108348
174	1785	0.002108348
1785	1786	0.0020957466
662	1786	0.0020957466
1786	1787	0.0020792366
1089	1787	0.0020792366
1787	1788	0.0020543784
1778	1788	0.0020543784
159	1788	0.0020543784
525	1788	0.0020543784
676	1788	0.0020543784
1788	1789	0.002052972
356	1789	0.002052972
1789	1790	0.002042194
1780	1790	0.002042194
1790	1791	0.0020200599
437	1791	0.0020200599
1791	1792	0.002012345
233	1792	0.002012345
1792	1793	0.0019893823
847	1793	0.0019893823
1793	1794	0.001988067
566	1794	0.001988067
1794	1795	0.0019801646
1722	1795	0.0019801646
1795	1796	0.0019749228
869	1796	0.0019749228
1796	1797	0.0019743983
705	1797	0.0019743983
1797	1798	0.0019735908
355	1798	0.0019735908
1068	1798	0.0019735908
1798	1799	0.001966533
976	1799	0.001966533
1799	1800	0.0019637311
143	1800	0.0019637311
1800	1801	0.0019593658
919	1801	0.0019593658
1801	1802	0.001958357
1745	1802	0.001958357
1802	1803	0.0019529401
990	1803	0.0019529401
1803	1804	0.0019526758
83	1804	0.0019526758
1804	1805	0.0019432589
269	1805	0.0019432589
1805	1806	0.0019403666
1748	1806	0.0019403666
1806	1807	0.0019298749
187	1807	0.0019298749
1807	1808	0.0019203821
759	1808	0.0019203821
1808	1809	0.001912329
507	1809	0.001912329
1809	1810	0.0019070603
727	1810	0.0019070603
1810	1811	0.0019050994
699	1811	0.0019050994
1811	1812	0.0019008497
1019	1812	0.0019008497
1812	1813	0.0018920292
406	1813	0.0018920292
1813	1814	0.001878401
14	1814	0.001878401
1814	1815	0.0018609766
1721	1815	0.0018609766
385	1816	0.0019139153
1081	1816	0.0019139153
1815	1817	0.001856068
62	1817	0.001856068
1817	1818	0.0018367174
887	1818	0.0018367174
1818	1819	0.0018361219
578	1819	0.0018361219
1819	1820	0.0018311637
581	1820	0.0018311637
1820	1821	0.0018308588
456	1821	0.0018308588
1821	1822	0.0018283884
949	1822	0.0018283884
1822	1823	0.0018194919
918	1823	0.0018194919
1823	1824	0.0018187738
312	1824	0.0018187738
1824	1825	0.0018166908
814	1825	0.0018166908
1825	1826	0.0018024696
325	1826	0.0018024696
1826	1827	0.0017894577
783	1827	0.0017894577
1827	1828	0.0017774964
1816	1828	0.0017774964
1079	1828	0.0017774964
1828	1829	0.0017737845
708	1829	0.0017737845
1829	1830	0.0017709979
896	1830	0.0017709979
1830	1831	0.001765723
477	1831	0.001765723
1831	1832	0.0017573233
1740	1832	0.0017573233
1832	1833	0.0017504254
326	1833	0.0017504254
1744	1834	0.0018412523
913	1834	0.0018412523
431	1835	0.0017930837
633	1835	0.0017930837
1833	1836	0.0017457096
379	1836	0.0017457096
1836	1837	0.0017291394
412	1837	0.0017291394
1837	1838	0.0017051875
599	1838	0.0017051875
1838	1839	0.0016953797
585	1839	0.0016953797
1839	1840	0.0016856646
73	1840	0.0016856646
1840	1841	0.0016856042
481	1841	0.0016856042
1841	1842	0.001684835
762	1842	0.001684835
1842	1843	0.0016814736
974	1843	0.0016814736
1843	1844	0.0016800497
854	1844	0.0016800497
1844	1845	0.0016785687
1048	1845	0.0016785687
1845	1846	0.0016775187
642	1846	0.0016775187
1846	1847	0.0016714917
89	1847	0.0016714917
1847	1848	0.0016585196
916	1848	0.0016585196
1848	1849	0.0016526055
1004	1849	0.0016526055
1849	1850	0.0016493602
700	1850	0.0016493602
1850	1851	0.0016453922
212	1851	0.0016453922
1851	1852	0.0016422782
1760	1852	0.0016422782
1852	1853	0.0016342961
1737	1853	0.0016342961
1853	1854	0.0016251679
397	1854	0.0016251679
1854	1855	0.0016220165
463	1855	0.0016220165
1855	1856	0.0016187362
1726	1856	0.0016187362
1856	1857	0.0016067355
1751	1857	0.0016067355
1857	1858	0.0016067221
526	1858	0.0016067221
1858	1859	0.0015725917
121	1859	0.0015725917
1859	1860	0.0015533611
582	1860	0.0015533611
1860	1861	0.0015409105
12	1861	0.0015409105
1861	1862	0.0015345169
253	1862	0.0015345169
1862	1863	0.0015300624
261	1863	0.0015300624
1863	1864	0.0015286496
1750	1864	0.0015286496
1864	1865	0.0015279736
197	1865	0.0015279736
1865	1866	0.0015218474
399	1866	0.0015218474
1866	1867	0.0015064497
804	1867	0.0015064497
1867	1868	0.0015004064
614	1868	0.0015004064
1868	1869	0.0014895154
271	1869	0.0014895154
1869	1870	0.0014874139
1014	1870	0.0014874139
1870	1871	0.0014650833
849	1871	0.0014650833
1871	1872	0.0014605791
148	1872	0.0014605791
1872	1873	0.0014585995
893	1873	0.0014585995
1873	1874	0.001456557
328	1874	0.001456557
1874	1875	0.0014546375
331	1875	0.0014546375
1875	1876	0.0014544107
1742	1876	0.0014544107
1876	1877	0.0014538743
494	1877	0.0014538743
1877	1878	0.001452095
500	1878	0.001452095
1878	1879	0.0014434498
1834	1879	0.0014434498
1879	1880	0.0014287408
250	1880	0.0014287408
1880	1881	0.0014255052
1730	1881	0.0014255052
1881	1882	0.0014176188
786	1882	0.0014176188
1882	1883	0.0014132597
1835	1883	0.0014132597
1883	1884	0.0014130466
190	1884	0.0014130466
520	1884	0.0014130466
188	1885	0.001828505
512	1885	0.001828505
1884	1886	0.0014041552
365	1886	0.0014041552
1886	1887	0.0014033025
732	1887	0.0014033025
1887	1888	0.0014017727
805	1888	0.0014017727
1888	1889	0.0013977964
196	1889	0.0013977964
1889	1890	0.0013938317
158	1890	0.0013938317
1890	1891	0.0013894658
615	1891	0.0013894658
1891	1892	0.0013840735
1757	1892	0.0013840735
1892	1893	0.0013805812
268	1893	0.0013805812
1893	1894	0.0013804749
277	1894	0.0013804749
1894	1895	0.0013651061
140	1895	0.0013651061
1895	1896	0.0013622069
1020	1896	0.0013622069
1896	1897	0.0013502997
124	1897	0.0013502997
234	1897	0.0013502997
1897	1898	0.0013495533
228	1898	0.0013495533
1898	1899	0.0013477112
283	1899	0.0013477112
1899	1900	0.0013454639
1106	1900	0.0013454639
1900	1901	0.0013383396
118	1901	0.0013383396
1901	1902	0.0013315737
792	1902	0.0013315737
1902	1903	0.0013097022
214	1903	0.0013097022
1903	1904	0.0013042024
531	1904	0.0013042024
1904	1905	0.0013014905
924	1905	0.0013014905
1905	1906	0.0012967008
647	1906	0.0012967008
308	1907	0.0013748717
944	1907	0.0013748717
1906	1908	0.0012930094
1885	1908	0.0012930094
1908	1909	0.0012920807
66	1909	0.0012920807
1909	1910	0.0012898288
638	1910	0.0012898288
1910	1911	0.0012823967
353	1911	0.0012823967
1911	1912	0.0012774091
835	1912	0.0012774091
1912	1913	0.0012639739
1759	1913	0.0012639739
1913	1914	0.0012599587
146	1914	0.0012599587
1914	1915	0.0012531364
1715	1915	0.0012531364
1915	1916	0.0012462693
710	1916	0.0012462693
1916	1917	0.0012433135
60	1917	0.0012433135
100	1917	0.0012433135
1907	1917	0.0012433135
1917	1918	0.0012389974
84	1918	0.0012389974
1918	1919	0.0012385808
682	1919	0.0012385808
1919	1920	0.0012098878
907	1920	0.0012098878
985	1920	0.0012098878
1920	1921	0.0011994129
899	1921	0.0011994129
1921	1922	0.0011757772
651	1922	0.0011757772
1922	1923	0.0011615454
655	1923	0.0011615454
1923	1924	0.0011452279
61	1924	0.0011452279
1924	1925	0.0011436694
941	1925	0.0011436694
1925	1926	0.0011424934
172	1926	0.0011424934
1926	1927	0.0011286894
47	1927	0.0011286894
1927	1928	0.0011203265
444	1928	0.0011203265
1928	1929	0.0011193228
534	1929	0.0011193228
1929	1930	0.0010922652
1099	1930	0.0010922652
1930	1931	0.0010868083
592	1931	0.0010868083
1931	1932	0.001082663
155	1932	0.001082663
1932	1933	0.001078487
1755	1933	0.001078487
1933	1934	0.001070558
401	1934	0.001070558
1934	1935	0.0010690785
536	1935	0.0010690785
1935	1936	0.0010583696
1754	1936	0.0010583696
1936	1937	0.001049512
1724	1937	0.001049512
1937	1938	0.0010423672
1066	1938	0.0010423672
1938	1939	0.0010356078
1045	1939	0.0010356078
1939	1940	0.0010194004
327	1940	0.0010194004
1940	1941	0.001016352
58	1941	0.001016352
1941	1942	0.0010155533
1720	1942	0.0010155533
1942	1943	0.0010130941
1029	1943	0.0010130941
1943	1944	0.001006086
1005	1944	0.001006086
1944	1945	0.0010040856
908	1945	0.0010040856
1945	1946	0.0010026644
447	1946	0.0010026644
1946	1947	0.000996435
1708	1947	0.000996435
1947	1948	0.000992086
38	1948	0.000992086
430	1948	0.000992086
1948	1949	0.0009818447
540	1949	0.0009818447
1949	1950	0.00097422913
1723	1950	0.00097422913
1950	1951	0.0009719994
725	1951	0.0009719994
1951	1952	0.0009650741
1013	1952	0.0009650741
1952	1953	0.00096111913
128	1953	0.00096111913
942	1953	0.00096111913
99	1954	0.031124879
303	1954	0.031124879
18	1955	0.005010781
1954	1955	0.005010781
54	1956	0.0022566926
426	1956	0.0022566926
1956	1957	0.0014343798
771	1957	0.0014343798
163	1958	0.0012719714
166	1958	0.0012719714
162	1959	0.0009767102
1958	1959	0.0009767102
164	1960	0.013192116
834	1960	0.013192116
1960	1961	0.0023491932
165	1961	0.0023491932
276	1962	0.031770743
892	1962	0.031770743
1962	1963	0.009574171
1087	1963	0.009574171
340	1964	0.002386673
668	1964	0.002386673
382	1965	0.039622206
1036	1965	0.039622206
363	1966	0.032345597
1965	1966	0.032345597
681	1967	0.029670723
797	1967	0.029670723
717	1968	0.031057892
798	1968	0.031057892
1953	1969	0.00094716874
169	1969	0.00094716874
1969	1970	0.00094254734
703	1970	0.00094254734
1970	1971	0.00093865325
1009	1971	0.00093865325
1971	1972	0.00092788006
1957	1972	0.00092788006
513	1972	0.00092788006
1972	1973	0.0009236855
631	1973	0.0009236855
1973	1974	0.00091938674
963	1974	0.00091938674
1974	1975	0.00091582985
291	1975	0.00091582985
1975	1976	0.0009073991
240	1976	0.0009073991
1976	1977	0.0009058763
455	1977	0.0009058763
1977	1978	0.0008895113
482	1978	0.0008895113
532	1978	0.0008895113
1102	1978	0.0008895113
1978	1979	0.00087830727
704	1979	0.00087830727
1979	1980	0.0008776333
591	1980	0.0008776333
1980	1981	0.0008702289
387	1981	0.0008702289
1981	1982	0.0008668763
131	1982	0.0008668763
1982	1983	0.0008661191
29	1983	0.0008661191
1983	1984	0.0008626822
637	1984	0.0008626822
1984	1985	0.0008578687
386	1985	0.0008578687
1985	1986	0.00085284375
858	1986	0.00085284375
1986	1987	0.0008460217
323	1987	0.0008460217
1987	1988	0.0008433574
251	1988	0.0008433574
1988	1989	0.00084159675
959	1989	0.00084159675
1989	1990	0.0008359952
381	1990	0.0008359952
1990	1991	0.00083480333
688	1991	0.00083480333
1991	1992	0.00083383085
1964	1992	0.00083383085
1992	1993	0.0008282975
624	1993	0.0008282975
1993	1994	0.0008106875
1104	1994	0.0008106875
1994	1995	0.0008067984
260	1995	0.0008067984
1995	1996	0.00080571935
114	1996	0.00080571935
1996	1997	0.00080475456
1955	1997	0.00080475456
1997	1998	0.00080061704
315	1998	0.00080061704
1998	1999	0.0007955987
176	1999	0.0007955987
1999	2000	0.0007929165
690	2000	0.0007929165
2000	2001	0.0007871427
649	2001	0.0007871427
2001	2002	0.0007652218
344	2002	0.0007652218
364	2002	0.0007652218
554	2002	0.0007652218
2002	2003	0.0007598929
848	2003	0.0007598929
2003	2004	0.0007525746
787	2004	0.0007525746
2004	2005	0.0007500486
736	2005	0.0007500486
2005	2006	0.0007395843
926	2006	0.0007395843
2006	2007	0.0007342755
227	2007	0.0007342755
2007	2008	0.0007317812
775	2008	0.0007317812
2008	2009	0.00073129556
19	2009	0.00073129556
2009	2010	0.0007310005
209	2010	0.0007310005
2010	2011	0.0007113464
816	2011	0.0007113464
1003	2011	0.0007113464
2011	2012	0.00070142245
600	2012	0.00070142245
85	2013	0.0007485802
800	2013	0.0007485802
1959	2014	0.0008421975
945	2014	0.0008421975
2014	2015	0.00082876236
1961	2015	0.00082876236
2012	2016	0.00069040473
63	2016	0.00069040473
2016	2017	0.00068849797
954	2017	0.00068849797
2017	2018	0.0006792457
320	2018	0.0006792457
2018	2019	0.0006740686
646	2019	0.0006740686
2019	2020	0.0006694853
720	2020	0.0006694853
2020	2021	0.00066530454
1065	2021	0.00066530454
2021	2022	0.0006611495
424	2022	0.0006611495
2022	2023	0.00066071475
1968	2023	0.00066071475
2023	2024	0.00065481244
350	2024	0.00065481244
2024	2025	0.000653338
6	2025	0.000653338
2025	2026	0.0006513566
729	2026	0.0006513566
2026	2027	0.00064911076
881	2027	0.00064911076
2027	2028	0.0006451588
815	2028	0.0006451588
2028	2029	0.00064492336
449	2029	0.00064492336
579	2029	0.00064492336
2029	2030	0.0006441475
737	2030	0.0006441475
2030	2031	0.00063520623
900	2031	0.00063520623
2031	2032	0.00062924274
11	2032	0.00062924274
2032	2033	0.00062813505
357	2033	0.00062813505
2033	2034	0.0006202287
383	2034	0.0006202287
2034	2035	0.0006160853
590	2035	0.0006160853
2035	2036	0.0006148821
648	2036	0.0006148821
2036	2037	0.0006113026
857	2037	0.0006113026
2037	2038	0.00060676667
460	2038	0.00060676667
2038	2039	0.00060612126
522	2039	0.00060612126
2039	2040	0.0005895528
318	2040	0.0005895528
2040	2041	0.0005823761
2015	2041	0.0005823761
2041	2042	0.0005756066
799	2042	0.0005756066
1016	2042	0.0005756066
2042	2043	0.0005673087
119	2043	0.0005673087
2043	2044	0.0005611513
1062	2044	0.0005611513
2044	2045	0.00055818557
2013	2045	0.00055818557
2045	2046	0.0005394203
973	2046	0.0005394203
2046	2047	0.00053704507
485	2047	0.00053704507
2047	2048	0.0005315016
855	2048	0.0005315016
933	2049	0.0006905374
956	2049	0.0006905374
2048	2050	0.0005307803
161	2050	0.0005307803
2050	2051	0.0005269064
213	2051	0.0005269064
2051	2052	0.00052516797
547	2052	0.00052516797
2052	2053	0.00051421643
760	2053	0.00051421643
2053	2054	0.00050742034
819	2054	0.00050742034
2054	2055	0.0005012721
109	2055	0.0005012721
2055	2056	0.000497461
838	2056	0.000497461
2056	2057	0.00048623089
307	2057	0.00048623089
1963	2058	0.00048579578
1966	2058	0.00048579578
2057	2059	0.00047545257
761	2059	0.00047545257
2059	2060	0.0004572387
275	2060	0.0004572387
2060	2061	0.0004567575
136	2061	0.0004567575
2061	2062	0.00045531619
436	2062	0.00045531619
2062	2063	0.00045401062
135	2063	0.00045401062
2063	2064	0.00045204195
195	2064	0.00045204195
2064	2065	0.00044876416
749	2065	0.00044876416
820	2065	0.00044876416
2065	2066	0.00044363993
2058	2066	0.00044363993
380	2066	0.00044363993
2066	2067	0.0004430339
580	2067	0.0004430339
2067	2068	0.00043767152
836	2068	0.00043767152
1092	2068	0.00043767152
2068	2069	0.00043348598
2049	2069	0.00043348598
2069	2070	0.00043314917
731	2070	0.00043314917
2070	2071	0.00042462174
286	2071	0.00042462174
1	2072	0.00042301885
2071	2072	0.00042301885
2072	2073	0.0004218029
1967	2073	0.0004218029
2073	2074	0.00041889772
306	2074	0.00041889772
338	2074	0.00041889772
343	2074	0.00041889772
895	2074	0.00041889772
2074	2075	0.00041240375
551	2075	0.00041240375
2075	2076	0.00040965606
1051	2076	0.00040965606
2076	2077	0.00040853693
441	2077	0.00040853693
2077	2078	0.00039034756
626	2078	0.00039034756
2078	2079	0.00039029017
806	2079	0.00039029017
2079	2080	0.0003868892
470	2080	0.0003868892
2080	2081	0.00038612558
468	2081	0.00038612558
2081	2082	0.0003700285
103	2082	0.0003700285
2082	2083	0.0003668065
370	2083	0.0003668065
2083	2084	0.00036460004
610	2084	0.00036460004
2084	2085	0.00036364654
515	2085	0.00036364654
672	2085	0.00036364654
2085	2086	0.00035965085
298	2086	0.00035965085
2086	2087	0.00035137412
226	2087	0.00035137412
2087	2088	0.00034911602
177	2088	0.00034911602
2088	2089	0.00033288516
173	2089	0.00033288516
2089	2090	0.0003185245
185	2090	0.0003185245
2090	2091	0.00031584105
171	2091	0.00031584105
2091	2092	0.00031192167
740	2092	0.00031192167
2092	2093	0.00030751026
629	2093	0.00030751026
2093	2094	0.0003074311
86	2094	0.0003074311
2094	2095	0.0003005857
774	2095	0.0003005857
2095	2096	0.00029790524
207	2096	0.00029790524
2096	2097	0.00029546375
421	2097	0.00029546375
2097	2098	0.0002844311
1041	2098	0.0002844311
2098	2099	0.00024676474
794	2099	0.00024676474
2099	2100	0.0002463473
151	2100	0.0002463473
2100	2101	0.00024193306
284	2101	0.00024193306
2101	2102	0.00023328897
305	2102	0.00023328897
2102	2103	0.00022625673
1085	2103	0.00022625673
2103	2104	0.00021988187
726	2104	0.00021988187
2104	2105	0.00021463726
26	2105	0.00021463726
258	2105	0.00021463726
1022	2105	0.00021463726
1105	2105	0.00021463726
2105	2106	0.00019037923
217	2106	0.00019037923
2106	2107	0.00019019652
883	2107	0.00019019652
2107	2108	0.00018918469
5	2108	0.00018918469
2108	2109	0.00018346643
744	2109	0.00018346643
2109	2110	0.00017756158
294	2110	0.00017756158
2110	2111	0.0001730917
693	2111	0.0001730917
2111	2112	0.00016594018
830	2112	0.00016594018
2112	2113	0.0001612337
134	2113	0.0001612337
2113	2114	0.00015497094
766	2114	0.00015497094
2114	2115	0.00015121787
272	2115	0.00015121787
2115	2116	0.0001448954
602	2116	0.0001448954
2116	2117	0.00013810243
112	2117	0.00013810243
2117	2118	0.00013494343
788	2118	0.00013494343
2118	2119	0.00012993847
180	2119	0.00012993847
2119	2120	0.00012975957
316	2120	0.00012975957
2120	2121	8.434072e-05
1021	2121	8.434072e-05
2121	2122	8.380388e-05
825	2122	8.380388e-05
2122	2123	8.219457e-05
1103	2123	8.219457e-05
2123	2124	5.6505072e-05
856	2124	5.6505072e-05
2124	2125	5.042606e-05
782	2125	5.042606e-05
2125	2126	5.030646e-05
969	2126	5.030646e-05
2126	2127	3.3736287e-05
304	2127	3.3736287e-05
2127	2128	1.8954232e-05
199	2128	1.8954232e-05
2128	2129	8.583034e-06
1042	2129	8.583034e-06
2129	2130	5.0664e-06
777	2130	5.0664e-06
2130	2131	1.3709057e-06
952	2131	1.3709057e-06