429	1108	0.020276925
450	1108	0.020276925
367	1109	0.016309582
1108	1109	0.016309582
301	1110	0.0124827875
876	1110	0.0124827875
1109	1111	0.012994058
478	1111	0.012994058
300	1112	0.012020541
1110	1112	0.012020541
1112	1113	0.012004391
1111	1113	0.012004391
8	1114	0.009796454
1113	1114	0.009796454
1114	1115	0.009026782
503	1115	0.009026782
1115	1116	0.009018645
9	1116	0.009018645
1116	1117	0.006595112
544	1117	0.006595112
625	1118	0.02132391
628	1118	0.02132391
1027	1119	0.022993846
1028	1119	0.022993846
1118	1120	0.019456718
1119	1120	0.019456718
10	1121	0.016468363
1120	1121	0.016468363
1121	1122	0.015375864
968	1122	0.015375864
1122	1123	0.015215361
1026	1123	0.015215361
16	1124	0.031154135
41	1124	0.031154135
346	1124	0.031154135
39	1125	0.019963384
274	1125	0.019963384
1124	1126	0.017884795
1125	1126	0.017884795
1126	1127	0.013549398
149	1127	0.013549398
1127	1128	0.01316351
244	1128	0.01316351
824	1128	0.01316351
21	1129	0.02244308
378	1129	0.02244308
1129	1130	0.01578335
542	1130	0.01578335
247	1131	0.028780272
543	1131	0.028780272
22	1132	0.024836507
87	1132	0.024836507
1131	1132	0.024836507
1132	1133	0.024725318
94	1133	0.024725318
123	1134	0.012908748
1063	1134	0.012908748
23	1135	0.01267317
1134	1135	0.01267317
34	1136	0.0300437
36	1136	0.0300437
32	1137	0.029443728
1136	1137	0.029443728
1137	1138	0.026261564
35	1138	0.026261564
107	1139	0.03346406
201	1139	0.03346406
127	1140	0.02716534
795	1140	0.02716534
243	1141	0.033376925
422	1141	0.033376925
1141	1142	0.03263562
1054	1142	0.03263562
1142	1143	0.024819106
407	1143	0.024819106
1143	1144	0.024590207
336	1144	0.024590207
1138	1145	0.02328246
1144	1145	0.02328246
1145	1146	0.022432022
1140	1146	0.022432022
1139	1147	0.020621708
408	1147	0.020621708
1146	1148	0.020606125
37	1148	0.020606125
1148	1149	0.01970719
33	1149	0.01970719
1149	1150	0.014681932
416	1150	0.014681932
1150	1151	0.013598381
1147	1151	0.013598381
1151	1152	0.01353719
960	1152	0.01353719
104	1153	0.017622955
105	1153	0.017622955
198	1154	0.03311244
810	1154	0.03311244
1154	1155	0.031278696
593	1155	0.031278696
1155	1156	0.027461955
686	1156	0.027461955
809	1156	0.027461955
811	1156	0.027461955
224	1157	0.032583788
232	1157	0.032583788
1024	1158	0.040928263
1025	1158	0.040928263
394	1159	0.026021894
1158	1159	0.026021894
1159	1160	0.022479817
529	1160	0.022479817
1157	1161	0.01609064
229	1161	0.01609064
1160	1162	0.020296358
950	1162	0.020296358
1161	1163	0.012754541
1162	1163	0.012754541
237	1164	0.013092286
238	1164	0.013092286
427	1165	0.031111185
428	1165	0.031111185
241	1166	0.020469451
570	1166	0.020469451
245	1167	0.021013776
559	1167	0.021013776
1165	1168	0.019130718
874	1168	0.019130718
1166	1169	0.015982838
1168	1169	0.015982838
1169	1170	0.014064881
739	1170	0.014064881
1170	1171	0.013366683
1167	1171	0.013366683
259	1172	0.025341764
850	1172	0.025341764
1172	1173	0.023968663
951	1173	0.023968663
1173	1174	0.023727676
1032	1174	0.023727676
371	1175	0.032058258
377	1175	0.032058258
1175	1176	0.018968705
991	1176	0.018968705
1176	1177	0.017546952
372	1177	0.017546952
1177	1178	0.01398192
474	1178	0.01398192
1178	1179	0.013816041
376	1179	0.013816041
349	1180	0.01285402
1179	1180	0.01285402
1180	1181	0.012763881
475	1181	0.012763881
1181	1182	0.012521181
884	1182	0.012521181
1182	1183	0.012472337
510	1183	0.012472337
504	1184	0.028029647
801	1184	0.028029647
1184	1185	0.02144345
1055	1185	0.02144345
1185	1186	0.016824363
508	1186	0.016824363
1186	1187	0.01287634
674	1187	0.01287634
375	1188	0.012421952
1187	1188	0.012421952
439	1189	0.019912854
609	1189	0.019912854
1189	1190	0.013000922
1000	1190	0.013000922
1190	1191	0.012737498
1001	1191	0.012737498
491	1192	0.013701687
495	1192	0.013701687
613	1193	0.0144032575
644	1193	0.0144032575
1193	1194	0.013551536
641	1194	0.013551536
1194	1195	0.0127406875
615	1195	0.0127406875
872	1196	0.02633639
925	1196	0.02633639
994	1197	0.014256392
1056	1197	0.014256392
1123	1198	0.01145354
751	1198	0.01145354
1198	1199	0.00993103
750	1199	0.00993103
1128	1200	0.010436702
273	1200	0.010436702
1152	1201	0.009830318
1197	1201	0.009830318
1201	1202	0.009774086
663	1202	0.009774086
1202	1203	0.009702074
40	1203	0.009702074
1203	1204	0.009256981
588	1204	0.009256981
1200	1205	0.008771392
1204	1205	0.008771392
476	1206	0.0117615685
477	1206	0.0117615685
413	1207	0.011242862
1206	1207	0.011242862
1130	1208	0.010881694
1207	1208	0.010881694
1195	1209	0.010765907
880	1209	0.010765907
1208	1210	0.009437947
1209	1210	0.009437947
1210	1211	0.009037784
653	1211	0.009037784
1211	1212	0.008564895
752	1212	0.008564895
1212	1213	0.007632696
643	1213	0.007632696
1133	1214	0.011696864
1183	1214	0.011696864
1214	1215	0.010063388
156	1215	0.010063388
1215	1216	0.009765608
511	1216	0.009765608
1216	1217	0.009065617
154	1217	0.009065617
1217	1218	0.008649021
1156	1218	0.008649021
1218	1219	0.008409843
943	1219	0.008409843
1135	1220	0.007997479
743	1220	0.007997479
121	1221	0.009418056
869	1221	0.009418056
50	1222	0.008149218
1221	1222	0.008149218
1222	1223	0.007941643
1163	1223	0.007941643
57	1224	0.011979722
765	1224	0.011979722
1224	1225	0.0117716165
86	1225	0.0117716165
1225	1226	0.010514453
365	1226	0.010514453
75	1227	0.0076787667
257	1227	0.0076787667
220	1228	0.009599757
409	1228	0.009599757
1164	1229	0.00931191
493	1229	0.00931191
236	1230	0.009047618
1229	1230	0.009047618
1230	1231	0.008437889
796	1231	0.008437889
292	1232	0.009737337
1101	1232	0.009737337
388	1233	0.008525521
518	1233	0.008525521
1191	1234	0.010889661
1002	1234	0.010889661
1234	1235	0.007901022
453	1235	0.007901022
389	1236	0.007633536
1235	1236	0.007633536
438	1237	0.00821868
1061	1237	0.00821868
462	1238	0.008149066
703	1238	0.008149066
664	1239	0.009184319
938	1239	0.009184319
735	1240	0.009122916
1196	1240	0.009122916
1199	1241	0.007378332
598	1241	0.007378332
1241	1242	0.006955544
627	1242	0.006955544
1205	1243	0.007511435
1228	1243	0.007511435
1243	1244	0.0074867904
639	1244	0.0074867904
1244	1245	0.0073122866
1236	1245	0.0073122866
1227	1246	0.007470165
1233	1246	0.007470165
1245	1247	0.007244499
1246	1247	0.007244499
1247	1248	0.0072362176
91	1248	0.0072362176
1248	1249	0.007104051
665	1249	0.007104051
1249	1250	0.006879836
1237	1250	0.006879836
1250	1251	0.006597049
417	1251	0.006597049
1213	1252	0.0070753926
1153	1252	0.0070753926
1219	1253	0.007112895
586	1253	0.007112895
1226	1254	0.0072217155
873	1254	0.0072217155
1253	1255	0.007105926
1223	1255	0.007105926
1255	1256	0.007002571
1254	1256	0.007002571
132	1257	0.007434373
1231	1257	0.007434373
1257	1258	0.007266647
1171	1258	0.007266647
1258	1259	0.0068604206
492	1259	0.0068604206
1259	1260	0.00675581
239	1260	0.00675581
1260	1261	0.006687585
807	1261	0.006687585
1256	1262	0.0066457354
1261	1262	0.0066457354
1262	1263	0.006600709
25	1263	0.006600709
1220	1264	0.007545213
1238	1264	0.007545213
1264	1265	0.00744091
564	1265	0.00744091
1265	1266	0.006673039
1174	1266	0.006673039
1188	1267	0.00757111
585	1267	0.00757111
1267	1268	0.0074501648
414	1268	0.0074501648
645	1269	0.0074046897
890	1269	0.0074046897
1269	1270	0.007239362
893	1270	0.007239362
69	1271	0.00698542
640	1271	0.00698542
1270	1271	0.00698542
1082	1271	0.00698542
1268	1272	0.0068341764
932	1272	0.0068341764
1271	1273	0.006706689
1272	1273	0.006706689
214	1274	0.007443865
215	1274	0.007443865
1242	1275	0.006494713
1252	1275	0.006494713
1275	1276	0.0063342107
986	1276	0.0063342107
1276	1277	0.006141173
120	1277	0.006141173
753	1277	0.006141173
1277	1278	0.0060766595
706	1278	0.0060766595
1251	1279	0.006590149
1273	1279	0.006590149
1279	1280	0.0064924713
494	1280	0.0064924713
1280	1281	0.006422339
685	1281	0.006422339
1240	1281	0.006422339
1281	1282	0.0064124544
1263	1282	0.0064124544
1282	1283	0.006276653
56	1283	0.006276653
1283	1284	0.0062648836
537	1284	0.0062648836
1284	1285	0.006212078
548	1285	0.006212078
1285	1286	0.0061874613
766	1286	0.0061874613
1286	1287	0.0061387457
1035	1287	0.0061387457
1287	1288	0.0061306977
589	1288	0.0061306977
1288	1289	0.006087838
126	1289	0.006087838
1239	1290	0.0061081816
669	1290	0.0061081816
1278	1291	0.0060402253
1289	1291	0.0060402253
1291	1292	0.0059268344
1290	1292	0.0059268344
1292	1293	0.0058228504
1192	1293	0.0058228504
1293	1294	0.005724355
240	1294	0.005724355
1294	1295	0.0056634964
549	1295	0.0056634964
1295	1296	0.0056371083
1266	1296	0.0056371083
1296	1297	0.005632183
742	1297	0.005632183
1297	1298	0.00556368
282	1298	0.00556368
467	1298	0.00556368
1298	1299	0.005542998
1274	1299	0.005542998
1299	1300	0.005511697
557	1300	0.005511697
1300	1301	0.0055006077
1232	1301	0.0055006077
1301	1302	0.0054988274
51	1302	0.0054988274
1302	1303	0.005488645
466	1303	0.005488645
18	1304	0.04572437
303	1304	0.04572437
1304	1305	0.012757241
99	1305	0.012757241
27	1306	0.010646
28	1306	0.010646
1306	1307	0.0071456144
393	1307	0.0071456144
44	1308	0.03250023
390	1308	0.03250023
45	1309	0.011051825
758	1309	0.011051825
129	1310	0.009056183
472	1310	0.009056183
262	1311	0.014064354
822	1311	0.014064354
888	1312	0.0119066695
928	1312	0.0119066695
769	1313	0.010367082
1312	1313	0.010367082
1311	1314	0.009693008
1313	1314	0.009693008
1314	1315	0.009021738
299	1315	0.009021738
1315	1316	0.008982597
768	1316	0.008982597
823	1317	0.010030792
1100	1317	0.010030792
1310	1318	0.00813113
440	1318	0.00813113
1318	1319	0.007926102
1317	1319	0.007926102
1319	1320	0.0073046996
356	1320	0.0073046996
1316	1321	0.007321203
745	1321	0.007321203
1320	1322	0.00687801
1321	1322	0.00687801
1322	1323	0.006778149
927	1323	0.006778149
1323	1324	0.0067046923
490	1324	0.0067046923
1309	1325	0.0059276717
1324	1325	0.0059276717
1325	1326	0.0055265795
930	1326	0.0055265795
48	1327	0.005749079
867	1327	0.005749079
52	1328	0.05087941
53	1328	0.05087941
208	1328	0.05087941
1328	1329	0.010108345
446	1329	0.010108345
55	1330	0.03013491
157	1330	0.03013491
1330	1331	0.028864669
339	1331	0.028864669
1331	1332	0.025874164
191	1332	0.025874164
116	1333	0.015247173
606	1333	0.015247173
859	1334	0.025538994
1040	1334	0.025538994
1333	1335	0.011597236
599	1335	0.011597236
601	1335	0.011597236
607	1335	0.011597236
1335	1336	0.0099656675
618	1336	0.0099656675
1336	1337	0.009605469
605	1337	0.009605469
398	1338	0.009356196
1334	1338	0.009356196
1332	1339	0.0057589426
1337	1339	0.0057589426
1339	1340	0.0054951296
1338	1340	0.0054951296
79	1341	0.0147487335
81	1341	0.0147487335
78	1342	0.014180138
1341	1342	0.014180138
82	1343	0.0110055655
689	1343	0.0110055655
93	1344	0.014616181
733	1344	0.014616181
101	1345	0.033505853
709	1345	0.033505853
1345	1346	0.03127621
666	1346	0.03127621
756	1347	0.021460092
757	1347	0.021460092
117	1348	0.018408263
1347	1348	0.018408263
1348	1349	0.00960933
754	1349	0.00960933
730	1350	0.039976913
832	1350	0.039976913
234	1351	0.008535436
1350	1351	0.008535436
124	1352	0.007969536
1351	1352	0.007969536
125	1353	0.010580176
1010	1353	0.010580176
293	1354	0.008722129
294	1354	0.008722129
1354	1355	0.007364333
295	1355	0.007364333
1353	1356	0.0070174946
1355	1356	0.0070174946
1356	1357	0.0069936453
975	1357	0.0069936453
1357	1358	0.005555244
361	1358	0.005555244
1358	1359	0.005484293
1088	1359	0.005484293
144	1360	0.0062150043
145	1360	0.0062150043
143	1361	0.0058255894
1360	1361	0.0058255894
152	1362	0.034667965
153	1362	0.034667965
1362	1363	0.005666634
271	1363	0.005666634
175	1364	0.01287029
178	1364	0.01287029
1364	1365	0.0058259014
298	1365	0.0058259014
182	1366	0.018637028
183	1366	0.018637028
1366	1367	0.018497698
530	1367	0.018497698
1367	1368	0.0073494622
572	1368	0.0073494622
290	1369	0.01747685
539	1369	0.01747685
1369	1370	0.0151044065
541	1370	0.0151044065
1370	1371	0.0099034505
405	1371	0.0099034505
289	1372	0.00986069
1371	1372	0.00986069
1372	1373	0.008639512
1049	1373	0.008639512
1373	1374	0.007874599
1050	1374	0.007874599
192	1375	0.0071175243
1374	1375	0.0071175243
222	1376	0.027447123
535	1376	0.027447123
1376	1377	0.020669926
826	1377	0.020669926
235	1378	0.012494609
351	1378	0.012494609
1377	1379	0.007700996
818	1379	0.007700996
458	1380	0.008667774
821	1380	0.008667774
1378	1381	0.008641321
891	1381	0.008641321
1381	1382	0.0083210105
1380	1382	0.0083210105
1382	1383	0.0076916837
496	1383	0.0076916837
457	1384	0.007813779
946	1384	0.007813779
1383	1385	0.0069081686
1384	1385	0.0069081686
1379	1386	0.006444654
1093	1386	0.006444654
1386	1387	0.006208614
979	1387	0.006208614
1387	1388	0.0060588336
1385	1388	0.0060588336
1388	1389	0.0060318415
949	1389	0.0060318415
1389	1390	0.0060065496
1090	1390	0.0060065496
692	1391	0.008766772
813	1391	0.008766772
565	1392	0.008581599
1391	1392	0.008581599
506	1393	0.008238825
1392	1393	0.008238825
1393	1394	0.007841872
636	1394	0.007841872
1394	1395	0.007835746
971	1395	0.007835746
242	1396	0.007412013
288	1396	0.007412013
1395	1396	0.007412013
248	1397	0.016353652
249	1397	0.016353652
443	1398	0.010757065
1023	1398	0.010757065
252	1399	0.009354192
1398	1399	0.009354192
1399	1400	0.008751285
297	1400	0.008751285
1400	1401	0.0076893982
256	1401	0.0076893982
279	1402	0.012374638
280	1402	0.012374638
1402	1403	0.008323347
465	1403	0.008323347
670	1404	0.0253124
671	1404	0.0253124
1404	1405	0.013861506
905	1405	0.013861506
1405	1406	0.012489499
957	1406	0.012489499
1406	1407	0.01229617
1078	1407	0.01229617
286	1408	0.0060361116
1407	1408	0.0060361116
1408	1409	0.0056695202
373	1409	0.0056695202
313	1410	0.0063534207
314	1410	0.0063534207
331	1411	0.019341148
901	1411	0.019341148
340	1412	0.014130355
668	1412	0.014130355
348	1413	0.034087293
368	1413	0.034087293
360	1414	0.017218962
1070	1414	0.017218962
1414	1415	0.008726778
1069	1415	0.008726778
395	1416	0.0058921194
396	1416	0.0058921194
678	1417	0.0108788265
817	1417	0.0108788265
1417	1418	0.009274803
679	1418	0.009274803
406	1419	0.0059479983
1418	1419	0.0059479983
411	1420	0.006223588
459	1420	0.006223588
473	1421	0.01087743
546	1421	0.01087743
1421	1422	0.009311612
738	1422	0.009311612
1422	1423	0.0076186536
1085	1423	0.0076186536
415	1424	0.0071538663
1423	1424	0.0071538663
434	1425	0.0055868234
435	1425	0.0055868234
448	1426	0.010112973
486	1426	0.010112973
1426	1427	0.007945699
556	1427	0.007945699
488	1428	0.011685824
955	1428	0.011685824
619	1429	0.024608225
620	1429	0.024608225
498	1430	0.017008757
1429	1430	0.017008757
656	1431	0.006461056
1084	1431	0.006461056
538	1432	0.0064359875
1431	1432	0.0064359875
1432	1433	0.0061885994
652	1433	0.0061885994
1433	1434	0.005992886
1043	1434	0.005992886
1434	1435	0.005930128
805	1435	0.005930128
553	1436	0.043860156
1011	1436	0.043860156
1436	1437	0.043333467
961	1437	0.043333467
567	1438	0.006947039
568	1438	0.006947039
573	1439	0.0063229133
576	1439	0.0063229133
773	1440	0.014435194
897	1440	0.014435194
1440	1441	0.012978483
882	1441	0.012978483
617	1442	0.0074781096
1441	1442	0.0074781096
657	1443	0.009592835
860	1443	0.009592835
922	1444	0.007764772
923	1444	0.007764772
673	1445	0.0073858835
1444	1445	0.0073858835
715	1446	0.045544345
808	1446	0.045544345
746	1447	0.01865658
1077	1447	0.01865658
789	1448	0.006992815
790	1448	0.006992815
1448	1449	0.0063291015
791	1449	0.0063291015
839	1450	0.018902266
840	1450	0.018902266
1033	1451	0.036063872
1034	1451	0.036063872
1303	1452	0.0054473733
1361	1452	0.0054473733
1452	1453	0.0054128137
1375	1453	0.0054128137
1453	1454	0.0054033087
700	1454	0.0054033087
1454	1455	0.0053735664
660	1455	0.0053735664
1455	1456	0.005368821
1409	1456	0.005368821
1456	1457	0.0053634895
211	1457	0.0053634895
1457	1458	0.0053199725
284	1458	0.0053199725
1458	1459	0.005290404
452	1459	0.005290404
1459	1460	0.005281627
647	1460	0.005281627
1460	1461	0.0052772188
1326	1461	0.0052772188
1390	1461	0.0052772188
362	1461	0.0052772188
1461	1462	0.0052741943
216	1462	0.0052741943
1462	1463	0.00526849
1344	1463	0.00526849
1463	1464	0.005220757
966	1464	0.005220757
1359	1465	0.005319472
254	1465	0.005319472
137	1466	0.005229274
1365	1466	0.005229274
312	1467	0.00527975
1410	1467	0.00527975
1413	1468	0.005289707
1420	1468	0.005289707
1464	1469	0.00516504
958	1469	0.00516504
1469	1470	0.0051563494
1079	1470	0.0051563494
1470	1471	0.0051346784
1046	1471	0.0051346784
1471	1472	0.0051340754
265	1472	0.0051340754
1472	1473	0.005125192
13	1473	0.005125192
1473	1474	0.0050960165
499	1474	0.0050960165
1474	1475	0.0050739236
1401	1475	0.0050739236
1475	1476	0.00502616
221	1476	0.00502616
1465	1477	0.005162995
255	1477	0.005162995
1466	1478	0.0051809335
139	1478	0.0051809335
1476	1479	0.0050249635
1430	1479	0.0050249635
1340	1480	0.005011822
1467	1480	0.005011822
1479	1481	0.0050025587
1416	1481	0.0050025587
1481	1482	0.0049959593
1480	1482	0.0049959593
1468	1482	0.0049959593
612	1482	0.0049959593
209	1483	0.005022118
1439	1483	0.005022118
1482	1484	0.004986431
1477	1484	0.004986431
1484	1485	0.0049856836
642	1485	0.0049856836
1485	1486	0.0049679605
1478	1486	0.0049679605
1483	1486	0.0049679605
369	1486	0.0049679605
1486	1487	0.004944046
231	1487	0.004944046
1487	1488	0.0049403375
155	1488	0.0049403375
1327	1489	0.0054091145
708	1489	0.0054091145
159	1490	0.0050102347
862	1490	0.0050102347
266	1491	0.005182918
1435	1491	0.005182918
1491	1492	0.0049563595
608	1492	0.0049563595
853	1492	0.0049563595
410	1493	0.0049988055
687	1493	0.0049988055
785	1494	0.004986251
1449	1494	0.004986251
777	1495	0.004966548
1494	1495	0.004966548
1488	1496	0.0049377307
1495	1496	0.0049377307
1496	1497	0.004913108
778	1497	0.004913108
574	1498	0.004933555
575	1498	0.004933555
1497	1499	0.0048966734
697	1499	0.0048966734
1499	1500	0.00489154
1490	1500	0.00489154
179	1500	0.00489154
205	1500	0.00489154
1498	1500	0.00489154
861	1500	0.00489154
1500	1501	0.0048715807
982	1501	0.0048715807
1501	1502	0.004848405
851	1502	0.004848405
1502	1503	0.0048270635
43	1503	0.0048270635
1503	1504	0.004815605
947	1504	0.004815605
1504	1505	0.0047944747
1493	1505	0.0047944747
1505	1506	0.0047752457
984	1506	0.0047752457
1506	1507	0.0047718557
354	1507	0.0047718557
1507	1508	0.0047694305
695	1508	0.0047694305
1508	1509	0.004767665
868	1509	0.004767665
1489	1510	0.004921667
1083	1510	0.004921667
1492	1511	0.0047719823
1086	1511	0.0047719823
112	1512	0.0047555547
1511	1512	0.0047555547
1509	1513	0.0047118436
973	1513	0.0047118436
1513	1514	0.004648179
1047	1514	0.004648179
1514	1515	0.004639588
469	1515	0.004639588
1515	1516	0.004635053
1510	1516	0.004635053
1516	1517	0.004622402
881	1517	0.004622402
1517	1518	0.0046201786
780	1518	0.0046201786
1518	1519	0.0046089794
72	1519	0.0046089794
1512	1520	0.004609301
251	1520	0.004609301
1519	1521	0.0045866
1097	1521	0.0045866
1521	1522	0.004585224
1520	1522	0.004585224
852	1522	0.004585224
1522	1523	0.004565048
1018	1523	0.004565048
1523	1524	0.004551948
181	1524	0.004551948
1524	1525	0.0045479587
716	1525	0.0045479587
1525	1526	0.0045448137
374	1526	0.0045448137
42	1527	0.005264135
334	1527	0.005264135
545	1528	0.0051805773
725	1528	0.0051805773
1527	1529	0.004968763
1528	1529	0.004968763
1529	1530	0.004638199
714	1530	0.004638199
1349	1531	0.0051817927
122	1531	0.0051817927
1397	1531	0.0051817927
1438	1531	0.0051817927
1531	1532	0.004770023
206	1532	0.004770023
719	1532	0.004770023
1445	1533	0.0047295317
919	1533	0.0047295317
920	1533	0.0047295317
635	1534	0.004701988
1533	1534	0.004701988
225	1535	0.0045039956
1534	1535	0.0045039956
952	1535	0.0045039956
1526	1536	0.0044684373
566	1536	0.0044684373
1536	1537	0.0044573992
49	1537	0.0044573992
1537	1538	0.0044463985
70	1538	0.0044463985
1307	1539	0.0044418573
878	1539	0.0044418573
1538	1540	0.0044278493
1539	1540	0.0044278493
1540	1541	0.0044188835
1535	1541	0.0044188835
815	1541	0.0044188835
1541	1542	0.0044085733
863	1542	0.0044085733
1542	1543	0.004394433
502	1543	0.004394433
1543	1544	0.0043879068
1342	1544	0.0043879068
1544	1545	0.0043613776
317	1545	0.0043613776
1545	1546	0.004356586
1030	1546	0.004356586
1546	1547	0.004313078
345	1547	0.004313078
115	1548	0.0044927043
160	1548	0.0044927043
1532	1549	0.0043308525
764	1549	0.0043308525
1547	1550	0.004289758
705	1550	0.004289758
1550	1551	0.004286979
387	1551	0.004286979
1551	1552	0.0042514983
1548	1552	0.0042514983
1552	1553	0.004228315
1549	1553	0.004228315
741	1553	0.004228315
1553	1554	0.004191094
263	1554	0.004191094
1554	1555	0.0041765305
934	1555	0.0041765305
1555	1556	0.00417357
560	1556	0.00417357
1556	1557	0.0041694343
497	1557	0.0041694343
1557	1558	0.0041549564
691	1558	0.0041549564
1558	1559	0.004142865
1415	1559	0.004142865
1559	1560	0.004129698
995	1560	0.004129698
1560	1561	0.0041100318
113	1561	0.0041100318
1561	1562	0.004104557
651	1562	0.004104557
847	1563	0.0041082334
849	1563	0.0041082334
1562	1564	0.0040934547
870	1564	0.0040934547
1564	1565	0.0040828623
136	1565	0.0040828623
1565	1566	0.0040622815
228	1566	0.0040622815
1566	1567	0.0040584235
71	1567	0.0040584235
1442	1567	0.0040584235
718	1567	0.0040584235
1567	1568	0.004039883
223	1568	0.004039883
1568	1569	0.004010006
887	1569	0.004010006
1569	1570	0.0040022754
61	1570	0.0040022754
1570	1571	0.0039905426
783	1571	0.0039905426
1571	1572	0.0039765313
1412	1572	0.0039765313
1572	1573	0.0039755325
1530	1573	0.0039755325
1573	1574	0.003954636
921	1574	0.003954636
1574	1575	0.003950114
1305	1575	0.003950114
1575	1576	0.0039222566
260	1576	0.0039222566
1576	1577	0.0039194394
965	1577	0.0039194394
1577	1578	0.0039070765
420	1578	0.0039070765
1578	1579	0.003901367
347	1579	0.003901367
1579	1580	0.003888598
133	1580	0.003888598
1580	1581	0.0038838924
329	1581	0.0038838924
1563	1581	0.0038838924
1581	1582	0.0038719147
471	1582	0.0038719147
1582	1583	0.003853315
517	1583	0.003853315
1583	1584	0.0038307416
904	1584	0.0038307416
1584	1585	0.003827448
1089	1585	0.003827448
1585	1586	0.0038238084
1107	1586	0.0038238084
1586	1587	0.0038229376
896	1587	0.0038229376
1587	1588	0.0038130176
707	1588	0.0038130176
1588	1589	0.003809529
454	1589	0.003809529
1589	1590	0.00378259
1045	1590	0.00378259
1590	1591	0.0037801294
1419	1591	0.0037801294
1591	1592	0.003759366
95	1592	0.003759366
67	1593	0.0037978888
846	1593	0.0037978888
68	1594	0.0051240586
233	1594	0.0051240586
1594	1595	0.005062763
1396	1595	0.005062763
583	1596	0.004709745
584	1596	0.004709745
1424	1597	0.0044320766
1596	1597	0.0044320766
176	1598	0.0041664215
1597	1598	0.0041664215
196	1599	0.0039205337
1425	1599	0.0039205337
264	1600	0.0046105618
993	1600	0.0046105618
1427	1601	0.004185133
1098	1601	0.004185133
552	1602	0.0041769217
763	1602	0.0041769217
1602	1603	0.0040303343
883	1603	0.0040303343
1117	1604	0.0034375063
611	1604	0.0034375063
1004	1604	0.0034375063
1592	1605	0.0037356385
1600	1605	0.0037356385
1605	1606	0.0037207797
250	1606	0.0037207797
1606	1607	0.0037096778
1593	1607	0.0037096778
1607	1608	0.0037079165
902	1608	0.0037079165
1608	1609	0.0037002394
261	1609	0.0037002394
1609	1610	0.0036921285
1603	1610	0.0036921285
1610	1611	0.0036831216
170	1611	0.0036831216
1611	1612	0.0036792273
1403	1612	0.0036792273
1612	1613	0.0036764902
889	1613	0.0036764902
1613	1614	0.0036637664
1071	1614	0.0036637664
1614	1615	0.0036456476
142	1615	0.0036456476
1615	1616	0.003628061
562	1616	0.003628061
1616	1617	0.0036215486
1095	1617	0.0036215486
1617	1618	0.003613171
114	1618	0.003613171
677	1618	0.003613171
1618	1619	0.0035946697
433	1619	0.0035946697
1619	1620	0.0035879281
309	1620	0.0035879281
1620	1621	0.0035604911
676	1621	0.0035604911
1621	1622	0.0035554417
1352	1622	0.0035554417
1622	1623	0.0035033633
1041	1623	0.0035033633
1623	1624	0.0034980455
1599	1624	0.0034980455
516	1624	0.0034980455
1624	1625	0.0034948986
540	1625	0.0034948986
1625	1626	0.0034889104
1447	1626	0.0034889104
1626	1627	0.003481378
728	1627	0.003481378
1627	1628	0.0034778973
713	1628	0.0034778973
1628	1629	0.0034629998
829	1629	0.0034629998
1629	1630	0.003450863
937	1630	0.003450863
1630	1631	0.0034497099
784	1631	0.0034497099
1631	1632	0.0034473066
521	1632	0.0034473066
1632	1633	0.0034434774
909	1633	0.0034434774
1633	1634	0.003440748
1411	1634	0.003440748
1634	1635	0.0034139638
1450	1635	0.0034139638
1635	1636	0.0034132735
230	1636	0.0034132735
1636	1637	0.0034023395
767	1637	0.0034023395
1637	1638	0.0033854754
322	1638	0.0033854754
1638	1639	0.003384885
199	1639	0.003384885
1639	1640	0.0033665095
1368	1640	0.0033665095
1640	1641	0.0033548325
727	1641	0.0033548325
1641	1642	0.003354518
997	1642	0.003354518
1642	1643	0.0033414715
1329	1643	0.0033414715
1643	1644	0.003325897
485	1644	0.003325897
1644	1645	0.0033177077
500	1645	0.0033177077
1645	1646	0.0033173526
412	1646	0.0033173526
1646	1647	0.0032940898
604	1647	0.0032940898
1647	1648	0.0032910905
342	1648	0.0032910905
1648	1649	0.003242636
461	1649	0.003242636
662	1649	0.003242636
1649	1650	0.0032421367
1451	1650	0.0032421367
1650	1651	0.0032200972
1598	1651	0.0032200972
1651	1652	0.0032171586
352	1652	0.0032171586
1652	1653	0.0031577554
558	1653	0.0031577554
1653	1654	0.0031571614
637	1654	0.0031571614
1654	1655	0.0031465804
424	1655	0.0031465804
1655	1656	0.0031446796
140	1656	0.0031446796
1656	1657	0.003142496
386	1657	0.003142496
1657	1658	0.0031374376
1595	1658	0.0031374376
505	1658	0.0031374376
1658	1659	0.0031205823
328	1659	0.0031205823
1659	1660	0.0030950767
305	1660	0.0030950767
1660	1661	0.00308352
759	1661	0.00308352
1661	1662	0.0030797618
917	1662	0.0030797618
1662	1663	0.0030429063
1346	1663	0.0030429063
1663	1664	0.0030408034
616	1664	0.0030408034
1664	1665	0.0030327353
1068	1665	0.0030327353
1665	1666	0.0030109251
218	1666	0.0030109251
1666	1667	0.0030085165
871	1667	0.0030085165
1667	1668	0.0030037046
837	1668	0.0030037046
1668	1669	0.002975904
1601	1669	0.002975904
1669	1670	0.002964054
582	1670	0.002964054
1670	1671	0.0029577492
1443	1671	0.0029577492
1671	1672	0.0029341623
96	1672	0.0029341623
1672	1673	0.0029332433
1020	1673	0.0029332433
1673	1674	0.0029297192
603	1674	0.0029297192
1674	1675	0.0029267815
74	1675	0.0029267815
2	1676	0.0029236856
1675	1676	0.0029236856
1676	1677	0.0028922644
1604	1677	0.0028922644
1677	1678	0.0028913182
401	1678	0.0028913182
1678	1679	0.0028773462
442	1679	0.0028773462
1679	1680	0.00287659
1446	1680	0.00287659
1680	1681	0.0028697732
1363	1681	0.0028697732
1681	1682	0.0028692065
1005	1682	0.0028692065
1682	1683	0.002861116
602	1683	0.002861116
1683	1684	0.0028567314
596	1684	0.0028567314
1684	1685	0.0028550501
80	1685	0.0028550501
1685	1686	0.0028428414
690	1686	0.0028428414
1686	1687	0.0028413718
464	1687	0.0028413718
1687	1688	0.0028167192
302	1688	0.0028167192
1688	1689	0.0028139302
1437	1689	0.0028139302
1689	1690	0.0028061206
1091	1690	0.0028061206
1690	1691	0.0027894874
702	1691	0.0027894874
1691	1692	0.0027837746
213	1692	0.0027837746
1692	1693	0.0027527353
1343	1693	0.0027527353
1693	1694	0.0027429347
353	1694	0.0027429347
1694	1695	0.0027427895
704	1695	0.0027427895
1695	1696	0.0027273982
1428	1696	0.0027273982
1696	1697	0.0027261802
12	1697	0.0027261802
1308	1697	0.0027261802
161	1697	0.0027261802
383	1697	0.0027261802
1697	1698	0.0027243728
940	1698	0.0027243728
1698	1699	0.0027240019
782	1699	0.0027240019
1699	1700	0.0027075603
536	1700	0.0027075603
1700	1701	0.0026973991
111	1701	0.0026973991
3	1702	0.03130881
4	1702	0.03130881
912	1703	0.058840528
1037	1703	0.058840528
1702	1704	0.0077646626
1703	1704	0.0077646626
15	1705	0.04546239
989	1705	0.04546239
632	1706	0.026364956
654	1706	0.026364956
1706	1707	0.01482444
898	1707	0.01482444
59	1708	0.011802355
1707	1708	0.011802355
17	1709	0.009575964
1708	1709	0.009575964
24	1710	0.017573679
189	1710	0.017573679
1710	1711	0.012162692
88	1711	0.012162692
310	1712	0.04029225
311	1712	0.04029225
1712	1713	0.038731303
630	1713	0.038731303
483	1714	0.04509988
1031	1714	0.04509988
1714	1715	0.026179606
484	1715	0.026179606
1711	1716	0.011264864
1008	1716	0.011264864
1716	1717	0.010965086
432	1717	0.010965086
1717	1718	0.009291105
812	1718	0.009291105
1718	1719	0.007990779
1715	1719	0.007990779
1719	1720	0.007204547
1713	1720	0.007204547
1720	1721	0.006116112
62	1721	0.006116112
30	1722	0.0038429492
698	1722	0.0038429492
833	1723	0.019441951
841	1723	0.019441951
65	1724	0.019435743
1723	1724	0.019435743
1724	1725	0.01431056
842	1725	0.01431056
64	1726	0.005750244
1725	1726	0.005750244
1726	1727	0.003249737
831	1727	0.003249737
246	1728	0.018446837
337	1728	0.018446837
1728	1729	0.003094678
907	1729	0.003094678
90	1730	0.0030637847
1729	1730	0.0030637847
92	1731	0.018391745
865	1731	0.018391745
1731	1732	0.016379649
915	1732	0.016379649
98	1733	0.007161972
827	1733	0.007161972
828	1733	0.007161972
1733	1734	0.0052421205
724	1734	0.0052421205
391	1735	0.0475687
501	1735	0.0475687
1735	1736	0.044409476
392	1736	0.044409476
106	1737	0.017353551
1736	1737	0.017353551
1737	1738	0.014731849
418	1738	0.014731849
150	1739	0.012036553
967	1739	0.012036553
164	1740	0.0146535905
834	1740	0.0146535905
1740	1741	0.0053747753
165	1741	0.0053747753
202	1742	0.018233936
980	1742	0.018233936
219	1743	0.010533273
964	1743	0.010533273
1743	1744	0.0066117835
1074	1744	0.0066117835
332	1745	0.012563597
333	1745	0.012563597
341	1746	0.04497087
1064	1746	0.04497087
1745	1747	0.0094053205
1746	1747	0.0094053205
384	1748	0.005431274
712	1748	0.005431274
509	1749	0.015276873
748	1749	0.015276873
1749	1750	0.0087864455
569	1750	0.0087864455
1750	1751	0.007294597
844	1751	0.007294597
480	1752	0.005761437
1751	1752	0.005761437
479	1753	0.0040639746
1752	1753	0.0040639746
594	1754	0.02339416
998	1754	0.02339416
489	1755	0.011967893
1754	1755	0.011967893
519	1756	0.022304192
524	1756	0.022304192
1756	1757	0.021866284
721	1757	0.021866284
550	1758	0.059376024
843	1758	0.059376024
1758	1759	0.026777662
866	1759	0.026777662
590	1760	0.008929118
900	1760	0.008929118
675	1761	0.011293124
1072	1761	0.011293124
717	1762	0.039094876
798	1762	0.039094876
770	1763	0.027038079
845	1763	0.027038079
772	1764	0.007893625
1007	1764	0.007893625
1764	1765	0.004731794
913	1765	0.004731794
875	1766	0.025819605
996	1766	0.025819605
885	1767	0.040606804
1080	1767	0.040606804
1767	1768	0.022687787
931	1768	0.022687787
977	1769	0.029610256
978	1769	0.029610256
1701	1770	0.0026677358
1029	1770	0.0026677358
1770	1771	0.0026631628
1755	1771	0.0026631628
1771	1772	0.0026589616
581	1772	0.0026589616
1772	1773	0.0026402476
1753	1773	0.0026402476
1773	1774	0.0026307728
167	1774	0.0026307728
1774	1775	0.0026219191
507	1775	0.0026219191
1775	1776	0.0026198348
487	1776	0.0026198348
1776	1777	0.0026130476
879	1777	0.0026130476
1777	1778	0.0026085437
1709	1778	0.0026085437
1778	1779	0.0025973897
1760	1779	0.0025973897
1779	1780	0.0025707579
97	1780	0.0025707579
1780	1781	0.0025583035
455	1781	0.0025583035
1781	1782	0.002555145
1742	1782	0.002555145
1782	1783	0.0025205452
470	1783	0.0025205452
1783	1784	0.0025099388
684	1784	0.0025099388
1784	1785	0.002505535
929	1785	0.002505535
1785	1786	0.0025037949
325	1786	0.0025037949
1786	1787	0.0025023452
1732	1787	0.0025023452
1787	1788	0.0024987764
358	1788	0.0024987764
555	1788	0.0024987764
1067	1788	0.0024987764
1788	1789	0.0024891205
102	1789	0.0024891205
1006	1789	0.0024891205
1789	1790	0.0024612027
577	1790	0.0024612027
1790	1791	0.0024500836
89	1791	0.0024500836
1791	1792	0.0024426354
180	1792	0.0024426354
1792	1793	0.0024333624
326	1793	0.0024333624
1793	1794	0.0024171912
449	1794	0.0024171912
579	1794	0.0024171912
1794	1795	0.0024013936
1721	1795	0.0024013936
1795	1796	0.002400023
855	1796	0.002400023
1796	1797	0.002395335
83	1797	0.002395335
1797	1798	0.0023925526
600	1798	0.0023925526
1798	1799	0.0023896832
194	1799	0.0023896832
1799	1800	0.0023602333
1106	1800	0.0023602333
1800	1801	0.0023580273
463	1801	0.0023580273
1801	1802	0.0023490477
1076	1802	0.0023490477
1802	1803	0.0023476724
779	1803	0.0023476724
1803	1804	0.002347461
307	1804	0.002347461
1804	1805	0.0023424972
355	1805	0.0023424972
1805	1806	0.002325659
421	1806	0.002325659
1806	1807	0.002318407
788	1807	0.002318407
1807	1808	0.0023130463
962	1808	0.0023130463
1808	1809	0.002306571
941	1809	0.002306571
1809	1810	0.0023046304
1058	1810	0.0023046304
1810	1811	0.0022846335
655	1811	0.0022846335
1811	1812	0.0022830584
924	1812	0.0022830584
1812	1813	0.0022732837
578	1813	0.0022732837
1813	1814	0.0022625292
999	1814	0.0022625292
1814	1815	0.0022465473
304	1815	0.0022465473
1815	1816	0.002245275
786	1816	0.002245275
1816	1817	0.002232444
385	1817	0.002232444
1817	1818	0.0022296875
158	1818	0.0022296875
1818	1819	0.0022254593
447	1819	0.0022254593
1819	1820	0.0022251424
1768	1820	0.0022251424
1820	1821	0.002215087
732	1821	0.002215087
1821	1822	0.0022008936
46	1822	0.0022008936
1822	1823	0.0021959667
128	1823	0.0021959667
942	1823	0.0021959667
1823	1824	0.0021914977
60	1824	0.0021914977
1824	1825	0.0021870492
283	1825	0.0021870492
1825	1826	0.0021829007
736	1826	0.0021829007
1826	1827	0.0021807333
204	1827	0.0021807333
1827	1828	0.002180311
794	1828	0.002180311
1828	1829	0.002173579
939	1829	0.002173579
1829	1830	0.002165648
688	1830	0.002165648
1830	1831	0.0021612528
138	1831	0.0021612528
1831	1832	0.0021543896
20	1832	0.0021543896
1739	1833	0.0021688745
1065	1833	0.0021688745
976	1834	0.0022124117
1019	1834	0.0022124117
1832	1835	0.0021517626
1834	1835	0.0021517626
1835	1836	0.0021495833
253	1836	0.0021495833
1836	1837	0.0021196678
935	1837	0.0021196678
1837	1838	0.0021167283
19	1838	0.0021167283
1838	1839	0.0021112734
437	1839	0.0021112734
1839	1840	0.0021026228
1833	1840	0.0021026228
1840	1841	0.002102361
1073	1841	0.002102361
1841	1842	0.002094415
203	1842	0.002094415
1842	1843	0.0020910408
953	1843	0.0020910408
1843	1844	0.0020840415
1748	1844	0.0020840415
1844	1845	0.0020801413
723	1845	0.0020801413
1845	1846	0.0020618138
985	1846	0.0020618138
1846	1847	0.0020598515
14	1847	0.0020598515
1847	1848	0.0020516121
597	1848	0.0020516121
1848	1849	0.0020445022
321	1849	0.0020445022
1849	1850	0.0020363259
571	1850	0.0020363259
1850	1851	0.0020270303
190	1851	0.0020270303
1851	1852	0.0020262809
187	1852	0.0020262809
1722	1853	0.0022637239
31	1853	0.0022637239
1853	1854	0.002128746
174	1854	0.002128746
1852	1855	0.002025237
910	1855	0.002025237
1855	1856	0.0020236832
760	1856	0.0020236832
1856	1857	0.0020223053
381	1857	0.0020223053
1857	1858	0.0020158766
168	1858	0.0020158766
1858	1859	0.002014839
272	1859	0.002014839
1859	1860	0.0020137723
267	1860	0.0020137723
1860	1861	0.0020036397
66	1861	0.0020036397
1861	1862	0.0020021028
533	1862	0.0020021028
1862	1863	0.0019983016
1734	1863	0.0019983016
1863	1864	0.00199753
523	1864	0.00199753
1864	1865	0.0019851087
456	1865	0.0019851087
1865	1866	0.0019699978
755	1866	0.0019699978
1866	1867	0.0019647551
270	1867	0.0019647551
1747	1867	0.0019647551
661	1867	0.0019647551
1867	1868	0.0019421865
776	1868	0.0019421865
1868	1869	0.0019403358
1759	1869	0.0019403358
1869	1870	0.0019332208
587	1870	0.0019332208
1870	1871	0.0019181928
864	1871	0.0019181928
1871	1872	0.0019041741
1704	1872	0.0019041741
1872	1873	0.0019029358
1730	1873	0.0019029358
1873	1874	0.0018880095
186	1874	0.0018880095
1874	1875	0.0018848331
330	1875	0.0018848331
1875	1876	0.001884357
63	1876	0.001884357
1876	1877	0.0018683721
1763	1877	0.0018683721
1877	1878	0.0018617673
969	1878	0.0018617673
1878	1879	0.0018494865
722	1879	0.0018494865
1879	1880	0.0018360665
151	1880	0.0018360665
908	1880	0.0018360665
1880	1881	0.0018319627
84	1881	0.0018319627
1881	1882	0.0018311385
212	1882	0.0018311385
974	1882	0.0018311385
1882	1883	0.0018194878
188	1883	0.0018194878
1883	1884	0.0018102631
744	1884	0.0018102631
1884	1885	0.0018074607
1741	1885	0.0018074607
1885	1886	0.0018037533
399	1886	0.0018037533
1886	1887	0.0017994787
710	1887	0.0017994787
1887	1888	0.0017920353
624	1888	0.0017920353
981	1888	0.0017920353
1888	1889	0.001784872
451	1889	0.001784872
308	1890	0.0017945287
944	1890	0.0017945287
1889	1891	0.0017818115
1727	1891	0.0017818115
1891	1892	0.0017731636
1769	1892	0.0017731636
1892	1893	0.0017651166
911	1893	0.0017651166
419	1894	0.0017718027
1765	1894	0.0017718027
1893	1895	0.0017636578
701	1895	0.0017636578
1895	1896	0.0017547187
1894	1896	0.0017547187
1896	1897	0.0017499414
561	1897	0.0017499414
1897	1898	0.001743014
1854	1898	0.001743014
1898	1899	0.001729602
854	1899	0.001729602
1899	1900	0.0017283375
425	1900	0.0017283375
1900	1901	0.0017238864
5	1901	0.0017238864
1901	1902	0.0017210344
650	1902	0.0017210344
1902	1903	0.0017118342
848	1903	0.0017118342
1903	1904	0.0017046734
1039	1904	0.0017046734
1904	1905	0.0017007642
118	1905	0.0017007642
1905	1906	0.0016836922
1766	1906	0.0016836922
1906	1907	0.0016808669
802	1907	0.0016808669
1907	1908	0.0016779201
762	1908	0.0016779201
1908	1909	0.0016746534
1890	1909	0.0016746534
1909	1910	0.0016607036
103	1910	0.0016607036
1910	1911	0.0016570206
335	1911	0.0016570206
1911	1912	0.0016439141
482	1912	0.0016439141
532	1912	0.0016439141
1102	1912	0.0016439141
1912	1913	0.0016428223
781	1913	0.0016428223
1913	1914	0.0016422459
131	1914	0.0016422459
1914	1915	0.0016404559
200	1915	0.0016404559
1915	1916	0.0016349502
903	1916	0.0016349502
1916	1917	0.0016258818
696	1917	0.0016258818
1917	1918	0.0016225671
77	1918	0.0016225671
1918	1919	0.0016056871
1048	1919	0.0016056871
1919	1920	0.001596713
936	1920	0.001596713
972	1920	0.001596713
1920	1921	0.0015892256
631	1921	0.0015892256
1921	1922	0.001588856
711	1922	0.001588856
1922	1923	0.0015854501
531	1923	0.0015854501
1923	1924	0.0015818295
963	1924	0.0015818295
1924	1925	0.0015768296
1762	1925	0.0015768296
1925	1926	0.0015650345
747	1926	0.0015650345
1926	1927	0.0015636189
970	1927	0.0015636189
1927	1928	0.0015286898
1053	1928	0.0015286898
1928	1929	0.0015169436
816	1929	0.0015169436
1003	1929	0.0015169436
1929	1930	0.0015168638
227	1930	0.0015168638
987	1930	0.0015168638
1930	1931	0.0015125163
528	1931	0.0015125163
1931	1932	0.0015073568
514	1932	0.0015073568
1932	1933	0.0015047877
1744	1933	0.0015047877
1933	1934	0.00149148
444	1934	0.00149148
1934	1935	0.0014857794
1038	1935	0.0014857794
1935	1936	0.0014646478
775	1936	0.0014646478
1936	1937	0.0014587069
1096	1937	0.0014587069
1937	1938	0.0014541174
694	1938	0.0014541174
1938	1939	0.0014510737
327	1939	0.0014510737
1939	1940	0.0014492346
359	1940	0.0014492346
1940	1941	0.0014490668
948	1941	0.0014490668
1941	1942	0.0014274138
886	1942	0.0014274138
1942	1943	0.0014266922
1099	1943	0.0014266922
1943	1944	0.0013933872
525	1944	0.0013933872
1944	1945	0.001387541
315	1945	0.001387541
1945	1946	0.0013735214
162	1946	0.0013735214
163	1946	0.0013735214
166	1946	0.0013735214
945	1946	0.0013735214
1946	1947	0.0013650608
148	1947	0.0013650608
1947	1948	0.0013555336
1738	1948	0.0013555336
734	1948	0.0013555336
899	1948	0.0013555336
1948	1949	0.001351413
614	1949	0.001351413
1949	1950	0.001351194
512	1950	0.001351194
1950	1951	0.0013486162
726	1951	0.0013486162
1951	1952	0.0013473587
856	1952	0.0013473587
1952	1953	0.0013355033
11	1953	0.0013355033
1953	1954	0.0013312572
563	1954	0.0013312572
1954	1955	0.0013233942
761	1955	0.0013233942
1955	1956	0.0013149172
135	1956	0.0013149172
1956	1957	0.0013113837
699	1957	0.0013113837
1957	1958	0.0012922034
534	1958	0.0012922034
1958	1959	0.0012771973
683	1959	0.0012771973
1012	1959	0.0012771973
1959	1960	0.0012757776
379	1960	0.0012757776
1960	1961	0.001275209
366	1961	0.001275209
1961	1962	0.0012651626
693	1962	0.0012651626
1962	1963	0.0012514578
1705	1963	0.0012514578
1963	1964	0.0012409489
296	1964	0.0012409489
1964	1965	0.0012318522
481	1965	0.0012318522
1965	1966	0.0012296278
426	1966	0.0012296278
513	1966	0.0012296278
771	1966	0.0012296278
1966	1967	0.0012211181
814	1967	0.0012211181
1967	1968	0.0012021133
54	1968	0.0012021133
1968	1969	0.0012001916
403	1969	0.0012001916
1969	1970	0.0011955546
108	1970	0.0011955546
1970	1971	0.0011943405
100	1971	0.0011943405
1971	1972	0.0011804267
287	1972	0.0011804267
1972	1973	0.0011788141
169	1973	0.0011788141
1973	1974	0.0011710528
1066	1974	0.0011710528
1974	1975	0.0011578596
38	1975	0.0011578596
430	1975	0.0011578596
1051	1975	0.0011578596
1975	1976	0.0011457268
110	1976	0.0011457268
1976	1977	0.0011341246
877	1977	0.0011341246
1977	1978	0.0011331888
268	1978	0.0011331888
1978	1979	0.0011303886
1757	1979	0.0011303886
1979	1980	0.0011069273
1052	1980	0.0011069273
1980	1981	0.0011018299
792	1981	0.0011018299
1981	1982	0.0011011942
527	1982	0.0011011942
1982	1983	0.0011002887
193	1983	0.0011002887
1983	1984	0.0010961305
658	1984	0.0010961305
1984	1985	0.0010794016
659	1985	0.0010794016
1985	1986	0.0010774243
1044	1986	0.0010774243
1986	1987	0.0010706169
1761	1987	0.0010706169
141	1988	0.0041177575
634	1988	0.0041177575
1988	1989	0.00353835
819	1989	0.00353835
276	1990	0.008283207
892	1990	0.008283207
1990	1991	0.007833384
1087	1991	0.007833384
363	1992	0.018613713
1036	1992	0.018613713
1992	1993	0.015969547
382	1993	0.015969547
364	1994	0.0012764412
554	1994	0.0012764412
402	1995	0.0059872493
1017	1995	0.0059872493
1995	1996	0.004518411
1014	1996	0.004518411
1015	1996	0.004518411
623	1997	0.033967398
983	1997	0.033967398
621	1998	0.008720584
1997	1998	0.008720584
1998	1999	0.00691964
622	1999	0.00691964
681	2000	0.009482238
797	2000	0.009482238
1987	2001	0.0010438062
277	2001	0.0010438062
2001	2002	0.001043613
649	2002	0.001043613
2002	2003	0.0010418313
1989	2003	0.0010418313
2003	2004	0.0010332409
774	2004	0.0010332409
2004	2005	0.0010302768
806	2005	0.0010302768
2005	2006	0.0010040649
29	2006	0.0010040649
2006	2007	0.0010024176
184	2007	0.0010024176
2007	2008	0.0009991879
47	2008	0.0009991879
2008	2009	0.000997608
592	2009	0.000997608
2009	2010	0.0009954147
1057	2010	0.0009954147
1	2011	0.0009875792
2010	2011	0.0009875792
2011	2012	0.0009866395
954	2012	0.0009866395
2012	2013	0.00097526825
1060	2013	0.00097526825
2013	2014	0.00096600957
959	2014	0.00096600957
2014	2015	0.0009610691
344	2015	0.0009610691
1994	2015	0.0009610691
2015	2016	0.0009580283
1013	2016	0.0009580283
2016	2017	0.0009542204
731	2017	0.0009542204
2017	2018	0.0009537932
318	2018	0.0009537932
2018	2019	0.00093997375
1999	2019	0.00093997375
2019	2020	0.00093180034
1009	2020	0.00093180034
2020	2021	0.000929295
431	2021	0.000929295
2021	2022	0.0009255159
894	2022	0.0009255159
2022	2023	0.0009183233
749	2023	0.0009183233
2023	2024	0.00090578705
423	2024	0.00090578705
2024	2025	0.0008959025
6	2025	0.0008959025
1996	2025	0.0008959025
2025	2026	0.00088208076
1094	2026	0.00088208076
2026	2027	0.00088023004
172	2027	0.00088023004
2027	2028	0.00087192346
130	2028	0.00087192346
2028	2029	0.0008668353
522	2029	0.0008668353
2029	2030	0.0008653463
319	2030	0.0008653463
2030	2031	0.0008652813
648	2031	0.0008652813
2031	2032	0.0008579555
793	2032	0.0008579555
2032	2033	0.00084704923
633	2033	0.00084704923
2033	2034	0.00083327654
350	2034	0.00083327654
2034	2035	0.0008268425
646	2035	0.0008268425
2035	2036	0.0008212279
720	2036	0.0008212279
2036	2037	0.0008066326
1104	2037	0.0008066326
2037	2038	0.00080236635
195	2038	0.00080236635
2038	2039	0.000799569
185	2039	0.000799569
2039	2040	0.0007930508
171	2040	0.0007930508
2040	2041	0.00078326615
803	2041	0.00078326615
2041	2042	0.0007488746
1991	2042	0.0007488746
2042	2043	0.0007278371
858	2043	0.0007278371
2043	2044	0.00072615955
397	2044	0.00072615955
2044	2045	0.0007192576
740	2045	0.0007192576
2045	2046	0.0006964792
838	2046	0.0006964792
2046	2047	0.0006923786
825	2047	0.0006923786
2047	2048	0.0006885591
285	2048	0.0006885591
2048	2049	0.00068597496
197	2049	0.00068597496
2049	2050	0.00068538997
595	2050	0.00068538997
2050	2051	0.00068445475
729	2051	0.00068445475
2051	2052	0.0006733088
988	2052	0.0006733088
2052	2053	0.0006674435
404	2053	0.0006674435
2053	2054	0.0006634617
109	2054	0.0006634617
2054	2055	0.00065862306
992	2055	0.00065862306
2055	2056	0.00063669385
680	2056	0.00063669385
2056	2057	0.00062888954
638	2057	0.00062888954
2057	2058	0.0006259058
835	2058	0.0006259058
2058	2059	0.00061922334
799	2059	0.00061922334
1016	2059	0.00061922334
933	2060	0.00064849405
956	2060	0.00064849405
2059	2061	0.0006176985
591	2061	0.0006176985
2061	2062	0.0006172673
58	2062	0.0006172673
2062	2063	0.00061626284
2060	2063	0.00061626284
2063	2064	0.00061351474
380	2064	0.00061351474
2064	2065	0.00060795835
400	2065	0.00060795835
2065	2066	0.0006011609
820	2066	0.0006011609
2066	2067	0.000596061
320	2067	0.000596061
85	2068	0.0008128464
800	2068	0.0008128464
1993	2069	0.0007230111
551	2069	0.0007230111
2067	2070	0.00058915745
306	2070	0.00058915745
338	2070	0.00058915745
343	2070	0.00058915745
895	2070	0.00058915745
2070	2071	0.00058436365
914	2071	0.00058436365
2071	2072	0.00058157404
2000	2072	0.00058157404
2072	2073	0.00056284876
217	2073	0.00056284876
2073	2074	0.0005626641
119	2074	0.0005626641
2074	2075	0.0005520049
436	2075	0.0005520049
2075	2076	0.0005453841
2069	2076	0.0005453841
2076	2077	0.0005405547
1062	2077	0.0005405547
2077	2078	0.0005366193
2068	2078	0.0005366193
2078	2079	0.00053059397
836	2079	0.00053059397
1092	2079	0.00053059397
2079	2080	0.0005183906
281	2080	0.0005183906
2080	2081	0.0005104072
357	2081	0.0005104072
2081	2082	0.00048521778
226	2082	0.00048521778
2082	2083	0.00048232617
370	2083	0.00048232617
2083	2084	0.00046182598
787	2084	0.00046182598
2084	2085	0.00046140098
520	2085	0.00046140098
2085	2086	0.00045453763
515	2086	0.00045453763
2086	2087	0.00045306247
207	2087	0.00045306247
2087	2088	0.00045115963
990	2088	0.00045115963
2088	2089	0.00044160878
1042	2089	0.00044160878
2089	2090	0.00043910628
1103	2090	0.00043910628
2090	2091	0.00043670592
324	2091	0.00043670592
2091	2092	0.00043207296
547	2092	0.00043207296
737	2092	0.00043207296
2092	2093	0.0004298005
147	2093	0.0004298005
2093	2094	0.00042616486
1075	2094	0.00042616486
2094	2095	0.00042408708
323	2095	0.00042408708
2095	2096	0.0004143186
76	2096	0.0004143186
2096	2097	0.00041055708
445	2097	0.00041055708
2097	2098	0.00040269282
73	2098	0.00040269282
2098	2099	0.00040119246
906	2099	0.00040119246
2099	2100	0.00038135177
173	2100	0.00038135177
2100	2101	0.0003629332
830	2101	0.0003629332
2101	2102	0.0003606026
629	2102	0.0003606026
2102	2103	0.00034630648
1081	2103	0.00034630648
2103	2104	0.00034046159
926	2104	0.00034046159
2104	2105	0.00033193818
210	2105	0.00033193818
2105	2106	0.00032316058
857	2106	0.00032316058
2106	2107	0.00031762506
177	2107	0.00031762506
2107	2108	0.00031453467
667	2108	0.00031453467
2108	2109	0.00029980938
804	2109	0.00029980938
2109	2110	0.00028473412
1059	2110	0.00028473412
1022	2111	0.00028418275
1105	2111	0.00028418275
26	2112	0.00027716116
2111	2112	0.00027716116
2110	2113	0.0002561197
2112	2113	0.0002561197
258	2113	0.0002561197
2113	2114	0.00022411271
146	2114	0.00022411271
2114	2115	0.00022220502
626	2115	0.00022220502
2115	2116	0.00021237065
278	2116	0.00021237065
2116	2117	0.00020188151
672	2117	0.00020188151
2117	2118	0.00019091311
291	2118	0.00019091311
2118	2119	0.00018364332
275	2119	0.00018364332
2119	2120	0.00016426934
316	2120	0.00016426934
2120	2121	0.00014924962
7	2121	0.00014924962
2121	2122	0.00014758247
918	2122	0.00014758247
2122	2123	0.00013339643
441	2123	0.00013339643
2123	2124	0.0001088375
269	2124	0.0001088375
2124	2125	0.000106452644
460	2125	0.000106452644
2125	2126	9.500978e-05
134	2126	9.500978e-05
2126	2127	8.773901e-05
580	2127	8.773901e-05
2127	2128	8.022751e-05
526	2128	8.022751e-05
2128	2129	5.7339632e-05
610	2129	5.7339632e-05
2129	2130	5.4478667e-05
468	2130	5.4478667e-05
2130	2131	3.0636576e-05
916	2131	3.0636576e-05
2131	2132	3.0219504e-05
1021	2132	3.0219504e-05
2132	2133	6.914143e-06
682	2133	6.914143e-06