9	766	0.022822527
271	766	0.022822527
11	767	0.01326496
610	767	0.01326496
767	768	0.013138405
748	768	0.013138405
768	769	0.013132929
649	769	0.013132929
548	770	0.02831928
597	770	0.02831928
506	771	0.019778103
770	771	0.019778103
771	772	0.017774282
627	772	0.017774282
90	773	0.01639555
772	773	0.01639555
773	774	0.014216776
484	774	0.014216776
92	775	0.018606447
724	775	0.018606447
376	776	0.03388078
419	776	0.03388078
142	777	0.032362115
776	777	0.032362115
504	778	0.02509831
740	778	0.02509831
769	779	0.012559898
389	779	0.012559898
774	780	0.012910278
775	780	0.012910278
779	781	0.01117679
780	781	0.01117679
47	782	0.009785417
341	782	0.009785417
781	783	0.008679707
782	783	0.008679707
783	784	0.00862562
515	784	0.00862562
777	785	0.011750299
778	785	0.011750299
505	785	0.011750299
785	786	0.00969107
188	786	0.00969107
786	787	0.009672896
275	787	0.009672896
784	788	0.008466067
628	788	0.008466067
788	789	0.008446006
177	789	0.008446006
789	790	0.0075867986
581	790	0.0075867986
790	791	0.0075318497
720	791	0.0075318497
791	792	0.0072372835
598	792	0.0072372835
787	793	0.007275438
306	793	0.007275438
792	794	0.007072516
793	794	0.007072516
794	795	0.00620722
516	795	0.00620722
795	796	0.005979605
547	796	0.005979605
13	797	0.061064206
195	797	0.061064206
797	798	0.040887997
194	798	0.040887997
798	799	0.040567398
193	799	0.040567398
799	800	0.017149338
742	800	0.017149338
297	801	0.024669671
731	801	0.024669671
127	802	0.019127626
801	802	0.019127626
343	803	0.026463496
349	803	0.026463496
158	804	0.02293179
803	804	0.02293179
804	805	0.019831369
426	805	0.019831369
167	806	0.03807617
197	806	0.03807617
181	807	0.085725635
530	807	0.085725635
235	808	0.048172534
372	808	0.048172534
808	809	0.03859195
693	809	0.03859195
807	810	0.03339373
809	810	0.03339373
810	811	0.026392696
206	811	0.026392696
811	812	0.019410672
640	812	0.019410672
203	813	0.026686827
601	813	0.026686827
527	814	0.019951576
715	814	0.019951576
814	815	0.016883451
528	815	0.016883451
638	816	0.015942404
639	816	0.015942404
800	817	0.010245133
196	817	0.010245133
149	818	0.014436936
805	818	0.014436936
818	819	0.013716478
559	819	0.013716478
82	820	0.013581161
819	820	0.013581161
820	821	0.012967929
802	821	0.012967929
821	822	0.012778342
340	822	0.012778342
822	823	0.011762161
736	823	0.011762161
98	824	0.009399149
816	824	0.009399149
824	825	0.009308577
519	825	0.009308577
825	826	0.008957003
498	826	0.008957003
826	827	0.008751957
392	827	0.008751957
106	828	0.009590633
813	828	0.009590633
812	829	0.014132423
680	829	0.014132423
184	830	0.00851173
185	830	0.00851173
427	831	0.008803192
815	831	0.008803192
823	832	0.0075647985
239	832	0.0075647985
832	833	0.0071076327
828	833	0.0071076327
494	834	0.007806007
743	834	0.007806007
833	835	0.006955207
834	835	0.006955207
827	836	0.0073125213
244	836	0.0073125213
836	837	0.006872986
830	837	0.006872986
837	838	0.006746375
806	838	0.006746375
381	839	0.008160933
831	839	0.008160933
835	840	0.0067197825
470	840	0.0067197825
829	841	0.006649476
839	841	0.006649476
817	842	0.006626493
840	842	0.006626493
841	842	0.006626493
842	843	0.0064366725
96	843	0.0064366725
843	844	0.0063253664
164	844	0.0063253664
844	845	0.00557861
838	845	0.00557861
17	846	0.020578338
34	846	0.020578338
846	847	0.009762827
226	847	0.009762827
847	848	0.008274833
288	848	0.008274833
22	849	0.045899447
81	849	0.045899447
224	850	0.044872686
236	850	0.044872686
850	851	0.036819745
696	851	0.036819745
849	852	0.008689026
851	852	0.008689026
23	853	0.012727302
537	853	0.012727302
853	854	0.011747781
692	854	0.011747781
153	855	0.016429167
442	855	0.016429167
26	856	0.013962803
292	856	0.013962803
856	857	0.0138426935
855	857	0.0138426935
31	858	0.06496722
32	858	0.06496722
221	859	0.039466962
385	859	0.039466962
859	860	0.033264827
279	860	0.033264827
858	861	0.03240838
860	861	0.03240838
861	862	0.028760172
161	862	0.028760172
179	863	0.012110256
550	863	0.012110256
862	864	0.0104796095
99	864	0.0104796095
863	864	0.0104796095
864	865	0.010452106
280	865	0.010452106
865	866	0.010345012
592	866	0.010345012
708	866	0.010345012
29	867	0.009620335
866	867	0.009620335
867	868	0.009210927
30	868	0.009210927
868	869	0.0076229614
88	869	0.0076229614
869	870	0.007018948
33	870	0.007018948
35	871	0.008453595
258	871	0.008453595
871	872	0.0060231932
460	872	0.0060231932
872	873	0.0057638423
522	873	0.0057638423
54	874	0.025067613
501	874	0.025067613
874	875	0.015713729
83	875	0.015713729
875	876	0.014977572
411	876	0.014977572
876	877	0.012646392
324	877	0.012646392
877	878	0.011538007
323	878	0.011538007
878	879	0.010102869
604	879	0.010102869
160	880	0.010631449
710	880	0.010631449
39	881	0.006731009
879	881	0.006731009
102	882	0.007950005
880	882	0.007950005
882	883	0.006642464
122	883	0.006642464
881	884	0.006215068
268	884	0.006215068
884	885	0.0058501335
322	885	0.0058501335
885	886	0.0057720304
883	886	0.0057720304
439	887	0.022202287
567	887	0.022202287
590	888	0.022571083
756	888	0.022571083
887	889	0.019685695
573	889	0.019685695
889	890	0.017236194
888	890	0.017236194
213	891	0.017125096
890	891	0.017125096
71	892	0.01494236
891	892	0.01494236
892	893	0.013845916
468	893	0.013845916
893	894	0.01308063
760	894	0.01308063
894	895	0.01212714
438	895	0.01212714
895	896	0.012051675
200	896	0.012051675
896	897	0.010390335
166	897	0.010390335
897	898	0.009853589
232	898	0.009853589
898	899	0.00912739
170	899	0.00912739
899	900	0.008108266
755	900	0.008108266
900	901	0.005896675
229	901	0.005896675
901	902	0.0056621647
574	902	0.0056621647
86	903	0.0068560755
222	903	0.0068560755
95	904	0.009405132
380	904	0.009405132
904	905	0.006289098
281	905	0.006289098
416	906	0.18599805
417	906	0.18599805
309	907	0.09500997
906	907	0.09500997
907	908	0.01807788
645	908	0.01807788
646	908	0.01807788
908	909	0.0129969185
653	909	0.0129969185
97	910	0.011858216
909	910	0.011858216
114	911	0.009940562
267	911	0.009940562
130	912	0.019752285
603	912	0.019752285
131	913	0.011962666
661	913	0.011962666
138	914	0.017513992
176	914	0.017513992
914	915	0.015644923
751	915	0.015644923
915	916	0.006699301
685	916	0.006699301
245	917	0.011240281
480	917	0.011240281
143	918	0.008014564
917	918	0.008014564
145	919	0.03595003
146	919	0.03595003
919	920	0.008612704
599	920	0.008612704
920	921	0.008376464
147	921	0.008376464
150	922	0.0081023695
467	922	0.0081023695
183	923	0.015450101
289	923	0.015450101
923	924	0.009484806
673	924	0.009484806
924	925	0.009137137
311	925	0.009137137
925	926	0.008449809
462	926	0.008449809
926	927	0.00743863
260	927	0.00743863
216	928	0.02811681
342	928	0.02811681
928	929	0.021398082
301	929	0.021398082
234	930	0.06529975
295	930	0.06529975
930	931	0.044148307
671	931	0.044148307
240	932	0.012861271
424	932	0.012861271
531	933	0.018594835
725	933	0.018594835
933	934	0.007978502
711	934	0.007978502
256	935	0.005731705
934	935	0.005731705
273	936	0.006800399
642	936	0.006800399
749	936	0.006800399
293	937	0.0074340473
563	937	0.0074340473
296	938	0.0077299154
361	938	0.0077299154
315	939	0.014637141
387	939	0.014637141
325	940	0.009118577
734	940	0.009118577
354	941	0.013112999
355	941	0.013112999
353	942	0.009867155
941	942	0.009867155
942	943	0.0067152246
357	943	0.0067152246
943	944	0.0061806496
552	944	0.0061806496
363	945	0.010942456
500	945	0.010942456
582	945	0.010942456
375	946	0.030668942
386	946	0.030668942
946	947	0.012752245
695	947	0.012752245
947	948	0.009533782
533	948	0.009533782
397	949	0.0062806243
400	949	0.0062806243
407	950	0.024929412
669	950	0.024929412
950	951	0.013004084
423	951	0.013004084
951	952	0.006119445
422	952	0.006119445
428	953	0.017617052
655	953	0.017617052
445	954	0.053775605
613	954	0.053775605
954	955	0.02208981
466	955	0.02208981
955	956	0.011705511
634	956	0.011705511
455	957	0.017825702
637	957	0.017825702
463	958	0.021876652
464	958	0.021876652
958	959	0.012170822
690	959	0.012170822
472	960	0.014200476
584	960	0.014200476
478	961	0.016745195
594	961	0.016745195
961	962	0.011883694
735	962	0.011883694
536	963	0.030181173
562	963	0.030181173
659	964	0.02290983
688	964	0.02290983
964	965	0.015648976
686	965	0.015648976
665	966	0.010023779
666	966	0.010023779
766	967	0.004560045
701	967	0.004560045
796	968	0.005305876
517	968	0.005305876
968	969	0.005277245
657	969	0.005277245
845	970	0.0055596456
538	970	0.0055596456
969	971	0.0052697607
970	971	0.0052697607
971	972	0.0051347567
429	972	0.0051347567
936	973	0.004892364
539	973	0.004892364
641	973	0.004892364
972	974	0.0048324987
329	974	0.0048324987
974	975	0.0048299497
852	975	0.0048299497
973	975	0.0048299497
945	975	0.0048299497
948	975	0.0048299497
963	975	0.0048299497
975	976	0.00480006
124	976	0.00480006
976	977	0.0047704177
857	977	0.0047704177
931	977	0.0047704177
977	978	0.0047589983
739	978	0.0047589983
978	979	0.004726532
370	979	0.004726532
535	979	0.004726532
912	980	0.005355803
922	980	0.005355803
20	981	0.00529485
980	981	0.00529485
927	981	0.00529485
873	982	0.005403209
473	982	0.005403209
982	983	0.0047305278
960	983	0.0047305278
55	984	0.005492197
57	984	0.005492197
902	985	0.0053757927
732	985	0.0053757927
985	986	0.0047481935
453	986	0.0047481935
986	987	0.004726532
433	987	0.004726532
572	987	0.004726532
938	988	0.0047669276
383	988	0.0047669276
365	989	0.0054163462
952	989	0.0054163462
989	990	0.004899372
483	990	0.004899372
979	991	0.004720616
606	991	0.004720616
991	992	0.004715295
497	992	0.004715295
992	993	0.004646136
854	993	0.004646136
993	994	0.0046433685
675	994	0.0046433685
981	995	0.004674679
870	995	0.004674679
990	995	0.004674679
587	995	0.004674679
678	995	0.004674679
994	996	0.004627417
995	996	0.004627417
984	996	0.004627417
364	996	0.004627417
406	996	0.004627417
482	996	0.004627417
965	996	0.004627417
996	997	0.0045939414
983	997	0.0045939414
886	997	0.0045939414
318	997	0.0045939414
520	997	0.0045939414
676	997	0.0045939414
997	998	0.0045712995
190	998	0.0045712995
998	999	0.0045552035
988	999	0.0045552035
999	1000	0.0044671367
542	1000	0.0044671367
1000	1001	0.004442469
58	1001	0.004442469
1001	1002	0.004363999
987	1002	0.004363999
1002	1003	0.0043061757
514	1003	0.0043061757
1003	1004	0.004249726
303	1004	0.004249726
1004	1005	0.0042369114
56	1005	0.0042369114
1005	1006	0.004220616
137	1006	0.004220616
1006	1007	0.00421249
191	1007	0.00421249
1007	1008	0.0042027407
602	1008	0.0042027407
42	1009	0.0049916524
43	1009	0.0049916524
910	1010	0.005131159
471	1010	0.005131159
911	1011	0.0042989263
126	1011	0.0042989263
163	1012	0.004544431
932	1012	0.004544431
962	1013	0.004895693
620	1013	0.004895693
1008	1014	0.0041569
1010	1014	0.0041569
1014	1015	0.0041545336
848	1015	0.0041545336
1015	1016	0.0041179354
305	1016	0.0041179354
1016	1017	0.004073803
944	1017	0.004073803
1017	1018	0.004066527
763	1018	0.004066527
1018	1019	0.0040550474
1013	1019	0.0040550474
1019	1020	0.0040168446
249	1020	0.0040168446
202	1021	0.0040647355
243	1021	0.0040647355
1020	1022	0.0039975825
458	1022	0.0039975825
1022	1023	0.003969734
664	1023	0.003969734
1023	1024	0.0039406815
451	1024	0.0039406815
1024	1025	0.0037669123
101	1025	0.0037669123
1012	1025	0.0037669123
1021	1025	0.0037669123
585	1025	0.0037669123
1025	1026	0.003749253
435	1026	0.003749253
1026	1027	0.00371952
529	1027	0.00371952
1027	1028	0.0036964398
285	1028	0.0036964398
1011	1029	0.003908124
404	1029	0.003908124
1029	1030	0.00376494
374	1030	0.00376494
956	1031	0.0037920538
611	1031	0.0037920538
612	1031	0.0037920538
1028	1032	0.0036923257
723	1032	0.0036923257
1032	1033	0.003675112
1030	1033	0.003675112
1031	1033	0.003675112
737	1033	0.003675112
1033	1034	0.0036711765
109	1034	0.0036711765
1034	1035	0.0036697697
905	1035	0.0036697697
1035	1036	0.003657409
662	1036	0.003657409
1036	1037	0.0036472138
935	1037	0.0036472138
1037	1038	0.0036043765
61	1038	0.0036043765
1038	1039	0.0035546753
929	1039	0.0035546753
1039	1040	0.0034783399
348	1040	0.0034783399
1040	1041	0.0034446486
80	1041	0.0034446486
1041	1042	0.0033892703
382	1042	0.0033892703
1042	1043	0.0033794553
663	1043	0.0033794553
1043	1044	0.003373995
415	1044	0.003373995
1044	1045	0.0033683565
1009	1045	0.0033683565
24	1046	0.0045696986
40	1046	0.0045696986
51	1047	0.0039211586
499	1047	0.0039211586
65	1048	0.003465947
656	1048	0.003465947
111	1049	0.003498045
120	1049	0.003498045
135	1050	0.0049478062
317	1050	0.0049478062
396	1051	0.0045552035
949	1051	0.0045552035
1051	1052	0.0039789462
545	1052	0.0039789462
1052	1053	0.0038775746
403	1053	0.0038775746
1053	1054	0.00356429
402	1054	0.00356429
1045	1055	0.0033188472
247	1055	0.0033188472
1055	1056	0.00330154
1049	1056	0.00330154
698	1056	0.00330154
713	1056	0.00330154
1056	1057	0.0032451914
541	1057	0.0032451914
1057	1058	0.003236314
564	1058	0.003236314
1058	1059	0.003232704
173	1059	0.003232704
1059	1060	0.0032251256
441	1060	0.0032251256
1060	1061	0.003183422
457	1061	0.003183422
1061	1062	0.0031605281
916	1062	0.0031605281
1062	1063	0.0031026544
178	1063	0.0031026544
1063	1064	0.0030918408
165	1064	0.0030918408
2	1065	0.0030557301
1064	1065	0.0030557301
1046	1065	0.0030557301
87	1065	0.0030557301
1050	1065	0.0030557301
220	1065	0.0030557301
436	1065	0.0030557301
684	1065	0.0030557301
1065	1066	0.0030307393
250	1066	0.0030307393
1066	1067	0.0029738343
52	1067	0.0029738343
1067	1068	0.0029424613
939	1068	0.0029424613
1068	1069	0.0029413083
237	1069	0.0029413083
449	1069	0.0029413083
1069	1070	0.0029197761
758	1070	0.0029197761
1070	1071	0.0028919384
314	1071	0.0028919384
1071	1072	0.0028804766
312	1072	0.0028804766
1072	1073	0.0028518897
495	1073	0.0028518897
1073	1074	0.0028281552
261	1074	0.0028281552
1074	1075	0.0028073583
635	1075	0.0028073583
918	1076	0.002902488
144	1076	0.002902488
1075	1077	0.0028040414
45	1077	0.0028040414
1077	1078	0.0027957312
263	1078	0.0027957312
1078	1079	0.00273517
556	1079	0.00273517
1079	1080	0.0026989721
1076	1080	0.0026989721
940	1080	0.0026989721
1080	1081	0.0026932424
91	1081	0.0026932424
345	1081	0.0026932424
654	1081	0.0026932424
1081	1082	0.0026836838
391	1082	0.0026836838
1082	1083	0.0026629628
967	1083	0.0026629628
1048	1084	0.002672266
623	1084	0.002672266
726	1085	0.0033394794
728	1085	0.0033394794
85	1086	0.0028501265
1085	1086	0.0028501265
223	1087	0.0030634874
1054	1087	0.0030634874
1083	1088	0.0026608277
921	1088	0.0026608277
1088	1089	0.0026512758
629	1089	0.0026512758
1089	1090	0.0026403044
64	1090	0.0026403044
1090	1091	0.0026110553
454	1091	0.0026110553
1091	1092	0.0025732736
286	1092	0.0025732736
1092	1093	0.0025557405
1047	1093	0.0025557405
1093	1094	0.0025459947
420	1094	0.0025459947
1094	1095	0.002544442
502	1095	0.002544442
1095	1096	0.0025117463
619	1096	0.0025117463
1096	1097	0.0024641915
78	1097	0.0024641915
1097	1098	0.0024429923
595	1098	0.0024429923
1098	1099	0.0024395688
266	1099	0.0024395688
1086	1100	0.0025624007
491	1100	0.0025624007
1087	1101	0.0025425958
398	1101	0.0025425958
1099	1102	0.0024111066
1100	1102	0.0024111066
618	1102	0.0024111066
1102	1103	0.0024089993
331	1103	0.0024089993
46	1104	0.0024339138
477	1104	0.0024339138
558	1104	0.0024339138
1103	1105	0.0024016325
1104	1105	0.0024016325
1084	1105	0.0024016325
913	1105	0.0024016325
248	1105	0.0024016325
253	1105	0.0024016325
377	1105	0.0024016325
1105	1106	0.0023974725
94	1106	0.0023974725
1106	1107	0.002343848
605	1107	0.002343848
1107	1108	0.0023136449
302	1108	0.0023136449
1108	1109	0.0023098295
116	1109	0.0023098295
1109	1110	0.0023058737
421	1110	0.0023058737
1110	1111	0.0022946158
225	1111	0.0022946158
1111	1112	0.0022773752
727	1112	0.0022773752
1112	1113	0.0022714892
141	1113	0.0022714892
1101	1113	0.0022714892
1113	1114	0.0022524374
534	1114	0.0022524374
1114	1115	0.0022201294
328	1115	0.0022201294
1115	1116	0.0022181775
703	1116	0.0022181775
16	1117	0.0031622718
702	1117	0.0031622718
125	1118	0.0031965098
321	1118	0.0031965098
171	1119	0.003110943
227	1119	0.003110943
174	1120	0.0040532663
668	1120	0.0040532663
1120	1121	0.002498662
953	1121	0.002498662
198	1122	0.0025117463
287	1122	0.0025117463
241	1123	0.0026299919
264	1123	0.0026299919
262	1124	0.002958299
733	1124	0.002958299
316	1125	0.0022297115
957	1125	0.0022297115
674	1126	0.0029147372
765	1126	0.0029147372
320	1127	0.0026355765
1126	1127	0.0026355765
1116	1128	0.0022087696
764	1128	0.0022087696
1128	1129	0.0022065805
395	1129	0.0022065805
1129	1130	0.0021498615
384	1130	0.0021498615
1130	1131	0.0021398724
238	1131	0.0021398724
1131	1132	0.0020962914
70	1132	0.0020962914
1132	1133	0.0020920618
721	1133	0.0020920618
1133	1134	0.002071166
1125	1134	0.002071166
1134	1135	0.0020655757
593	1135	0.0020655757
670	1135	0.0020655757
1135	1136	0.0019777785
959	1136	0.0019777785
1136	1137	0.0019682685
744	1137	0.0019682685
1137	1138	0.0019550207
469	1138	0.0019550207
1138	1139	0.0019016137
66	1139	0.0019016137
1139	1140	0.0018620419
489	1140	0.0018620419
1127	1141	0.0021991814
660	1141	0.0021991814
1141	1142	0.0019703861
647	1142	0.0019703861
1140	1143	0.0018520309
362	1143	0.0018520309
1143	1144	0.001821702
3	1144	0.001821702
1144	1145	0.0018178812
614	1145	0.0018178812
1145	1146	0.0017982057
1121	1146	0.0017982057
344	1146	0.0017982057
1146	1147	0.0017686365
681	1147	0.0017686365
1147	1148	0.0017643654
50	1148	0.0017643654
450	1148	0.0017643654
571	1148	0.0017643654
588	1148	0.0017643654
1148	1149	0.001749049
461	1149	0.001749049
1149	1150	0.00174298
625	1150	0.00174298
1150	1151	0.0017396848
219	1151	0.0017396848
242	1152	0.001749049
1142	1152	0.001749049
270	1153	0.0017643654
557	1153	0.0017643654
1151	1154	0.0017257922
68	1154	0.0017257922
1154	1155	0.0017241528
1153	1155	0.0017241528
1155	1156	0.0017070273
1118	1156	0.0017070273
304	1156	0.0017070273
1156	1157	0.0016938612
278	1157	0.0016938612
1157	1158	0.0016918344
1152	1158	0.0016918344
1158	1159	0.0016861911
299	1159	0.0016861911
1159	1160	0.0016727716
752	1160	0.0016727716
1160	1161	0.0016634403
577	1161	0.0016634403
1161	1162	0.0016422762
631	1162	0.0016422762
1162	1163	0.0016288334
136	1163	0.0016288334
1163	1164	0.0016269108
510	1164	0.0016269108
1164	1165	0.0016137142
1122	1165	0.0016137142
1165	1166	0.0016117168
358	1166	0.0016117168
1166	1167	0.0016061353
38	1167	0.0016061353
493	1167	0.0016061353
1167	1168	0.0015868698
157	1168	0.0015868698
1168	1169	0.0015754163
503	1169	0.0015754163
1169	1170	0.0015679114
448	1170	0.0015679114
1170	1171	0.0015602555
408	1171	0.0015602555
608	1171	0.0015602555
1171	1172	0.0015585795
937	1172	0.0015585795
447	1172	0.0015585795
697	1172	0.0015585795
712	1172	0.0015585795
729	1172	0.0015585795
1172	1173	0.0015354167
622	1173	0.0015354167
1173	1174	0.001529519
115	1174	0.001529519
1174	1175	0.0014780005
546	1175	0.0014780005
1175	1176	0.0014743491
272	1176	0.0014743491
1176	1177	0.0014723032
401	1177	0.0014723032
492	1177	0.0014723032
1177	1178	0.0014649268
112	1178	0.0014649268
1178	1179	0.0014573691
394	1179	0.0014573691
1179	1180	0.0014496963
199	1180	0.0014496963
1180	1181	0.0014303514
152	1181	0.0014303514
430	1181	0.0014303514
1181	1182	0.0014228913
636	1182	0.0014228913
1182	1183	0.0014077572
583	1183	0.0014077572
1183	1184	0.0013980438
74	1184	0.0013980438
1184	1185	0.0013961741
77	1185	0.0013961741
1185	1186	0.0013942461
459	1186	0.0013942461
1186	1187	0.0013923522
757	1187	0.0013923522
1187	1188	0.0013788446
252	1188	0.0013788446
1188	1189	0.0013771337
667	1189	0.0013771337
1189	1190	0.0013750842
151	1190	0.0013750842
1190	1191	0.0013713174
19	1191	0.0013713174
1191	1192	0.0013673612
336	1192	0.0013673612
966	1192	0.0013673612
1192	1193	0.0013618883
903	1193	0.0013618883
129	1194	0.0014686425
643	1194	0.0014686425
1193	1195	0.0013523039
390	1195	0.0013523039
1195	1196	0.001331311
1123	1196	0.001331311
1196	1197	0.0013238426
339	1197	0.0013238426
1197	1198	0.0013104103
172	1198	0.0013104103
1198	1199	0.0013048702
75	1199	0.0013048702
1199	1200	0.0012950615
48	1200	0.0012950615
1200	1201	0.0012892411
575	1201	0.0012892411
1201	1202	0.0012857757
8	1202	0.0012857757
1202	1203	0.001283685
437	1203	0.001283685
1203	1204	0.0012816255
255	1204	0.0012816255
1204	1205	0.0012778261
652	1205	0.0012778261
1205	1206	0.0012740914
104	1206	0.0012740914
1206	1207	0.001230263
568	1207	0.001230263
1207	1208	0.0012245966
73	1208	0.0012245966
1208	1209	0.0012168349
1117	1209	0.0012168349
1209	1210	0.0011958263
399	1210	0.0011958263
1210	1211	0.0011711536
393	1211	0.0011711536
1211	1212	0.0011615289
709	1212	0.0011615289
1212	1213	0.0011578042
335	1213	0.0011578042
704	1213	0.0011578042
1213	1214	0.001153929
140	1214	0.001153929
1214	1215	0.0011520255
1194	1215	0.0011520255
465	1215	0.0011520255
1215	1216	0.0011291427
371	1216	0.0011291427
1216	1217	0.001115845
215	1217	0.001115845
699	1217	0.001115845
1217	1218	0.0011137478
687	1218	0.0011137478
1218	1219	0.0011100563
121	1219	0.0011100563
1219	1220	0.0011082012
511	1220	0.0011082012
1220	1221	0.001104352
672	1221	0.001104352
1221	1222	0.0011025544
69	1222	0.0011025544
432	1223	0.0013351057
624	1223	0.0013351057
1222	1224	0.0010926675
192	1224	0.0010926675
1224	1225	0.0010909965
388	1225	0.0010909965
1225	1226	0.001085294
518	1226	0.001085294
1	1227	0.0010813109
1226	1227	0.0010813109
1227	1228	0.0010795732
351	1228	0.0010795732
425	1228	0.0010795732
1228	1229	0.0010699296
753	1229	0.0010699296
1229	1230	0.0010586153
291	1230	0.0010586153
379	1230	0.0010586153
110	1231	0.0010547534
265	1231	0.0010547534
1230	1232	0.0010529656
745	1232	0.0010529656
1232	1233	0.0010338268
474	1233	0.0010338268
1233	1234	0.001028126
1119	1234	0.001028126
1223	1234	0.001028126
1234	1235	0.0010222954
1231	1235	0.0010222954
1235	1236	0.0010185018
298	1236	0.0010185018
1236	1237	0.0010128692
189	1237	0.0010128692
1237	1238	0.0010052066
476	1238	0.0010052066
1238	1239	0.00100327
512	1239	0.00100327
1239	1240	0.0009975636
578	1240	0.0009975636
1240	1241	0.0009630304
615	1241	0.0009630304
1241	1242	0.00096130517
308	1242	0.00096130517
1242	1243	0.0009574929
513	1243	0.0009574929
1243	1244	0.0009517669
346	1244	0.0009517669
1244	1245	0.0009499254
7	1245	0.0009499254
1245	1246	0.0009420946
117	1246	0.0009420946
705	1246	0.0009420946
1246	1247	0.0009269356
475	1247	0.0009269356
1247	1248	0.00091743364
352	1248	0.00091743364
405	1248	0.00091743364
1248	1249	0.00091362034
212	1249	0.00091362034
689	1249	0.00091362034
21	1250	0.0016689006
481	1250	0.0016689006
1250	1251	0.0012990447
366	1251	0.0012990447
72	1252	0.0019874217
162	1252	0.0019874217
434	1253	0.0012283919
569	1253	0.0012283919
1253	1254	0.0010719643
570	1254	0.0010719643
1249	1255	0.00090977305
716	1255	0.00090977305
1255	1256	0.00089830306
25	1256	0.00089830306
1256	1257	0.0008735798
714	1257	0.0008735798
1257	1258	0.0008698266
456	1258	0.0008698266
540	1258	0.0008698266
1258	1259	0.000867836
233	1259	0.000867836
444	1259	0.000867836
706	1259	0.000867836
1259	1260	0.00086410134
214	1260	0.00086410134
1260	1261	0.00086216436
600	1261	0.00086216436
1261	1262	0.0008429589
746	1262	0.0008429589
1262	1263	0.00083538936
330	1263	0.00083538936
1263	1264	0.0008316003
294	1264	0.0008316003
431	1264	0.0008316003
1264	1265	0.0008277233
561	1265	0.0008277233
1265	1266	0.00082587724
27	1266	0.00082587724
1266	1267	0.0008106095
718	1267	0.0008106095
1267	1268	0.0008086934
648	1268	0.0008086934
1268	1269	0.0008049121
1251	1269	0.0008049121
747	1269	0.0008049121
1269	1270	0.0007991569
310	1270	0.0007991569
1270	1271	0.000789684
113	1271	0.000789684
1271	1272	0.0007724928
274	1272	0.0007724928
1272	1273	0.0007667417
360	1273	0.0007667417
1273	1274	0.00076294044
103	1274	0.00076294044
1274	1275	0.0007591612
15	1275	0.0007591612
1275	1276	0.00075345207
350	1276	0.00075345207
682	1276	0.00075345207
1276	1277	0.0007420022
28	1277	0.0007420022
41	1277	0.0007420022
1277	1278	0.0007191193
586	1278	0.0007191193
1278	1279	0.0007152446
722	1279	0.0007152446
1279	1280	0.0007056732
579	1280	0.0007056732
1280	1281	0.0006980971
4	1281	0.0006980971
134	1281	0.0006980971
1281	1282	0.0006962115
209	1282	0.0006962115
1282	1283	0.00069428113
418	1283	0.00069428113
1283	1284	0.0006848174
750	1284	0.0006848174
1284	1285	0.00068281987
89	1285	0.00068281987
1285	1286	0.0006637202
617	1286	0.0006637202
651	1286	0.0006637202
1286	1287	0.00065623247
148	1287	0.00065623247
1287	1288	0.0006542335
337	1288	0.0006542335
1288	1289	0.0006523293
313	1289	0.0006523293
1289	1290	0.00065041776
60	1290	0.00065041776
1290	1291	0.0006408062
108	1291	0.0006408062
1291	1292	0.0006274986
277	1292	0.0006274986
367	1292	0.0006274986
524	1292	0.0006274986
1292	1293	0.0006160743
719	1293	0.0006160743
1293	1294	0.00060469867
79	1294	0.00060469867
36	1295	0.0006408062
63	1295	0.0006408062
1294	1296	0.0005932086
554	1296	0.0005932086
1296	1297	0.00059127656
1295	1297	0.00059127656
409	1297	0.00059127656
1297	1298	0.00058934593
580	1298	0.00058934593
508	1299	0.00058934593
566	1299	0.00058934593
1298	1300	0.00057416013
1299	1300	0.00057416013
1300	1301	0.0005587976
509	1301	0.0005587976
1301	1302	0.00053601456
307	1302	0.00053601456
1302	1303	0.00052641646
207	1303	0.00052641646
208	1303	0.00052641646
1303	1304	0.00052450894
596	1304	0.00052450894
1304	1305	0.00051119406
479	1305	0.00051119406
1305	1306	0.0005092527
576	1306	0.0005092527
677	1306	0.0005092527
1306	1307	0.0005054357
1252	1307	0.0005054357
1307	1308	0.0005016613
283	1308	0.0005016613
591	1308	0.0005016613
1308	1309	0.000484476
412	1309	0.000484476
1309	1310	0.0004711241
356	1310	0.0004711241
607	1310	0.0004711241
1310	1311	0.0004634804
679	1311	0.0004634804
1311	1312	0.00046157278
251	1312	0.00046157278
1312	1313	0.00045970723
84	1313	0.00045970723
230	1313	0.00045970723
658	1313	0.00045970723
1313	1314	0.00045204686
526	1314	0.00045204686
1314	1315	0.00044442483
338	1315	0.00044442483
1315	1316	0.00044249228
37	1316	0.00044249228
1316	1317	0.0004348618
269	1317	0.0004348618
1317	1318	0.00041961588
319	1318	0.00041961588
1318	1319	0.0004138416
132	1319	0.0004138416
1319	1320	0.00040627088
632	1320	0.00040627088
1320	1321	0.00040242626
139	1321	0.00040242626
1321	1322	0.0003909894
133	1322	0.0003909894
1322	1323	0.00038337443
410	1323	0.00038337443
1323	1324	0.00037957364
694	1324	0.00037957364
1324	1325	0.00037385183
100	1325	0.00037385183
119	1326	0.00063707493
332	1326	0.00063707493
284	1327	0.0008220384
488	1327	0.0008220384
700	1328	0.00044824003
738	1328	0.00044824003
1325	1329	0.00036428258
507	1329	0.00036428258
1329	1330	0.00036050964
59	1330	0.00036050964
204	1330	0.00036050964
1330	1331	0.0003585727
123	1331	0.0003585727
1331	1332	0.00035666893
496	1332	0.00035666893
555	1332	0.00035666893
1332	1333	0.00035474575
616	1333	0.00035474575
1333	1334	0.00035286008
128	1334	0.00035286008
1334	1335	0.0003509437
443	1335	0.0003509437
1335	1336	0.00034523802
440	1336	0.00034523802
1336	1337	0.00033378773
544	1337	0.00033378773
1337	1338	0.00033187712
169	1338	0.00033187712
1338	1339	0.00032806283
201	1339	0.00032806283
1339	1340	0.00032615472
754	1340	0.00032615472
1340	1341	0.00032424563
1326	1341	0.00032424563
532	1341	0.00032424563
1341	1342	0.00032234992
369	1342	0.00032234992
1342	1343	0.0003204398
525	1343	0.0003204398
1343	1344	0.00030708755
347	1344	0.00030708755
1344	1345	0.00029944463
155	1345	0.00029944463
246	1345	0.00029944463
1345	1346	0.00028610422
621	1346	0.00028610422
1346	1347	0.00028036977
553	1347	0.00028036977
1347	1348	0.0002727729
154	1348	0.0002727729
228	1348	0.0002727729
1124	1348	0.0002727729
1348	1349	0.0002689189
217	1349	0.0002689189
1349	1350	0.0002613047
543	1350	0.0002613047
1350	1351	0.00025557473
53	1351	0.00025557473
1351	1352	0.00024986154
187	1352	0.00024986154
1352	1353	0.00024795815
276	1353	0.00024795815
1353	1354	0.00024222162
14	1354	0.00024222162
717	1354	0.00024222162
1354	1355	0.00023842497
18	1355	0.00023842497
259	1355	0.00023842497
1355	1356	0.00023650863
691	1356	0.00023650863
1356	1357	0.00023079
205	1357	0.00023079
1357	1358	0.00022315538
326	1358	0.00022315538
761	1358	0.00022315538
1358	1359	0.0002174414
762	1359	0.0002174414
1359	1360	0.00021552634
334	1360	0.00021552634
630	1360	0.00021552634
1360	1361	0.00021362172
1328	1361	0.00021362172
1361	1362	0.00021172676
254	1362	0.00021172676
626	1362	0.00021172676
1362	1363	0.00020599086
1254	1363	0.00020599086
1363	1364	0.00020218312
218	1364	0.00020218312
1364	1365	0.0001983668
452	1365	0.0001983668
1365	1366	0.00019073057
12	1366	0.00019073057
1366	1367	0.00018501299
368	1367	0.00018501299
521	1367	0.00018501299
1367	1368	0.00018309771
67	1368	0.00018309771
1368	1369	0.00017929455
446	1369	0.00017929455
730	1369	0.00017929455
1369	1370	0.00017547782
549	1370	0.00017547782
1370	1371	0.0001697531
107	1371	0.0001697531
182	1371	0.0001697531
1371	1372	0.00016402989
168	1372	0.00016402989
231	1372	0.00016402989
1372	1373	0.00016212347
1327	1373	0.00016212347
486	1373	0.00016212347
1373	1374	0.00015640433
62	1374	0.00015640433
1374	1375	0.00015068629
6	1375	0.00015068629
1375	1376	0.00014877103
378	1376	0.00014877103
1376	1377	0.00014495736
300	1377	0.00014495736
1377	1378	0.0001430508
10	1378	0.0001430508
413	1378	0.0001430508
1378	1379	0.00013923903
373	1379	0.00013923903
485	1379	0.00013923903
1379	1380	0.0001373268
565	1380	0.0001373268
1380	1381	0.00013542328
118	1381	0.00013542328
650	1381	0.00013542328
1381	1382	0.00013160805
644	1382	0.00013160805
1382	1383	0.00012588533
210	1383	0.00012588533
211	1383	0.00012588533
609	1383	0.00012588533
1383	1384	0.000122070014
93	1384	0.000122070014
1384	1385	0.0001182596
523	1385	0.0001182596
1385	1386	0.000116362164
105	1386	0.000116362164
1386	1387	0.000110623936
589	1387	0.000110623936
1387	1388	0.00010681247
333	1388	0.00010681247
487	1388	0.00010681247
1388	1389	0.00010108973
359	1389	0.00010108973
1389	1390	9.155379e-05
175	1390	9.155379e-05
1390	1391	8.773703e-05
290	1391	8.773703e-05
1391	1392	8.01079e-05
560	1392	8.01079e-05
741	1392	8.01079e-05
759	1392	8.01079e-05
1392	1393	7.820155e-05
5	1393	7.820155e-05
1393	1394	7.438682e-05
186	1394	7.438682e-05
551	1394	7.438682e-05
1394	1395	6.675731e-05
414	1395	6.675731e-05
1395	1396	6.485156e-05
159	1396	6.485156e-05
257	1397	0.00011253321
633	1397	0.00011253321
1396	1398	6.294406e-05
44	1398	6.294406e-05
1398	1399	6.103553e-05
683	1399	6.103553e-05
1399	1400	5.9127382e-05
180	1400	5.9127382e-05
1400	1401	5.722041e-05
282	1401	5.722041e-05
1401	1402	5.1498202e-05
1397	1402	5.1498202e-05
327	1402	5.1498202e-05
707	1402	5.1498202e-05
1402	1403	3.4332345e-05
49	1403	3.4332345e-05
1403	1404	2.098075e-05
490	1404	2.098075e-05
1404	1405	1.525862e-05
156	1405	1.525862e-05
1405	1406	7.6293795e-06
76	1406	7.6293795e-06