A1BG	0.0485165258010747
AAAS	0.3567933914833169
AAED1	0.0034989520873726
AAGAB	0.0031515401692829
AAK1	0.1417965639070363
AAMP	0.1232707288482537
AARS	0.2228808150560098
AASDHPPT	0.2487471603071018
AATF	0.2496641265816822
ABCC1	0.844223648440433
ABCC2	0.051137747742913
ABCC3	0.0329652168945947
ABCD4	0.0232055827525423
ABCE1	0.0422573702478084
ABCF1	0.0160570172052137
ABCF2	0.2470930038152305
ABCG2	0.016906933109549
ABHD14B	0.29808702443185
ABHD17A	0.0830495491562151
ABHD2	0.1227703289648654
ABI2	0.0055763799577512
ABL2	0.000954309923283
ABR	0.0449297565025273
ABRACL	0.0344120514933621
ABT1	0.0470110774716207
AC006262.5	0.1179330541844238
AC009403.2	0.0862635923498725
AC013461.1	0.1639660725065846
AC090498.1	0.0415069904588372
AC091729.9	0.0489074586930691
AC093323.3	0.0673846155380945
AC093673.5	0.1125020191859478
ACAA2	0.2814787416138219
ACACA	0.2040951834838646
ACADVL	0.1684433973334093
ACAT1	0.0216592773501891
ACAT2	0.0236812963588911
ACBD3	0.1079892159536932
ACD	0.2064083292387806
ACER3	0.3644755796060786
ACIN1	0.0075651881868977
ACO2	0.1058245041408605
ACOT7	0.501802124570848
ACOT9	0.0774300317267796
ACSL3	0.1654133240729809
ACTB	0.1181971296457033
ACTG1	0.0523418839029554
ACTL6A	0.2584941334482542
ACTN1	0.4895559450852963
ACTN4	0.1169384437224183
ACTR1A	0.0976485231353763
ACTR1B	0.0806469425997247
ACTR3	0.281095808798076
ACYP1	0.0083407706363159
ADA	0.0506108720715899
ADAM10	0.207272421871217
ADAM17	0.2320478835270809
ADAM9	0.0542298958966927
ADAR	0.0662107088135968
ADGRG6	0.1344069192146088
ADH5	0.0072560932472365
ADIPOR2	0.4594392590112379
ADK	0.0528709256027539
ADM	0.2424661403350496
ADNP	0.0632912716699438
ADPGK	0.0282517922722719
ADSL	0.0058470224202641
ADSS	0.0159535511642494
AEN	0.2111488873661495
AFAP1	0.0189825391105212
AFF4	0.0828838483019927
AFG3L2	0.1084495056219525
AFMID	0.0264602576859731
AGAP2-AS1	0.0052370182528656
AGBL5	0.006906175314052
AGFG1	0.1818333321426272
AGGF1	0.0072006921265892
AGO2	0.3093598544071572
AGPAT1	0.0037368148897241
AGPAT5	0.0423414883125907
AGR2	0.1066741876308025
AGRN	1.06659470504691
AGTRAP	0.035747770630931
AHI1	0.0495607180597618
AHNAK	0.0896721373456175
AHNAK2	0.0498678688194101
AIDA	0.1638881637760054
AIFM1	0.0862440635768954
AIFM2	0.0503325705221837
AIG1	0.0374681514233434
AIMP1	0.0583185002226881
AIMP2	0.1419259044434125
AIP	0.1028944670180304
AJUBA	0.1917724294521149
AK3	0.1181442332858854
AKAP12	0.0309950506257544
AKAP13	0.0150255263468086
AKAP17A	0.049276492662772
AKAP9	0.2610794892048716
AKIP1	0.0225116377376395
AKIRIN1	0.0272973226793683
AKIRIN2	0.1206726858298658
AKR1B1	0.0672638572341621
AKR1B10	0.1501245274764103
AKR1C1	0.1806042521481666
AKR1C2	0.528936687470704
AKR1C3	0.0780035644244058
AKR7A2	0.0222313857061111
AKT1	0.1136089969758717
ALCAM	0.6954152529871893
ALDH1A1	0.0433266065237589
ALDH1B1	0.1915720905987802
ALDH2	0.1174921842912734
ALDH3A1	0.1502865039455747
ALDH3B1	0.0537938014533435
ALDOA	0.0863237990140603
ALG13	0.2157542957059897
ALG3	0.0773732778293109
ALG5	0.1379961097517249
ALG8	0.0553245227080553
ALKBH2	0.237625084099859
ALX1	0.0398130312297179
AMFR	0.0562686620454593
AMIGO2	0.3307186167833267
AMOTL2	0.096891846011886
ANAPC13	0.7344906172008117
ANAPC7	0.0585840751213142
ANGPTL4	0.0665620631549899
ANKIB1	0.0704998252181968
ANKLE2	0.0762396209767675
ANKRD1	0.0480915726733175
ANKRD13D	0.0120480200587538
ANKRD28	0.0082626943380811
ANKRD29	0.2656883751680035
ANKRD30A	0.0725032588348135
ANKRD33B	0.0404395594572061
ANKRD40	0.1465073337439524
ANKRD54	0.0084837756864671
ANKRD9	0.1202730038434286
ANKS3	0.0498491252917731
ANKS6	0.020154775937806
ANLN	0.0954246159340611
ANO6	0.1791586513465312
ANP32E	0.0108518011860386
ANXA1	0.1837398205078075
ANXA2	0.1798910210368104
ANXA3	0.2029952667381059
ANXA4	0.5048570138642986
ANXA5	0.1135425881186496
ANXA7	1.5862179402404673
ANXA8L1	0.488799485978025
AP006222.2	0.0505978439087488
AP006621.5	0.0150732425262329
AP1G1	0.0415504622741476
AP1M2	0.3882825549189114
AP1S2	0.0032392094811967
AP2A2	0.126532179879905
AP3D1	0.124394318278981
APIP	0.1460136924837937
APITD1	0.2821237906114384
APLP2	0.0438834164344379
APMAP	0.0175734900969523
APOBEC3C	0.0334242638313486
APOC1	0.3914375196976566
APOE	0.2286978546636641
APOO	0.1640848967561229
APP	0.0106621579171932
APPL1	0.0023170074474415
APTX	0.217078848102866
AR	0.0067743983868334
ARCN1	0.0900369900287653
AREG	0.0103612768014047
ARF4	0.0809179538305653
ARF5	0.1463351039616174
ARFIP2	0.016675002729657
ARGLU1	0.0085564777051371
ARHGAP11A	0.1995693486800934
ARHGAP11B	0.0244587919910438
ARHGAP29	0.3535090895089016
ARHGAP35	0.2371740400883611
ARHGAP5	0.0552147432268795
ARHGAP5-AS1	0.0022087125789017
ARID1A	0.1269418608026637
ARID4B	0.24361958636142
ARIH2	0.295960535343642
ARL1	0.0500370783196503
ARL14EP	0.05870181053598
ARL4C	0.7794643378115509
ARL6IP1	0.0239712972020009
ARL6IP5	0.0302012755217357
ARL8B	0.0680096219921794
ARMC1	0.0101145076028013
ARMCX6	0.1423914144443965
ARNTL2	0.0693887023022126
ARPC1B	0.3971220956492299
ARPC3	0.0551539445875607
ARRDC1-AS1	0.0285810261933863
ARV1	0.0771967430078825
ASAH1	0.0132119436919412
ASAP2	0.0297371172749974
ASB1	0.1275755609097009
ASCC3	0.0321216835105104
ASF1A	0.000512220410093
ASF1B	0.0887319015893485
ASH1L	0.0140867007654766
ASNA1	0.04276756988811
ASNS	0.0676669415384047
ASNSD1	0.0606915807534619
ASPHD1	0.0614637223506221
ASPM	0.0097363441832953
ASPSCR1	0.0187315288785834
ASRGL1	0.1971535939938304
ASXL1	0.0576086292854655
ATAD2	0.0466538772779088
ATAD5	0.0165450371035559
ATF5	1.1533293500042383
ATF7	0.6535018366960164
ATF7IP2	0.0072286782751186
ATG12	0.0015301361332862
ATG5	0.0432506635847751
ATIC	0.0674124739261282
ATL3	0.0833127212614701
ATMIN	0.2676788441382534
ATN1	0.2547980317812778
ATOH8	0.1619212365200997
ATP1B1	0.1672498026070628
ATP2A1-AS1	0.0036555754113654
ATP2B1	0.0055143585494065
ATP5B	0.01190886769757
ATP6AP1	0.1532726109552468
ATP6AP2	0.0415414935961041
ATP6V0D1	0.166881209636403
ATP6V1C1	0.2144085480019642
ATP6V1D	0.0969279576973135
ATP6V1E1	0.1753291722655153
ATP6V1E2	0.089983358835391
ATPAF1	0.0959521244164367
ATRX	0.2968385786536358
ATXN10	0.2339313332603157
ATXN2	0.1276670183464547
ATXN2L	0.0195820029111314
ATXN7L3B	0.1052173492069849
AURKA	0.0811577364727139
AURKB	0.0866226915482131
AVEN	0.0280179700292829
AVPI1	0.3439833023604357
AXL	0.0880488447037269
AZI2	0.1265116333109424
AZIN1	0.023316076401826
AZIN1-AS1	0.0282616240342577
B3GALT6	0.0081587565013517
B3GAT3	0.4224320720427412
B4GALNT1	0.234038998446971
B4GALT1	0.0626926067668058
B4GALT2	0.0285970990899273
B4GALT3	0.0843445321627047
B4GALT4	0.1164827220532618
B4GALT5	0.0413812909044245
B4GALT7	0.027191441345307
B9D1	0.0075733081885564
B9D2	0.4361600813405725
BABAM1	0.1351200399744681
BAG2	0.1987967808842627
BAG3	0.1034517203501198
BAIAP2L1	0.0700641465700393
BAMBI	0.0068753593240295
BANP	0.0184840791167329
BASP1	0.0389609647731316
BATF3	0.0938893896071621
BAX	0.1662543481269568
BAZ1A	0.0881341611728211
BAZ2A	0.0051825267544991
BBC3	0.1752108771082161
BBIP1	0.1355014669114078
BBX	0.2496975461446546
BCAM	0.110380997221199
BCAR1	0.2117589003616686
BCAS4	0.1466116600512158
BCAT1	0.0227047576238941
BCAT2	0.071682432615709
BCCIP	0.0565699186816141
BCKDK	0.1336273983738222
BCL2L1	0.0461997948772401
BCL3	0.1037363393499099
BCLAF1	0.4706232981680927
BCS1L	0.1093700623486901
BCYRN1	0.1296061592137453
BDNF	0.2962207807850487
BDP1	0.150091101995581
BECN1	0.2488700147444349
BEST1	0.0581795293100496
BET1	0.4104878760523394
BEX2	0.0243476998144865
BFAR	0.0143968084752097
BHLHE40	0.0558500826595093
BICC1	0.3746047174863197
BIN1	0.0764999476882312
BIRC2	0.0186115149422312
BIRC3	0.0765918161656431
BIRC5	0.227692415229369
BIRC6	0.0247058906326646
BLMH	0.0798006460437498
BLOC1S4	0.0194604433750604
BLVRA	0.0840642069831922
BLVRB	0.0821451227523228
BMP4	0.0352557297976322
BMS1	0.0250180712561653
BNIP2	0.0146347869016917
BNIP3L	0.1799655695967438
BOLA1	1.2464124328773825
BOP1	0.1887942997332586
BORCS7	0.0034455156940518
BORCS8	0.0404073410681288
BRCA1	0.0719641276642846
BRD2	0.0158841825897159
BRD3	0.364639285194118
BRE	0.0577200308887825
BRI3BP	0.2459474369092256
BRIX1	0.0018827746220006
BROX	0.1460303996845884
BTBD11	0.0669232150170506
BTBD6	0.1931790149338473
BTBD7	0.0213422764041691
BTF3L4	0.1483424365888923
BTG1	0.1035422348756133
BUB3	0.331388285689355
BZW1	0.1252538608598656
BZW2	0.0288170881581606
C10orf35	0.0369394424359774
C10orf54	0.1513430335552355
C11orf1	0.0488192762065591
C11orf68	0.0550980390577494
C11orf74	0.0219170757989449
C11orf86	0.1242442742115383
C12orf29	0.0668841865409257
C12orf43	0.0288536025328837
C12orf49	0.0737845964324508
C12orf65	0.0436352717215882
C12orf73	0.0682596152886091
C12orf75	0.305661367811649
C12orf76	0.0089439903607522
C14orf119	0.0391138089249584
C14orf80	0.0222985524262486
C15orf48	0.0390389365486948
C16orf45	0.3376590691303879
C16orf52	0.2651601258832041
C16orf59	0.1422771781206318
C16orf72	0.0452121005571635
C16orf74	0.0474728592069498
C16orf91	0.0485829662363725
C17orf58	0.2172780842089796
C17orf62	0.0045025438264272
C19orf12	0.1280596721292284
C19orf25	0.1562963876748313
C19orf81	0.2703160190684057
C1D	0.1100276118232357
C1QL1	0.4899656739296488
C1orf106	0.1640664116104183
C1orf131	0.235638791788538
C1orf174	0.0337606120577343
C1orf21	0.4622683194387267
C1orf35	0.0867155162767858
C1orf53	0.0316382351178883
C1orf56	0.0116207916733793
C1orf61	0.2007790216925364
C21orf58	0.0131708744509056
C21orf59	0.1445674207794538
C22orf39	0.0145079643824644
C2orf47	0.0504227326746316
C2orf68	0.1464651528051671
C2orf74	0.2834444038645608
C2orf82	0.3370202293213155
C3orf14	0.2831327795061855
C4orf27	0.0953249466893943
C5orf24	0.1405749906391891
C6orf1	0.6947038174757464
C6orf141	0.065007721510802
C6orf48	0.0709170024649231
C6orf62	0.0068475532897322
C7orf55	0.2671008670326834
C8orf4	0.1471005761127925
C8orf82	0.3338247098623294
C9orf116	0.0723005911730726
C9orf69	0.04046191149996
C9orf78	0.0791995614843217
CA12	0.330409478491606
CA8	0.9004321865967563
CACNG6	0.0990550314681877
CACNG8	0.0528378728914703
CACUL1	0.0755738456169598
CACYBP	0.0120568727149423
CALB2	0.0465244890912973
CALM2	0.0433941065008858
CALR	0.1172549007152445
CALU	0.0794889682987139
CAMK2N1	0.4743692547168621
CAMLG	0.0033302744204204
CAND1	0.1930816826270085
CANT1	0.2029114545353657
CAPG	0.0601850535202188
CAPN1	0.0888949689556969
CAPN12	0.0287871453123916
CAPRIN1	0.1369994925077428
CAPZA1	1.761269944337231
CARS	0.0121918632928158
CASC10	0.1703357630057255
CASC3	0.0978146919801529
CASC4	0.0868414792820429
CASC8	0.0272484815154553
CASK	0.0442319450656357
CAV1	0.372697156201102
CAV2	0.1205825201010497
CBR3	0.034944264849677
CBX6	0.0765788413903287
CCAR1	0.1020833464292245
CCDC106	0.355228685129724
CCDC107	0.1017932952150528
CCDC109B	0.2087555072029173
CCDC12	0.1013934383316092
CCDC137	0.1412900289227201
CCDC47	0.0753588949095391
CCDC50	0.408591483904477
CCDC53	0.0338702591246252
CCDC57	0.2385304338122131
CCDC58	0.0425505764318929
CCDC6	0.2244660779361714
CCDC74A	0.0204252974378829
CCDC80	0.0557688799255144
CCDC85B	0.0878613791459905
CCDC85C	0.2064346383572985
CCDC86	0.0013070641166111
CCDC88A	0.1534395830157556
CCDC88B	0.0061916540595702
CCDC90B	0.0816484955320328
CCDC91	0.163443593243774
CCDC92	0.0102802240350767
CCK	0.1503346502649775
CCL2	0.0038425015194513
CCNA2	0.13986077073521
CCNB1	0.087544899158083
CCNB1IP1	0.1698045921489193
CCNB2	0.0083202594792798
CCNC	0.4159488787498583
CCND1	0.0882374939222294
CCND3	0.0863207515088011
CCNE1	0.0035265092199658
CCNF	0.111219630139637
CCNG1	0.0018333683234829
CCNH	0.012707298412836
CCNK	0.1770113540393509
CCNL1	0.0515414222780175
CCNYL1	0.2002965917156831
CCSER2	0.0180112881978109
CCT2	0.4576180736180528
CCT3	0.229828603838624
CCT4	0.0263470643201659
CCT5	0.0838411069400168
CCT7	0.2083538431876203
CCT8	0.2573183000301032
CCZ1	0.1675053184224244
CD164	0.0078256959551279
CD24	0.0842526829006217
CD2BP2	0.0657026894999443
CD3EAP	0.0568903020381243
CD44	0.0756020276916245
CD47	0.0260072987514847
CD55	0.0205924165799408
CD59	0.0894047294492323
CD70	0.2723851522302142
CD81	0.0361670710218064
CD9	0.0818743111051166
CDA	0.0015467518531286
CDC123	0.0926022235184861
CDC20	0.1781570468587265
CDC27	0.0339607960720755
CDC34	0.0211470434114689
CDC42	0.0980367627605322
CDC42BPA	0.042630903237117
CDC42BPB	0.0607730710169831
CDC42EP1	0.242138409158196
CDC42EP3	0.0367420055500038
CDC42EP4	0.1256585683164807
CDC42SE1	0.0413215503641984
CDC42SE2	0.0400874607087272
CDC6	0.0171848016241915
CDC73	0.0028490362235392
CDCA2	0.0784024366201296
CDCA3	0.0833409848013364
CDCA4	0.040306613084781
CDCA5	0.07755468394414
CDCA7	0.1541152415951786
CDCA7L	0.1551821537854494
CDCA8	0.1741343326586488
CDCP1	0.2588775100259722
CDH2	0.0159798813687755
CDIPT	0.0886923307953116
CDK1	0.0603099970199122
CDK12	0.1029764305436741
CDK5	0.0756328885603176
CDK5RAP2	0.0321546502438237
CDK6	0.073269839868937
CDKN1A	0.0117003244058449
CDKN2C	0.161770588974869
CDR2L	0.0715938343913338
CDS2	0.1388891952972831
CDT1	0.1739829213190342
CDYL	0.3110456459482739
CEBPB	0.1045821491462878
CEBPD	0.4029355112768477
CEBPZ	0.0220367206152831
CEBPZOS	0.1272146689480577
CECR5	0.0380592346804628
CELF1	0.1156751964211896
CENPA	0.0766464586689587
CENPB	0.1495360267986367
CENPE	0.0176123386109323
CENPF	0.1267771691053595
CENPH	0.0878990852263367
CENPK	0.1301226378678842
CENPU	0.1387537641908331
CEP290	0.130847885147136
CEP350	0.0463707710785917
CEP55	0.3817992510623327
CEP89	0.100574565663649
CERS2	0.1534438584886897
CES1	0.1613981059355388
CES2	0.0587958978262599
CETN2	0.0681740946821886
CFAP20	0.1404941920183648
CFAP36	0.2633630664050347
CFAP97	0.095476616646936
CFD	0.1380648702662776
CFDP1	0.1554507529823728
CFLAR	0.1552194337872025
CGGBP1	0.0898326388268831
CH17-340M24.3	0.11613311842991
CH17-360D5.2	0.5431446249323796
CHAC2	0.1587124604810861
CHAF1A	0.0720427290199035
CHAMP1	0.0269276938236496
CHCHD6	0.0531501289974983
CHCHD7	0.1317686012488078
CHD1	0.1741164006285587
CHD3	0.1803715521751106
CHD4	0.0486779194621277
CHD9	0.1098389751598504
CHEK1	0.083536382493372
CHID1	0.1947886417898373
CHML	0.1845527554939681
CHMP1A	0.1443180906019024
CHMP1B	0.012055091347571
CHMP2B	0.2240399839482251
CHMP5	0.0897469682128718
CHORDC1	0.0933737589246072
CHP1	0.5016520187544639
CHTF8	0.5034611962860389
CHURC1	0.0417147906877939
CIAO1	0.0903435089855891
CIAPIN1	0.1489927875433952
CIB2	0.1133050370603314
CINP	0.2213505823445002
CITED2	0.0793891772692122
CITED4	0.30062518768286
CKAP2	0.9095818237628004
CKAP2L	0.1011224119187349
CKAP4	0.1784563264240679
CKAP5	0.1046524212947392
CKB	0.1659893876777025
CKS2	0.3585337496857754
CLCF1	0.0734439779060344
CLDN1	0.1781960333095306
CLDND2	0.0472541728609095
CLEC11A	0.1007709633154675
CLIC1	0.2055378522017765
CLINT1	0.5611187149986824
CLIP1	0.0142645150715258
CLMP	0.1893916067411667
CLPTM1	0.0334250713136347
CLSPN	0.2113779795297009
CLU	0.1734481962150849
CLUH	0.131975754348649
CMAS	0.0429899168891036
CMB9-22P13.1	0.1549487372040897
CMPK1	0.2247365276614716
CMTM3	0.3868976989125126
CMTM6	0.0226893331462952
CMTM7	0.1916893841288955
CMTM8	0.0238239357239888
CNBD2	0.0088680986616349
CNFN	0.0273315712288992
CNN2	0.0996008810014835
CNN3	0.1483112543046369
CNOT1	0.0042019096004825
CNOT2	0.0473009579086936
CNOT4	0.0316306478006984
CNP	0.1133917591527513
CNPY3	0.0101282407451704
CNTN1	0.2576026461739308
CNTNAP3B	0.1328448349059864
COA5	0.0470897359851492
COIL	0.1869400217814568
COL18A1	0.0672713988141101
COL4A2	0.1618490037516005
COL5A2	0.046430232475367
COL7A1	0.1889646362068431
COLGALT1	0.1028555745445721
COMMD1	0.0009085971458754
COMMD10	0.1897795023385751
COMMD2	0.0844103078114619
COMMD3	0.0189687600372662
COMMD5	0.0679978015710041
COMMD9	0.022903733947903
COMTD1	0.2464190753678131
COPS5	0.0196310462206667
COPS6	0.1330589434327277
COPS7A	0.2240828535534136
COPS7B	0.1287786693588344
COPS8	0.0529107614773453
COPZ2	0.0671088740518637
COQ5	0.7532258433391787
COQ9	0.1004798709411747
CORO1C	0.2725016626687146
COX16	0.1205314816092266
COX19	0.1310013559546006
CPLX2	0.1492660828034299
CPNE1	0.240051361020597
CPNE2	0.0659682174658329
CPNE3	0.166992548011205
CPNE7	0.057405952497886
CPS1	0.2733726009894113
CPSF6	0.1834503645969461
CPT1C	0.0117780277126756
CRACR2B	0.035125011575579
CREB1	0.0267474731255175
CREB3	0.0500715440885456
CRELD2	0.0341919547854102
CRIM1	0.2748756784297654
CRIP1	0.0500665507648466
CRIP2	0.2023076718016818
CRTC3	0.0880893741858976
CRYZ	0.0940107705208563
CS	0.0884866566249807
CSAG1	0.1627196121606589
CSE1L	0.0692444341580723
CSF1	0.1331973119150108
CSNK1D	0.0246816241078563
CSNK1E	0.0094713477272081
CSNK1G2	0.0112228636333819
CSNK1G3	0.055184979074838
CSNK2A1	0.220145836186105
CSNK2A2	0.0248801272805673
CSTF3	0.1072757118124929
CTA-29F11.1	0.1569587388141069
CTA-392C11.1	0.1680799632464372
CTB-178M22.2	0.0415601322084953
CTBP1	0.0878668673666313
CTBP2	0.0529183650848531
CTC-459F4.3	0.0767482168510333
CTC-524C5.2	0.0840886331419075
CTCF	0.0768842324072516
CTD-2015H6.3	0.0183089797609187
CTD-2270L9.4	0.2046352454804477
CTD-2314B22.1	0.0517741949917543
CTD-2336O2.1	0.0792977871350791
CTD-2600O9.1	0.0820572897056728
CTD-3001H11.2	0.0337501480399343
CTD-3138B18.5	0.017237197623001
CTD-3184A7.4	0.2559414360450118
CTD-3252C9.4	0.1921695460301726
CTDSP1	0.1568858335078186
CTDSP2	0.0674255516235398
CTDSPL	0.1370433960422877
CTGF	0.0198184123860006
CTNNA1	0.1006419309958111
CTNNAL1	0.472862300670301
CTNNB1	0.0972885463150746
CTNNBL1	0.2367351987450202
CTNND1	0.0286914684433264
CTPS1	0.0294670686510816
CTSA	0.418940424828944
CTSB	0.4490370411673322
CTSC	0.1597785489680524
CTSD	0.1534228264429291
CTSL	0.0110334406679177
CTTN	0.0835458429281381
CTU1	0.0911343510699032
CTXN1	0.2727834612894342
CUEDC2	0.0885302332841343
CUL3	0.1000365676358666
CUTC	0.0862116462247038
CUX1	0.0374241352376265
CWC15	0.1500779173798788
CWC25	0.0801803502602873
CWC27	0.2881324166764695
CXCL1	0.0402051374977
CXCL2	0.0857090667284756
CXCL3	0.0075994697157637
CXCL5	0.0163616958437155
CXCL8	0.0246926863843015
CXXC5	0.6132296920568765
CXorf40B	0.0645793456290317
CYB561A3	0.0417786325953264
CYB5B	0.0235330053104783
CYB5D2	0.1378701808581218
CYB5R3	0.0713416489051795
CYBA	0.3706351857057093
CYHR1	0.1976415130983958
CYP1B1	0.0420409333548538
CYP24A1	0.0155689532811675
CYP2S1	0.0965835125291433
CYR61	0.0986887598328676
CYTH2	0.098850926826141
DAAM1	0.4402817634564667
DAB2	0.0017457746319862
DAG1	0.1343654155563526
DAP	0.1132422096960257
DAP3	0.0302979440060137
DAPK1	0.1422597480576674
DARS	0.027256934706189
DAXX	0.0380428776302888
DBF4	0.0070799432834162
DBNDD1	0.0380021634256415
DBNL	0.02776060395202
DBP	0.0123675005734447
DCAF13	0.0697730314235037
DCAF7	0.0137114166306364
DCBLD2	0.5670214072070986
DCDC2	0.1709719351581999
DCTD	0.1672936096029884
DCTN1	0.0134032772553537
DCTN2	0.0159033600866435
DCTN6	0.0563189310318779
DDAH2	0.1325440931785323
DDB1	0.2307326124394821
DDB2	0.1112185984407509
DDIT3	0.0431079263788461
DDIT4	0.6110164182216161
DDOST	0.2071221560886463
DDRGK1	0.2048521190262291
DDX10	0.2739240469458087
DDX17	0.283844091934142
DDX18	0.0938503776229937
DDX23	0.0469261484845084
DDX24	0.0171837121021123
DDX27	0.0129126063286163
DDX39A	0.0154079517831261
DDX42	0.0519863608421482
DDX50	0.0632310785128931
DDX52	0.1496104738269244
DDX54	0.0311031596882883
DDX56	0.0676953524483421
DDX6	0.0618305335850258
DEAF1	0.1078980891699737
DEDD2	0.2604165182092578
DENND5B	0.0966842490403777
DEPDC1	0.0104139764545468
DERA	0.0331967464739718
DERL1	0.0893266568158582
DERL2	0.3436570050467089
DESI1	0.0778481896499565
DESI2	0.2293796554386238
DFFA	0.0487413458966346
DGKD	0.0378619399214543
DGKE	0.1167471520527474
DGUOK-AS1	0.2230256479972688
DHCR24	0.0074070263167622
DHCR7	0.0702381438494342
DHPS	0.0651541990750964
DHRS3	0.0913390501373297
DHRS4	0.0128658508387935
DHRS4-AS1	0.1118686737624322
DHRS4L2	0.1000668924904086
DHRS7	0.039423031344082
DHRSX	0.1294024382837909
DHX15	0.1923384516810525
DHX30	0.0878281304897369
DHX33	0.1627383970565549
DHX9	0.1047329077689347
DIAPH1	0.0686673050000685
DIMT1	0.0126840382673614
DIO2	0.2246558776510435
DIO3OS	0.0483506692806872
DKK1	0.2890174803926396
DLC1	0.1121910546920825
DLD	0.1661495134692042
DLEU1	0.0247929607954815
DLEU2	0.0574814255499817
DLGAP1-AS1	0.1835534689329137
DLGAP5	0.0935049994144638
DMKN	0.1691057746837938
DMWD	0.0104465560109369
DNAAF2	0.0428460358510029
DNAJA1	0.0733351429361803
DNAJA2	0.0450731822341058
DNAJA3	0.0174947002203889
DNAJB1	0.0076287796536575
DNAJB11	0.2460788476773276
DNAJB9	0.0251198700192683
DNAJC1	0.1509250963427487
DNAJC10	1.0755150688404809
DNAJC12	0.0579805951705706
DNAJC21	0.0154799895140679
DNAJC3	0.0507260336579122
DNAJC30	0.0967445440251268
DNAJC4	0.2256751093222645
DNAJC8	0.1047050658286109
DNM1L	0.0483374885975528
DNPEP	0.1693357195328595
DNTTIP2	0.0612094036672036
DOCK5	0.238320861519442
DOK4	0.3048306793481959
DPCD	0.0459853161584582
DPF2	0.02134298418723
DPH2	0.0413714527279573
DPM1	0.0574338758923572
DPM3	0.0752704319194194
DPP7	0.2684562688123505
DPYSL2	0.0311547015889962
DPYSL3	0.1711278156073123
DR1	0.0078640330283926
DRAM1	0.2429119354058851
DRG1	0.2887448047877428
DSCR3	0.061231117038354
DSG2	0.0866943124966006
DST	0.1122099196612227
DTL	0.2274578143172299
DTX2	0.0992792682733795
DUSP1	0.263480010423746
DUSP12	0.0922864036312379
DUSP14	0.1877104035983585
DUSP3	0.1615363497047535
DUSP4	0.1408622999651131
DUSP5	0.3109976359341136
DYNC1H1	0.093469650148777
DYNC1I2	0.0894215104726478
DYNC1LI1	0.0285082115337315
DYNC1LI2	0.0306396952444879
DYNLL1	0.0714143933350731
DYNLL2	0.0178504663373862
DYNLT3	0.1055175176468818
DYRK4	0.01507796203092
E2F1	0.1325263651859775
E2F4	0.1874526863143044
E2F6	0.3541623778600088
EAPP	0.0736177273847139
EBAG9	0.3619722920164661
EBLN3	0.0582472350659004
ECE2	0.1150907176302113
ECH1	1.0229982665812352
ECHDC1	0.0126954278821072
ECI2	0.1781555900780245
ECSIT	0.0318678072829963
ECT2	0.0940755633620145
EDEM2	0.161067154090145
EDN1	0.0521250812163225
EEA1	0.0927991883130307
EEF1A1	0.2826678530558376
EEF1A2	0.0080168435835366
EEF2KMT	0.3632527019087194
EFHD2	0.3476824126895859
EFNA1	0.0388970621160951
EFNA5	0.3787994811394733
EFR3B	0.0461466893721333
EFTUD2	0.1398749581926199
EGFR	0.0427227059920953
EGLN1	0.0280281892242615
EHBP1	0.1596116003669363
EHD1	0.0443687508126269
EHD2	0.0788935534634455
EID2	0.0082102042529544
EID2B	0.0088881169589735
EIF1	0.0912794823695706
EIF1AY	0.0135546484789462
EIF1B	0.0014454957457865
EIF2A	0.1212134898213159
EIF2AK2	0.2803830770566051
EIF2AK4	0.0520663544401346
EIF2B1	0.0349676305661975
EIF2B4	0.2571315584873339
EIF2S1	0.0563230787497257
EIF2S3	0.081033775383931
EIF3D	0.2197609151147886
EIF3I	0.283838319453144
EIF4A1	0.1156756280844132
EIF4A2	0.057398805609453
EIF4A3	0.0385279188851821
EIF4E	0.0044700509814524
EIF4EBP1	0.0489207453551081
EIF4G1	0.0172454059784397
EIF4G2	0.0294563735719198
EIF5A	0.0050471737346703
EIF5AL1	0.044054126768501
ELAC2	0.2109465652413058
ELAVL1	0.1625040345126305
ELF3	0.9985775886525642
ELOVL1	0.1034503262480509
ELOVL5	0.0616809743280469
ELP6	0.1115377322107598
EMC3	0.6922927145486683
EMP2	0.0965665951699112
EMP3	0.2546831889174324
ENAH	0.1047477745174712
ENDOG	0.0463887559136237
ENDOV	0.0994077231385703
ENO1	0.0035484090914162
ENOPH1	0.0741407908938751
ENTPD6	0.6337783175497869
EPAS1	0.1038639616816703
EPB41L1	0.0690814894100106
EPB41L2	0.077495733203444
EPC1	0.1685120585676999
EPDR1	0.4231493110238172
EPHA2	0.224303084328796
EPHX1	0.2082076464231832
EPN2	0.1683333334775901
EPRS	0.0803460311877182
EPS8	0.0572325462856584
EPS8L2	0.0085990420531319
ERAL1	0.0077164996698128
ERBB2IP	0.0655417018635859
EREG	0.0553304193411204
ERF	0.1428242597476964
ERGIC2	0.1109215856005324
ERICH1	0.1411812596421582
ERLIN2	0.3545758086543303
ERN1	0.007548858101698
ERO1A	0.1753197242888873
ERRFI1	0.0135565353993404
ERV3-1	0.0158341287004396
ESAM	0.0092204076141021
ESD	0.0426135706751315
ESF1	0.0863700501644578
ESRRA	0.10208059776455
ETFB	0.1408039236289076
ETHE1	0.2304214451774447
ETV4	0.0264958167118583
ETV5	0.0884218018526635
EVA1B	0.0314208882129315
EVA1C	0.4643921340002661
EVL	0.2740791201660494
EWSR1	0.2502408044599222
EXOC3-AS1	0.0659080470486925
EXOC7	0.1848924952649857
EXOG	0.1362455889631041
EXOSC1	0.0344512580416627
EXOSC2	0.2471716325635167
EXOSC3	0.1012779951096913
EXOSC6	0.0807737305038518
EXOSC7	0.0426812719474493
EXOSC8	0.0044604697426915
EZR	0.5578017948792652
F12	0.0445818653869259
F2RL1	0.1496738644381259
F8A1	0.0271334242115318
FA2H	0.0605467545893983
FAAP24	0.119712775540007
FADD	0.0275829056703712
FADS2	0.2674671214918619
FAF2	0.0738888021181117
FAHD1	0.0396003587902844
FAM101B	0.4423286671152376
FAM102A	0.046621030400088
FAM103A1	0.0712575832249967
FAM107B	0.6666601840890691
FAM120A	0.2363513653796616
FAM127A	0.1238599957463244
FAM129B	0.0138058249474369
FAM131C	0.0705841946072524
FAM133A	0.042896435118995
FAM133B	0.1281887939029353
FAM134A	0.1066810648966885
FAM161A	0.0759915084121974
FAM162A	0.0393933765622218
FAM168B	0.1629905712415625
FAM189B	0.0766122604719317
FAM192A	0.0440446479105922
FAM208B	0.0628751869738529
FAM210B	0.1428955052727101
FAM215B	0.0057393338876819
FAM216A	0.1528324782019073
FAM219B	0.0822290680905577
FAM229B	0.1149509462193379
FAM3A	0.0009254603406985
FAM3C	0.6750407798414418
FAM45A	0.1488918233555505
FAM50A	0.0438391278296143
FAM57A	0.0306567630837593
FAM60A	0.2571125064813607
FAM64A	0.0235638865723676
FAM83D	0.0519761208077772
FAM89A	0.0648649003295148
FAM89B	0.2364911293028662
FAM92A1	0.0095878389062862
FAM98A	0.5956038579549844
FANCD2	0.1234221192423266
FANCI	0.0764349749135189
FARSA	0.0477731050350073
FARSB	0.0782069510052363
FASTK	0.0386419164524356
FAT1	0.1440076082710585
FBLIM1	0.2179015719249496
FBN2	0.0862349572698945
FBRSL1	0.2156140054948306
FBXL15	0.0560348897381994
FBXO21	0.0570364764627465
FBXO22	0.1714847161989863
FBXO25	0.0692052880651256
FBXO7	0.718433324392394
FBXO9	0.1020348944069812
FBXW11	0.0777557061569303
FBXW2	0.1047726997047797
FCGRT	0.0946202425113265
FCHO1	0.1163488086129599
FDFT1	0.119194778809594
FDPS	0.3444510637173527
FDX1L	0.0304250081193789
FDXR	0.533788222129592
FEN1	0.3582256910904582
FERMT1	0.7435814423523531
FES	0.0686276230760717
FGA	0.0217820212288632
FGD5-AS1	0.006207089150288
FGD6	0.0580457890495895
FGF2	0.0387583806986798
FGFR1	0.1269705978225479
FGFR1OP2	0.0172198532346444
FH	0.0536050851830903
FHL1	0.0832958228588678
FHL2	0.0981448103756444
FIBCD1	0.1089851397628112
FILIP1	0.1196348679120161
FJX1	0.5201130954741559
FKBP10	0.0671377567290714
FKBP11	0.3127749628086649
FKBP1B	0.0417400364413182
FKBP3	0.10088268465235
FKBP9	0.0178976289244736
FLAD1	0.0392395624635841
FLII	0.0508428769331873
FLJ20021	0.0236597930457434
FLNA	0.1692311885892842
FLOT2	0.2107357909878396
FMNL1	0.1819104232518699
FN1	0.105607559379575
FN3KRP	0.0629927732399929
FNBP4	0.0143048835680798
FNDC3B	0.1082843885698853
FNIP1	0.0891388851219395
FNTA	0.1108014404678544
FOPNL	0.1734076497475928
FOSL1	0.0501550528137982
FOSL2	0.2808845677310577
FOXA2	0.0870655884469288
FOXC1	0.0859666975130977
FRA10AC1	0.351888211547554
FRMD6	0.0684495352810899
FRMD6-AS1	0.0774651274221989
FSCN1	0.4326964612959973
FST	0.4163843364593775
FSTL1	0.0293155591462058
FSTL3	0.1178120467808322
FTSJ1	0.0847303532273888
FTSJ2	0.0986715329282228
FTSJ3	0.0235790119376419
FUBP1	0.1877336924711861
FUNDC1	0.050952517807154
FXN	0.0218948683559893
FXR1	0.0208828421528663
FYB	0.1704088112250142
FZD2	0.0182209877085098
G0S2	0.2453785964523963
G2E3	0.0805076016940538
G3BP1	0.0048663125772319
G3BP2	0.1022641354074492
G6PC3	0.5056111291292881
GABPB1	0.0482511072146952
GABPB1-AS1	0.0669838285058067
GABRA5	0.0128504937741187
GABRB3	0.1463933714494218
GACAT2	0.2189895603164568
GADD45A	0.092332523269457
GADD45B	0.220392361025602
GAL	0.0502129652992198
GAL3ST1	0.0881686886527969
GALE	0.0192520760097343
GALK1	0.146333339707838
GALNT1	0.1149978502871908
GALNT10	0.3284850389849653
GALNT2	0.1342749420445131
GAMT	0.2004065158020397
GAN	0.0147530219928797
GAPDH	0.1746202341398597
GAR1	0.0909366203198815
GARS	0.1090225602150209
GAS2L1	0.0136535048821412
GATAD2A	0.0676660088624435
GATC	0.0667501325503117
GATS	0.0933162988265838
GBAS	0.0541572111159532
GCC2	0.1371909116448056
GCFC2	0.0360860065448842
GCHFR	0.0906322312925501
GCNT3	0.032032826729023
GDF15	0.0199339240011524
GFER	0.134658992124453
GFOD2	0.0614546101637209
GFRA1	0.0550869798090794
GGCX	0.0391809645942734
GGH	0.0924770890733851
GGNBP2	0.1337657207936652
GGPS1	0.1829533951327572
GIGYF1	0.1549280564982912
GINS1	0.2057915969847533
GINS4	0.2381375657429326
GIP	0.0384080579031281
GIT1	0.0229790197016059
GJA1	0.0339955817567778
GJC1	0.0684892436949223
GLCE	0.0223953163705614
GLG1	0.0247063816584411
GLIPR1	0.084534289002487
GLIS3	0.4256821509771028
GLOD4	0.0697056355273323
GLRX	0.0519846347982839
GLS	0.2083924264655092
GLTP	0.0307621388396412
GLUD1	0.0513599319570809
GMCL1	0.1081982257782171
GMNN	0.0005000028891232
GMPS	0.0599546058754791
GNAI2	0.1331425119608658
GNAI3	0.1720238858434636
GNAQ	0.1500457001701207
GNB2L1	0.0193189949531361
GNB5	0.0492895885707054
GNG11	0.0774624965347717
GNG12	0.0597141027679576
GNL3	0.1235239682660782
GNPAT	0.2600183544227517
GNPDA1	0.0938419890582638
GNPNAT1	0.1195206464995282
GOLGA3	0.222401712267998
GOLGB1	0.1355674608029097
GOLIM4	0.0092286887544342
GOLM1	0.1973183493092287
GOLT1B	0.0905616349962477
GOPC	0.0403859598970707
GORASP2	0.0376254365490148
GOSR1	0.0835814525260055
GOSR2	0.0005453003173076
GOT1	1.1684745120228657
GPAT3	0.0321045520208308
GPAT4	0.0566162464222763
GPATCH8	0.0642022665586792
GPBP1	0.0448784584693981
GPC1	0.0572978606424587
GPCPD1	0.421105339186503
GPN1	0.0002020615079248
GPN3	0.1091530553156592
GPR137	0.2573147208660809
GPRC5A	0.5828387638161123
GPRC5C	0.1025178725168735
GPRIN2	0.1347942160393482
GPRIN3	0.0957924846483998
GPS1	0.0790420729140272
GPX1	0.3160039465409138
GPX2	0.2699959926671507
GPX3	0.0492832555176631
GPX8	0.0024012701921235
GRAMD1B	0.0626994026332593
GREM1	0.0816833037133346
GRIN2B	0.3661949283877748
GRK6	0.223963408667343
GRN	0.0613835964030018
GRPEL1	0.0071500368188128
GRSF1	0.0466391334367841
GRWD1	0.0427191114088857
GS1-124K5.4	0.1894806273503189
GSR	0.0823288569791645
GSTK1	0.2221133371039679
GSTO1	0.1209149998988225
GSTZ1	0.1148593142950138
GTF2F1	0.1556327921578516
GTF2F2	0.2142881843611847
GTF2H1	0.0204779632534058
GTF3C2	0.0420253334991443
GTPBP4	0.3986346229764892
GTSE1	0.0241127905287816
GULP1	0.0769674468787524
H1F0	0.0004211649858187
H1FX	0.0211139642153216
HACD1	0.0390673917211092
HACD2	0.0936085973261141
HACD3	0.244042914112416
HADHA	0.1325744664589427
HADHB	0.2917113713541084
HAGH	0.1514690059910558
HAGHL	0.0126234902386158
HAPLN3	0.1112491733786745
HARS	0.0465548234844029
HAT1	0.3291698797000615
HAUS1	1.7599142458795665
HAUS2	0.0608489905012154
HAUS6	0.3399735310009946
HCCS	0.039171291678686
HCFC1	0.0874318189115581
HDAC1	0.113885139945331
HDAC2	0.0522549873924093
HDAC3	0.3191719571143333
HEBP1	0.0032560742933091
HECTD1	0.0698115646815602
HECW1	0.1268463180076175
HERC2	0.2205281445193224
HERC4	0.2369440837544704
HERPUD1	0.0159035835907119
HES1	0.0550241519913909
HES4	0.409940707094443
HES6	0.0567332309030125
HEXA	0.1653395862808129
HEXB	0.0273166642949878
HEXIM1	0.0189398491049608
HEXIM2	0.01594842293939
HGS	0.0404233808189657
HGSNAT	0.0366197394350864
HHEX	0.1926676583370147
HIF1A	0.0838331239498336
HIGD1A	0.0015472466112553
HILPDA	0.1056343275160015
HIP1	0.0375995840448573
HIPK2	0.2218993883041942
HIST1H1C	0.1696179597186898
HIST1H1D	0.0548107001044173
HIST1H1E	0.0267626003085612
HIST1H2AC	0.1604031730389261
HIST1H2BD	0.1016526410488074
HIST1H2BJ	0.2607250919404662
HIST1H4C	0.0093631282211625
HIST2H2AC	0.0098836715455859
HIST3H2A	0.0832856477689273
HJURP	0.1221877433908565
HLA-A	0.1505261723419362
HM13	0.0674388751014653
HMG20B	0.0339813701629089
HMGA1	0.5363086590621098
HMGA2	0.1492678422743585
HMGB2	0.234947724989502
HMGB3	0.0741963552528642
HMGCS1	0.1186609444131464
HMGXB3	0.064810473277622
HMGXB4	0.1539687881263862
HMMR	0.0666137405782916
HMOX1	0.2123758528351068
HMOX2	0.0106453469446976
HN1	0.0329768795144932
HNRNPDL	0.045303601661458
HNRNPH1	0.0541427021461706
HNRNPUL2	0.0423288775666609
HOMER3	0.4387408420241482
HOTAIRM1	0.5556950194735512
HOXA-AS2	0.0675679690726812
HOXA3	0.0267041355319096
HOXB13	0.1564481707741802
HOXB6	0.1899181574261289
HOXB8	0.2298856516790717
HOXB9	0.0412508586337966
HOXC9	0.0945090240847631
HPCAL1	0.6033528597751534
HPGD	0.4925644669133951
HPRT1	0.1452002478466053
HPS1	0.2042456666359459
HRSP12	0.2376526328019373
HSBP1L1	0.0484484533743726
HSD17B12	0.0084198899489213
HSP90AA1	0.1739416994742282
HSP90AB1	0.1190007200131973
HSP90B1	0.0197896390370974
HSPA14	0.0711971971790382
HSPA1A	0.0753359688618531
HSPA2	1.2716853015741818
HSPA4	0.2624422386853554
HSPA5	0.1227461155809525
HSPA8	0.2620562485159322
HSPA9	0.1333201023875812
HSPD1	0.0573024010517771
HSPG2	0.0146579925787479
HSPH1	0.1894326429713341
HTATSF1	0.2112972572956291
HUWE1	0.0388123245036463
HYAL2	0.00031318357366
IARS	0.0579894954531981
IARS2	0.0496588307055332
IBTK	0.0049240610967976
ICE1	0.1152189486461054
ICE2	0.0767833056051815
ICMT	0.1102587280810126
ID1	0.121577991106807
ID2	0.3551867679221353
ID3	0.260030201441742
IDH1	0.2312529841198516
IDH2	0.0222840038997457
IDH3A	0.1133393589302812
IDH3B	0.0811942163934324
IDH3G	0.1585162392159211
IDI1	0.0154880452968145
IDS	0.069785349625794
IER2	0.6052393578271964
IER3	0.6483474850245993
IER5	0.0050914262816972
IER5L	0.0208971979878305
IFI27L1	0.0926709396443737
IFI27L2	0.4712731285468736
IFITM2	0.0468922838434578
IFNGR2	0.2096195363401951
IFRD1	0.0432058840671146
IFT27	0.0404611637194658
IFT43	0.0572394059963714
IFT57	0.0182569149182669
IFT81	0.1278248852792235
IGBP1	0.1412892589316091
IGF1R	0.1303483524335726
IGF2	0.1298481969326728
IGF2BP1	0.0693600301944468
IGFBP3	0.0887269282022537
IGFBP4	0.7377576932004294
IGFBP6	0.0685399289076863
IGFBP7	0.1730569434150134
IK	0.1195281690599993
IKBIP	0.1144371505620256
IL11	0.4350359225582406
IL13RA1	0.4950395177954194
IL18	0.0256368172289217
IL32	0.1700841404456096
IL6ST	0.0861874701782011
ILF2	0.0348352722877916
ILF3-AS1	0.0882089620341846
ILK	0.1444856406865654
ILKAP	0.107364482545394
IMMP1L	0.1497324757243819
IMMT	0.3522259474368008
IMPAD1	0.0344237318387213
IMPDH1	0.0030822466589314
IMPDH2	0.0196415076233776
INA	0.0197315279998753
INAFM1	0.0277418144528761
INF2	0.0360835188081098
ING2	0.0305435715415311
INHBB	0.3957943376718087
INO80C	0.1440974893668484
INO80E	0.0761260391585486
INSIG1	0.0959997798818913
INSL4	0.0499268210776399
INTS10	0.1170734957499614
IP6K2	0.0448731218835746
IPO5	0.0484938143220034
IPO9	0.0239910578901216
IQGAP1	0.1855432273810223
IQSEC2	0.2587808130293434
IREB2	0.0224845623602248
IRF1	0.0250209623970523
IRF2BP2	0.0995573677232531
IRF2BPL	0.0699373883961065
IRF3	0.3099025709608006
IRS1	0.0191255688935358
IRS2	0.0074566512035369
IRX3	0.0773531178370806
ISG15	0.0270167319106713
ISG20	0.0004055679393934
ISG20L2	0.0083512960091681
ITFG2	0.0317944672313069
ITGA2	0.3055864447381838
ITGA3	0.131867710261718
ITGAV	0.0438267865894817
ITGB1	0.1084128070638324
ITGB3BP	0.0512546311149752
ITGB4	0.1035131478483686
ITGB5	0.0232378382919168
ITM2B	0.1704797282716216
ITM2C	0.1202001578502377
ITSN2	0.4266724111723261
IVNS1ABP	0.0425042259493544
JADE1	0.2101797033856728
JAG1	0.0426296128857431
JAK1	0.0933476035787498
JKAMP	0.1547462526480757
JMJD1C	0.0793461828437285
JMJD6	0.0718422187853325
JUN	0.0814740561735588
JUNB	0.2681293450093255
JUND	0.0200443813494382
JUP	0.0067694110991771
KANK1	0.0596512347259626
KARS	0.0246819312634461
KB-1732A1.1	0.1406945889677317
KCNF1	0.4177464351417467
KCNK6	0.004202141139481
KCNMA1	0.9556852957338474
KCNQ1OT1	0.0862886680487919
KCTD1	0.0691462065809728
KCTD15	0.4084608020467431
KCTD9	0.023124415459905
KDM5A	0.1163273363128505
KDSR	0.0638986980838019
KEAP1	0.1270715227143458
KHSRP	0.0294409247998317
KIAA0907	0.0920355475407
KIAA0930	0.3273476237671591
KIAA1191	0.2154582374927376
KIAA2013	0.0434368497003747
KIF14	0.0484875345598733
KIF18A	0.1018179443813264
KIF1C	0.4083584786030773
KIF20B	0.3517044908357952
KIF21A	0.0849131202119673
KIF22	0.1676943701020233
KIF23	0.1039646743389937
KIF2A	0.1032105195342457
KIF3B	0.1245682048899406
KIF3C	0.2575129527299131
KIF4A	0.0080360192168846
KIF5B	0.0790467400776804
KIF9	0.5742563234863459
KLF10	0.0769309878664075
KLF13	0.0637948530969529
KLF3	0.0448211842356679
KLF5	0.0568086164055052
KLF6	0.2280283156441538
KLHDC2	0.0180065111789649
KLHDC3	0.1003467458156387
KLHL23	0.0137998740621579
KLHL42	0.3234439371128536
KLHL5	0.3074821501249359
KMT2A	0.0713994813951623
KMT2B	0.1274158296811984
KMT2E	0.0563573585101684
KMT2E-AS1	0.0012591939471403
KMT5A	0.0105207537733853
KNSTRN	5.46883739239291e-05
KPNA1	0.107478430944192
KPNA2	0.1399991853279203
KPNA3	0.08063444289948
KPNA4	0.2165252123674521
KPNA6	0.1672763588816779
KRAS	0.0115920855641407
KRCC1	0.0973878765128112
KRIT1	0.0115622830262736
KRR1	0.0143510749850183
KRT18	0.06770382275106
KRT19	0.0471249890172218
KRT7	0.0722518744077471
KRT8	0.1115852409001144
KRT80	0.2591857472736983
KRTCAP2	0.0882069725219735
KYNU	0.0317514905392123
L3HYPDH	0.031006961746925
LACTB	0.0313096498724129
LACTB2	0.3115635581448167
LAMA5	0.0558353279664062
LAMC2	0.0381991832366375
LAMP1	0.365510249673375
LAPTM4A	0.046351333014012
LARP4	0.0454579469158278
LARP7	0.0356938564523978
LARS	0.1051104259345699
LAS1L	0.0880366429528036
LAYN	0.0114927023233412
LBH	0.5518501002619338
LBR	0.0025552741492192
LCMT1	0.0225389425076969
LDHA	0.0826093117102603
LDHB	0.0367402769525959
LDLR	0.1495605197603567
LDOC1	0.3061980663994552
LENG8	0.1308661763716045
LEO1	0.0784951240331425
LEPROT	0.3725463157112949
LEPROTL1	0.1032230762271176
LETM1	0.3553175271116441
LETM2	0.0627683211582524
LGALS3	0.4848869294520027
LGALS3BP	0.1654501923607217
LGR4	0.1206884386309464
LIMA1	0.0061133128375094
LIMCH1	0.3112396581114102
LIMD2	0.023364297718245
LIMS1	0.0841311952269406
LINC-PINT	0.1900733497517081
LINC00152	0.0596841712918344
LINC00467	0.243805057392821
LINC00473	0.1637673122264175
LINC00511	0.0085048565558957
LINC00657	0.0664262244747709
LINC00662	0.2094085239842035
LINC00665	0.0169445254938435
LINC00667	0.1105379834758892
LINC00685	0.0342117547604123
LINC00707	0.1283058800387908
LINC00936	0.0536524840002313
LINC00969	0.0634922093928106
LINC00973	0.3023692821782937
LINC00998	0.1296298043833987
LINC01021	0.1463461374312283
LINC01089	0.0274512884799468
LINC01116	0.0452692839666269
LINC01137	0.0720036837278666
LINC01184	0.1477243609553043
LINC01234	0.0819603019801741
LINC01297-1	0.1080645331643411
LINC01468	0.109984863161881
LINC01481	0.0451717675494847
LINC01588	0.0960909876354259
LIPE-AS1	0.0531677849621035
LMAN1	0.076233298899562
LMCD1	0.2727429727272479
LMNA	0.357225324025178
LMNB2	0.2743884719316949
LMO4	0.0513029665109646
LMTK3	0.1295732889419835
LONP1	0.2130272444020257
LOXL2	0.2145699793938142
LPGAT1	0.0309279035010136
LPIN1	0.1127174610477293
LPP	0.7153663366120991
LRFN4	0.0369570692527305
LRIF1	0.2204218845560035
LRP10	0.0070054715089107
LRP3	0.0827987522497433
LRPAP1	0.042433377744048
LRPPRC	0.2138440450967154
LRRC14	0.0410283907701104
LRRC23	0.0964964697761188
LRRC58	0.0313850307991768
LRRC75A	0.0117983743826426
LRRC8A	0.0137358003977211
LRRC8B	0.0617835077105084
LRRFIP2	0.4556978006366844
LSM6	0.0144549306198396
LSR	0.1144591231243446
LTA4H	0.0759885159683531
LTBP3	0.0106535112538547
LTBP4	0.173643093822882
LUC7L	0.2061392279257309
LURAP1L	0.0919042443662314
LUZP1	0.2162125559486561
LXN	0.1371466564322587
LY6K	0.5231416622270277
LYAR	0.1676220045031826
LYPD1	0.0208536341722235
LYRM1	0.150783523452037
LYRM2	0.02119971921356
LYRM5	0.0751487899279877
LYRM7	0.1857333940362197
LYSMD2	0.0684452106595149
LZIC	0.101891900842763
MACF1	0.0417974029483736
MAD2L1	0.1359963075557649
MAD2L2	0.0710378995669358
MAFG-AS1	0.0399208551472674
MAFK	0.9167542622241528
MAGEF1	0.7147703449891166
MAGOH	0.1712907449924044
MAN1A2	0.129899072019944
MANF	0.0427568982863158
MAP1B	0.1186024998562755
MAP1LC3A	0.0089283877569347
MAP2K3	0.0219626027957962
MAP2K4	0.3091845397380153
MAP3K11	0.1131925441185202
MAP3K13	0.2853457476537335
MAP3K14	0.1060641976902048
MAP3K2	0.2307993976017009
MAP3K8	0.2013721091678608
MAP4	0.1204577938292577
MAP4K4	0.1346204931438379
MAP7	0.2756310987162938
MAP7D1	0.1590821192143769
MAP7D3	0.0903603706264214
MAPK12	0.0860729240910411
MAPK1IP1L	0.1702325282885714
MAPK6	0.0781880252652307
MAPK9	0.0174569458382739
MAPKAPK3	0.0467022916071928
MAPKAPK5	0.2449552798753899
MAPKAPK5-AS1	0.2896257670204166
MAPRE1	0.0495409632755573
MARCH2	0.0708216685263519
MARCH6	0.0009517155447325
MARCH9	0.0030305399448313
MARCKS	0.2578124500738411
MARCKSL1	0.3870601142428006
MARK3	0.0579958453813055
MARS	0.0498192560107289
MARVELD1	0.0980990015158708
MAVS	0.0577824543065765
MAX	0.0573437926502006
MBD2	0.0728627387565185
MBD3	0.0440273141994326
MBD4	0.1680715588005883
MBNL1	0.1760103990128699
MBOAT7	0.1935406339651026
MBP	0.1610567824788611
MCL1	0.1043573018704143
MCM10	0.0649015700035961
MCM3	0.1239173306957959
MCM4	0.6672077440649897
MCM5	0.0120442363094722
MCM6	0.0426267124957342
MCM7	0.1161072542305963
MCM8	0.0466739816592622
MCMBP	0.1678021118421636
MCTS1	0.0396168351411931
MCU	0.1336185016680433
MDFIC	0.076361468881475
MDH1	0.1291533091664475
MDK	0.0400725634789947
MDM2	0.4838353601017021
MDM4	0.3399458053759844
ME1	0.1110975743487071
MEAF6	0.0158186952323363
MECP2	0.0823662722989181
MED1	0.0457507678391734
MED11	0.4178880076037162
MED13L	0.0745712399206964
MED19	0.0730775132709063
MED21	0.0295507656919363
MED28	0.4500834129622795
MED29	0.0510639150345291
MED31	0.0446681564657275
MED8	0.0059870783052853
MEG3	0.3146398263722667
MEGF9	0.1034543847984267
MEIS2	0.2145402542999654
MEIS3	0.093984490753576
MELK	0.0822903914742436
MEPCE	0.0228901659038807
MESDC2	0.2372495055582539
MESP1	0.759159727751593
MEST	0.0963168867151477
MET	0.2104000338072612
METRN	0.4010207668708289
METTL10	0.1623828102543896
METTL12	0.0452947975309654
METTL16	0.1272367098186679
METTL21A	0.0380493680137741
METTL2A	0.0567918071750786
METTL2B	0.0398953356858832
METTL8	0.0591430625783622
MFGE8	0.247532783141039
MFHAS1	0.0941401765052841
MFSD10	0.1124900815017946
MFSD12	0.2095243377795654
MFSD3	0.2567222431014345
MFSD5	0.0843386555230818
MGAT1	0.0290576811259405
MGAT2	0.0722672585158919
MGEA5	0.0915652116568283
MGLL	0.323144172035306
MGME1	0.1088648187606757
MGST1	0.0494950444504642
MGST2	0.2508931323741784
MICU1	0.1723369373765827
MID1	0.8126128357480897
MID1IP1	0.0644358218625185
MIDN	0.0245536176151379
MIF	0.0333498465572406
MIF4GD	0.1280164397852469
MINCR	0.2196606279094811
MIR503HG	0.0831120630807026
MIS18BP1	0.4227284725690458
MISP	0.3720776940891849
MKI67	0.1331437217025379
MKNK1	0.0030013513965454
MKNK2	0.1558200878828833
MKRN1	0.0740215298622045
MLLT10	0.2211355311130456
MLLT4	0.1130988281847334
MLPH	0.025883895306374
MLX	0.3404267817468993
MLXIP	0.0278762203476
MMD	0.0078007150151141
MMP24	0.298211622002706
MMP24-AS1	0.2442542297624074
MNAT1	0.0061431870925841
MND1	0.0347974859680708
MNX1-AS1	0.0309525894231492
MOB3B	0.0058776618575642
MOB4	0.0503963748350761
MOCS2	0.3383834934003388
MOK	0.1199120089713545
MORC4	1.0838953877036137
MORN2	0.0959817417703148
MOSPD3	0.0902837244428158
MPDU1	0.613870993103098
MPHOSPH10	0.1371240272022431
MPHOSPH6	0.0819311819178364
MPHOSPH8	0.0311101045479328
MPRIP	0.2067088617064465
MPV17	0.1247450568890788
MPZL1	0.2948230278601633
MROH8	0.002653336533372
MRPL1	0.2278772306656617
MRPL10	0.1078261014507339
MRPL16	0.0722686618691434
MRPL2	0.0442134329410476
MRPL35	0.1262628315060756
MRPL37	0.1552954126691039
MRPL44	0.0968403615259963
MRPL45	0.0049363675767113
MRPL46	0.1966016778986121
MRPL47	0.0920104508378771
MRPL48	0.0589349068497497
MRPL49	0.024041279210023
MRPL50	0.5121464950519738
MRPS17	0.2189007850255828
MRPS18A	0.1164606372131035
MRPS18B	0.0458680645319229
MRPS27	0.2015630568588495
MRPS30	0.2935772378731961
MRPS9	0.1326391154903429
MRRF	0.0577014823729769
MRS2	0.0246470016594197
MRTO4	0.0249518085700196
MSANTD3	0.1326259460708643
MSC	0.0689872304288103
MSH6	0.0853202304633627
MSI2	0.3073007250535549
MSL1	0.1364409594655491
MSL3	0.1327077808414796
MSMO1	0.1463280662980376
MSRB3	0.2174472535990121
MSX1	0.0378323730421858
MT-ATP6	0.2565640200501073
MT-ND1	0.0366993689872532
MT-ND6	0.0870909909789364
MT1A	0.7130563688804934
MT1F	0.0337139730089112
MT1X	0.4758725614395277
MT2A	1.04979205975483
MTA1	0.0489320125629783
MTERF4	0.1414953124116888
MTFMT	0.003990406885038
MTHFD1	0.0159335824355308
MTHFD2	0.000893614936828
MTHFD2L	0.0970850188662049
MTIF2	0.1287765944937817
MTIF3	0.0673415454826357
MTRF1L	0.5517029824382781
MTUS1	0.2547284184640058
MTX1	0.046813681981254
MTX2	0.0690378563053245
MUC5AC	0.1452316254109008
MUM1	0.0225198253265946
MVB12A	0.2669185286851097
MVD	0.054406934540213
MVK	0.0976995915575698
MXD4	0.0782968491390817
MYADM	0.1110638072718757
MYC	0.1313815288180799
MYCBP2	0.0496404123246993
MYEOV	0.427312340850338
MYH9	0.0572012091906743
MYL6	0.0505727320803365
MYO10	0.1111855761525343
MYO19	0.0835455530222494
MYO1B	0.0086620982010141
MYOF	0.1204399841168353
MYPOP	0.0303937607257165
MZT1	0.0027075665578519
N4BP2L2	0.1672065551737
NAA15	0.0713119673652063
NAA60	0.2058319877139061
NACC1	0.0203510233900572
NACC2	0.1865922719933307
NAE1	0.1004314579970742
NAMPT	0.0460224955872864
NANS	0.0097935115317108
NAPA	0.0653640060403787
NARF	0.0621720152938702
NARS	0.1333729301596179
NASP	0.1254122072502762
NAT14	0.017785445721773
NBL1	0.0624745594817964
NBR1	0.0416893173653942
NCAPD2	0.3741675346646462
NCBP2	0.2030508735967867
NCBP3	0.2323767092021059
NCKAP1	0.02499762498158
NCKAP5	0.0171729827373402
NCL	0.220147929575466
NCLN	0.057159061721011
NCOA3	0.070549570421788
NCOA7	0.2278387551856879
NCOR2	0.0831677675898736
NDFIP1	0.1345990295754024
NDRG1	0.0390917563935892
NDUFA10	0.2829096240815756
NDUFA13	0.3368253914970033
NDUFA5	0.0371356553577321
NDUFA7	0.4634851831250268
NDUFA9	0.2607586058716398
NDUFAF4	0.1413279373161985
NDUFAF6	0.2300590974896686
NDUFB5	0.0029907392405947
NDUFS2	0.1704213171294497
NEAT1	0.2082670921340091
NECAP2	0.1045159695020764
NEDD4L	0.0277128946482312
NEDD9	0.2688303771534844
NEIL2	0.0271673144132202
NEK2	0.0154343359164084
NEK6	0.1305050505973683
NELFB	0.0961821234914877
NEMF	0.1457592743822449
NET1	0.1871742083060716
NF1	0.044600403029064
NF2	0.0434807425008266
NFAT5	0.20484516031653
NFE2L1	0.2427614233142982
NFE2L2	0.0272176889891538
NFIB	0.0210287046853524
NFIC	0.4072657053470176
NFKB2	0.0590008846426225
NFKBIA	0.5629158833260998
NFKBIB	0.0022611532133095
NFYB	0.0775910158178142
NGDN	0.1368348562433095
NGRN	0.0684196098203507
NIFK	0.2873750824228928
NIP7	0.2823346900590553
NIPSNAP1	0.0395831605387403
NIT2	0.0724936705714691
NKAP	0.0126426067622105
NKIRAS2	0.2086018441147504
NKTR	0.6321511693116033
NLN	0.1598194985793496
NMB	0.5932548169825769
NMRAL1	0.0381793478237999
NMT1	0.2005599713847987
NMT2	0.0244831330583787
NNMT	0.3897848131345349
NOC2L	0.0277471606805718
NOC3L	0.0430864343509964
NOC4L	0.1269262835483431
NOL10	0.1319080495775078
NOL11	0.1457221104422273
NOL3	0.1594667175595051
NOL4L	0.1779705236465934
NOL8	0.1081275550362213
NOLC1	0.0353987760795275
NOM1	0.3660054196886341
NOP14	0.0214108442577713
NOP2	0.1957681382162494
NOP58	0.4631131753807808
NOVA1	0.2297280665008718
NPAS2	0.0668206746245794
NPC1	0.2493051417893449
NPC2	0.1612127958228301
NPDC1	0.1294197775480516
NPEPPS	0.0700921454529066
NPLOC4	0.1603568706776449
NPM1	0.0585204921751055
NPRL3	0.4507415529826727
NPTX1	0.1511757501889584
NQO1	0.0264448311839508
NR0B1	0.0876278443659396
NR2C2AP	0.098308812504002
NR2F2	0.0350532941039746
NR3C1	0.2358576871456829
NR4A1	0.0646224749988934
NRAV	0.0238522430894874
NRBF2	0.1921577637869474
NRBP1	0.039327575608443
NRCAM	0.0465103488447464
NRDC	0.1493171817430681
NRG1	0.0286495026817862
NRGN	0.1054660733654293
NRIP1	0.0964218272453962
NRP1	0.3913564748851413
NRP2	0.145667485546783
NSD1	0.3117324265047512
NSFL1C	0.1628641513231056
NSL1	0.1069612202893896
NSMCE1	0.1672084109527095
NSRP1	0.0302051226761417
NSUN5	0.1618166121055556
NT5C2	0.1397132495858487
NT5DC2	0.1491811389077309
NT5E	0.0629645452048289
NTN4	0.0580711937351367
NTS	0.0303254557843743
NUAK1	0.051000870901077
NUAK2	0.1730385259960271
NUBP1	0.0247685399280889
NUCB1	0.111418592600346
NUCB2	0.119050577381977
NUCKS1	0.2582178051903556
NUDC	0.089712875356518
NUDT15	0.0345614925938075
NUDT19	0.0572925276698822
NUDT2	0.1375200818657443
NUDT21	0.065952459024679
NUDT22	0.4429107757700189
NUDT3	0.0487756201809515
NUDT4	0.2128134299520222
NUDT8	0.2534390880075619
NUF2	0.0517578229237119
NUFIP2	0.0835647799704656
NUMBL	0.2250347674613915
NUP155	0.2283173052936846
NUP37	0.2613081491220288
NUP62	0.1186481961437239
NUPR1	0.1508473101392352
NUS1	0.7413344181800242
NUSAP1	0.0566795792174709
NUTM2A-AS1	0.0004045294689089
NUTM2B-AS1	0.0489752685071901
NXN	0.0525295444461149
NXPE3	0.1065149470738916
OARD1	0.2157330335925771
OAS1	0.1167846169166866
OBFC1	0.4866700880357372
OCIAD1	0.1603358302306424
OCIAD2	0.3842728521199713
ODC1	0.0883372598939007
OGFOD3	0.029549569706523
OGFRL1	0.0813934281452265
OPN3	0.0076329304106039
OPTN	0.0557196185153008
ORAI2	0.0287547392825191
ORAI3	0.0008655774569152
ORC6	0.0297014605195248
ORMDL2	0.0137605784187251
OS9	0.010477642693756
OSBPL9	0.0173576744591953
OSER1	0.1094340792784548
OSGIN1	0.5617282118289768
OTUD6B-AS1	0.0134921345687501
P3H4	0.0975869632591574
PA2G4	0.1134709768004688
PABPC4	0.1114711980194675
PACS1	0.3086633544409283
PACSIN3	0.118033978659811
PAF1	0.2571265505629674
PAFAH1B2	0.1858184948244626
PAK1IP1	0.3159649471544076
PAK2	0.2195165892114489
PAK4	0.0841390409135832
PALLD	0.0181662769020846
PANK2	0.0283229256887622
PANK3	0.2473500846295128
PAPPA	0.0357749515890838
PAPSS2	0.0958987766215684
PAQR4	0.0662230516026523
PAQR5	0.4447458006407095
PARD3	0.0537025303717069
PARD6A	0.0113971245586953
PARD6B	0.2800134102177858
PARP6	0.0540071817922875
PARPBP	0.1565150224959236
PART1	0.0181740284640046
PAXIP1-AS1	0.0083590873065637
PBDC1	0.0059066676410172
PBK	0.0615981156900253
PBX1	0.1132566429082126
PCDH9	0.6834295459256728
PCED1B	0.0410473842365288
PCGF2	0.0648223241399914
PCIF1	0.0291512109555871
PCM1	0.0460624393482649
PCMT1	0.0341716274056529
PCNA	0.0122299312687168
PCOLCE2	0.0273233056710713
PCSK1N	0.3280539980304333
PCSK7	0.049884443545869
PCYOX1	0.1186162555396432
PDCD10	0.1143245238672922
PDCD2L	0.168988157406385
PDCD7	0.2109915315102261
PDCL3	0.1452248483939255
PDDC1	0.0429404444092009
PDE6D	0.0166398381000554
PDE8A	0.2012113785896934
PDGFA	0.0159309240720842
PDHA1	0.2873543586474535
PDHB	0.1151629786987744
PDIA3	0.0929810250413231
PDIA4	0.1989698338000249
PDK4	0.3286627762588389
PDLIM1	0.0556724641654926
PDLIM5	0.6076390673082054
PDLIM7	0.0359888894444253
PDRG1	0.4845122804386586
PDS5A	0.2140413350795345
PDXK	0.8877161532185323
PDZD8	0.1120145896502568
PDZK1IP1	0.0564125396971925
PEA15	0.1653220493754918
PEF1	0.0009027148624237
PEG10	0.3542886033246079
PELO	0.2263422887823458
PELP1	0.3146312122890479
PEPD	0.0255426735283266
PER2	0.058911242471377
PES1	0.1760253091047376
PET100	0.2639416831332312
PET117	0.0078696657216106
PEX10	0.003780500486231
PEX2	0.0126789848952807
PFAS	0.1574594176316265
PFDN6	0.0041426392396907
PFKFB3	0.1972604803691234
PFKP	0.0668193887253073
PFN1	0.261295928125026
PGAM5	0.1035776909260628
PGAP2	0.1098113130024742
PGK1	0.0384635655836776
PGM2L1	0.040639047742107
PGRMC2	0.315250600027555
PHACTR2	0.0727526768880437
PHAX	0.0163179182136676
PHC2	0.1269798794894577
PHF20	0.038975792435175
PHF20L1	0.1110028681193261
PHF23	0.1936836382318959
PHF3	0.002528152557341
PHF6	0.1042283737540318
PHGDH	0.0633659684228141
PHIP	0.0687168077470695
PHKG1	0.1314282912566214
PHLDA1	0.1500451719783922
PHLDA2	0.1441879487414101
PHLDA3	0.2301795024564235
PHLDB2	0.0445596741377987
PHLPP2	0.0159862284283697
PIF1	0.0226006794215842
PIGBOS1	0.3211871131970334
PIGF	0.1347384095089403
PIGH	0.0939319157692586
PIGP	0.087018385943698
PIGW	0.0619668915633394
PIGX	0.0793393326772266
PIH1D1	0.012698474834124
PILRB	0.1356029374138503
PIM3	0.0701348060304441
PIR	0.0181167297168054
PITHD1	0.0498596226906373
PITPNA	0.1431058540776344
PITPNC1	0.1026316771934141
PITX1	0.3526633159806133
PKDCC	0.0410474405085431
PKIG	0.2477937611986151
PKM	0.0954144279187224
PKN1	0.1187116014171821
PKN2	0.0378554725472346
PLA2G12A	0.0096951761988831
PLA2G16	0.1090139978392222
PLAU	0.036483512411064
PLAUR	0.003506471439071
PLCD3	0.0295556630701917
PLCXD1	0.050095216048683
PLEK2	0.0084368704931694
PLEKHA3	0.0220452722905226
PLEKHB2	0.0865535497354185
PLEKHH2	0.0457837644488233
PLEKHJ1	0.344600464618482
PLGRKT	0.1665108945645772
PLIN2	0.0281003664511507
PLIN3	0.0213001110536843
PLK1	0.0227347718343969
PLK2	0.0763725314008918
PLOD2	0.4035777109629871
PLPP5	0.1173742494655364
PLS3	0.1563740534307279
PMAIP1	0.023756638482307
PMEPA1	0.0034548163589221
PMF1	0.0307066796719561
PMP22	0.4216002362562774
PMPCA	0.1147336579545449
PMPCB	0.0500572035286983
PNISR	0.072917880530805
PNKP	0.0542640814890239
PNO1	0.0218546878392887
PNPT1	0.016183751464051
PNRC1	0.0031642510879302
PNRC2	0.0253761572548602
PODXL	0.0331543226159733
POLR2A	0.1912063873486879
POLR2D	0.009581000117908
POLR2H	0.0550141781251697
POLR3D	0.0434801334347167
POLR3G	0.2438308847784371
POLR3GL	0.0032528285526694
POPDC3	0.3195450986203782
POR	0.0217290602712929
PPA2	0.1768184593932484
PPAN	0.2117206781945105
PPARG	0.081808001172585
PPCS	0.1866327172115455
PPFIA1	0.1442656383960718
PPFIBP1	0.2265438952432695
PPHLN1	0.011427133441632
PPID	0.0054765782808319
PPIE	0.2221352582420355
PPIF	0.0161343741196506
PPIG	0.1002083823208536
PPIH	0.0740650572565285
PPIL1	0.0718578189212761
PPM1B	0.0483681325384913
PPME1	0.0050398026724675
PPP1CB	0.104048253258897
PPP1R10	0.1308843992930351
PPP1R11	0.0616466892923428
PPP1R12A	0.0705271943360447
PPP1R14A	0.0732680826095044
PPP1R15A	0.0067015532641595
PPP1R16A	0.166646312957351
PPP1R35	0.2693346909716099
PPP1R7	0.0370570113323319
PPP2CA	0.0787186375046098
PPP2CB	0.1252115155278168
PPP2R1A	0.1188172015341794
PPP2R2A	0.029904698922061
PPP2R3C	0.213457571780076
PPP2R4	0.1845039519964755
PPP2R5C	0.2356042567981896
PPP2R5E	0.0663800484866856
PPP3CA	0.0694954260363767
PPP4R2	0.1307002531373136
PPP4R3A	1.640516196060393
PPP4R3B	0.2423168247172274
PPP5C	0.2805911576665619
PPP6R1	0.0007950305068801
PQLC3	0.1492260505918554
PRADC1	0.0147544513793679
PRAF2	0.210561355110089
PRAME	0.0582877584603723
PRC1	0.059805232923287
PRCC	0.0481245971282055
PRDX1	0.0843523288646547
PRDX4	0.0283725921214176
PREB	0.3662272773581322
PRIM1	0.0980769882489917
PRKAG2	0.0327587408099927
PRKAR1A	0.1714031298731171
PRKAR2A	0.1240019803098644
PRKCA	0.0196927664050841
PRKCDBP	0.0003980779927289
PRKCSH	0.1111620265390206
PRKRIP1	0.3721713498054775
PRKRIR	0.0116295076074346
PRMT1	0.0348890765305556
PRMT5	0.048785694549836
PRNP	0.1513397986738807
PROCR	0.0544270949595955
PROSC	0.1322039728057051
PROSER3	0.1179899579060597
PRPF19	0.0197215061902303
PRPF38B	0.0512199304244437
PRPF4	0.1412073822727304
PRPF4B	0.2403354381380991
PRPF6	0.1230250004908472
PRPF8	0.3055739509876868
PRPS1	0.1779516500181698
PRPS2	0.0673774084589894
PRPSAP1	0.1669957829105831
PRR11	0.2207537222661138
PRR7	0.3719567244993018
PRR7-AS1	0.0922518779560636
PRRC2A	0.0816417644551216
PRRC2B	0.0683770403559913
PRRT3-AS1	0.1147329044227619
PRSS23	0.3398823236244971
PRSS3	0.0130681601098929
PSAP	0.0212474832011222
PSAT1	0.0302297452772803
PSD4	0.0796134545772047
PSIP1	0.1009231223533562
PSMA3	0.2127476427651977
PSMA3-AS1	0.0139999423998175
PSMA4	0.0092040882919017
PSMB1	0.0060349027185402
PSMB3	0.0281847143621577
PSMB4	0.085810114965353
PSMB6	0.0726783196427617
PSMB9	0.1161355174839885
PSMC1	0.0172197388937848
PSMC2	0.339466721081239
PSMC3	0.126418259440016
PSMC3IP	0.0461788980904093
PSMC4	0.0176375729272077
PSMC6	0.1753847091699718
PSMD1	0.1260687988422102
PSMD10	0.0296682797214269
PSMD12	0.4682155728563563
PSMD13	0.1669177082431916
PSMD2	0.0517308480774004
PSMD3	0.0416159148634669
PSMD6	0.0234916364949903
PSMD7	0.1976553269321943
PSMD9	0.2802407051974195
PSME1	0.0486913218329709
PSME2	0.2106930084240141
PSMG1	0.0281188391854835
PSMG2	0.2278574001206685
PSMG4	0.0010346060351502
PSPH	0.0308084664774566
PTBP3	0.0896501845136648
PTCD3	0.0643626937010264
PTDSS1	0.0885988390534082
PTEN	0.4462117881990038
PTGES	0.0165006786350304
PTGR1	0.3166591123606873
PTGS2	0.10267594695207
PTHLH	0.0981059759998174
PTK2	0.4106540739601694
PTMA	0.1465151557870194
PTOV1	0.4017307336663203
PTP4A1	0.0857039249573638
PTPN1	0.015605004414144
PTPN12	0.1451871637700085
PTPN18	0.0503094849643156
PTPN2	0.100137663448876
PTPRA	0.0500685158464062
PTPRF	0.5876809527078138
PTPRJ	0.1109689833756147
PTPRS	0.1000994121885637
PTRF	0.666804159448376
PTRH1	0.0471037101413656
PTRH2	0.1569932974136184
PTTG1	0.0278445781818343
PTTG1IP	0.1149049754364704
PUM3	0.4961034492391574
PURA	0.01507890659561
PVR	0.0160705767586204
PVRL2	0.2429515458401237
PVRL3	0.1265203067685436
PVT1	0.1105417733606091
PXMP2	0.2776636163314839
PXN	0.0255595034489581
PXN-AS1	0.1601343406340942
PYCARD	0.0158671519056353
PYGB	0.2687404956859477
PYGL	0.2109012288824161
PYM1	0.2890875322809563
QDPR	0.0863287296227783
QKI	0.0612790885446114
QSER1	0.0039351630401785
R3HCC1	0.0570675482950679
R3HDM1	0.1365002103295067
R3HDM2	0.0019354007374626
RAB10	0.0025100581474794
RAB11B	0.2357686259246603
RAB11FIP2	0.0533992736700568
RAB14	0.0151108405045897
RAB15	0.0920194912449114
RAB18	0.0374290251639917
RAB1B	0.0183406649455312
RAB21	0.0086470705561744
RAB22A	0.0583238680577035
RAB27B	0.0460705045834894
RAB30-AS1	0.1830630120259555
RAB31	0.1350977346336112
RAB35	0.196969629891662
RAB3B	0.2595616961514838
RAB40B	0.23487071830333
RAB4B	0.0288829930991729
RAB5A	0.0371371536182047
RAB5B	0.0860367906837464
RAB6A	0.0332707574868178
RAB8A	0.0201579302347994
RAB9A	0.0432472747498601
RABEPK	0.1376786409243053
RABGGTB	0.0391506015093612
RAC3	0.1181968585911773
RACGAP1	0.2486321376522087
RAD1	0.1361448381175827
RAD21	0.4021398075099363
RAD50	0.0349000028915412
RAD51D	0.0571806722146801
RAD9A	0.0834508187285023
RAE1	0.1103272426760767
RAF1	0.1838857548323508
RAI14	0.1802400222540563
RALA	0.0103508125134934
RALB	0.2170725235535158
RAP2B	0.0172667257639861
RARA-AS1	0.0320137660977799
RARG	0.0944996183824851
RARS	0.1797703309609839
RASSF10	0.0683981393439754
RASSF3	0.0558342824394665
RASSF7	0.3520730596777145
RB1CC1	0.1049672708084561
RBBP4	0.011852934624462
RBBP5	0.1213773917409871
RBBP6	0.0435373090162041
RBBP7	0.0215134843785293
RBBP8	0.1266766398657551
RBCK1	0.0624328266746673
RBFA	0.0482919410012528
RBFOX3	0.2994461377159401
RBM14	0.1150605797392219
RBM18	0.0396134079182104
RBM23	0.0513744796453055
RBM25	0.1205763497095244
RBM26	0.0076789837221281
RBM28	0.0585121492376765
RBM42	0.0786874615136416
RBM47	0.0239077021162148
RBMS1	0.1814088949231288
RBMX2	0.1171588285484725
RBPMS	0.1697253660273082
RCC1	0.0362728636073201
RCC2	0.0464046991405423
RCCD1	0.0705583217139776
RDH10	0.184032602491765
RDH11	0.0242770524383306
RDH14	0.1008287895018307
RDX	0.2136108695098099
RECQL	0.5067372228099281
REEP3	0.12332562059534
REEP4	0.0497974662007866
REL	0.0533854799800678
RELB	0.0573653297314434
REPIN1	0.3479634603403255
RERE	0.0008006024804191
REST	0.0170940222538637
REXO4	0.2549603109909669
RFC1	0.0663202911478035
RFC2	0.0323359404922344
RFC3	0.012061417611785
RFC4	0.0068302652408511
RGCC	0.0980677506760976
RGS14	0.2857356379887883
RGS19	0.0784998872803009
RGS2	0.1591205138710254
RHBDD2	0.2205572281616551
RHOB	0.0432252766588737
RHOBTB3	0.2357429501184355
RHOD	1.2178696201483574
RHOQ	0.0585427084961152
RHOV	0.365832246686705
RHPN2	0.0612282784328226
RIC8A	0.1239937195348997
RICTOR	0.0407478393804983
RIF1	0.2643087670348804
RILP	0.519104169859113
RIN2	0.946242297844532
RMI2	0.0688795951817795
RMND5B	0.0689717763989734
RNASEH2A	0.0235733713293869
RNASEH2B	0.2835828727703158
RND3	0.1202274060415261
RNF11	0.1812646830325298
RNF114	0.1258732900217797
RNF115	0.051049203908806
RNF130	0.1071111497047443
RNF135	0.1707655056507051
RNF212	0.0384183708083666
RNF220	0.0013249569732289
RNF26	0.0041584236416825
RNF34	0.012819184291897
RNF40	0.0495221898168046
RNF5	0.228384374928713
RNF8	0.0552016519365699
RNMT	0.0223171877026781
RNMTL1	0.0032201584579926
RNPEPL1	0.0059507658259459
ROCK1	0.1901879103770956
ROCK2	0.2131724339673291
RP1-267D11.6	0.0458157432765009
RP11-1055B8.9	0.0866876043023159
RP11-111M22.3	0.0766028660211789
RP11-115C21.2	0.0222278888090991
RP11-11N9.4	0.0104304981888815
RP11-12G12.7	0.0748718221450795
RP11-138A9.2	0.02143004175584
RP11-1391J7.1	0.0275635891512232
RP11-160O5.1	0.4251818468712917
RP11-254F7.4	0.0081998656078668
RP11-294J22.6	0.054892542957169
RP11-295G20.2	0.6851866502357878
RP11-297J22.1	0.0045683935104148
RP11-357H14.17	0.0293609809347872
RP11-38M8.1	0.0353378064663661
RP11-390F4.6	0.1048280446899605
RP11-390P2.4	0.2361203122132974
RP11-400F19.6	0.0293997495153564
RP11-408N14.1	0.4574107593229964
RP11-452F19.3	0.0709161096700634
RP11-467L13.7	0.0320165077544342
RP11-473M20.16	0.0087059312307916
RP11-490M8.1	0.0365756114075525
RP11-498P14.5	0.0194636288584271
RP11-499E18.1	0.0480868468393624
RP11-505K9.1	0.0182826639037143
RP11-51J9.5	0.0460397303235565
RP11-538P18.2	0.0578254278796056
RP11-545E17.3	0.1351346481451812
RP11-54H7.4	0.0994316975073045
RP11-554I8.2	0.3909595129322857
RP11-563N4.1	0.0152408556871544
RP11-620J15.3	0.0745336477044561
RP11-631N16.4	0.076253936615637
RP11-660L16.2	0.0482506000203881
RP11-669N7.2	0.0132650090404016
RP11-670E13.6	0.0157872999616856
RP11-680F8.1	0.2893863385871089
RP11-758H9.2	0.0193194056381029
RP11-783K16.5	0.4156619916318582
RP11-792A8.4	0.1755397027603834
RP11-874J12.4	0.0353584811439369
RP11-879F14.2	0.1830644101897327
RP13-1032I1.7	0.0035599191649624
RP13-463N16.6	0.1537233104675004
RP4-555D20.2	0.1335850292772371
RP5-908M14.9	0.0138282027721388
RP5-943J3.2	0.0645059143605528
RP9	0.1174420645183531
RPA1	0.1342991371634268
RPA2	0.0476660429340882
RPE	0.0803327427409992
RPF2	0.0583538051390939
RPIA	0.152279693986062
RPL22L1	0.0711910074491574
RPL26	0.0522058881819437
RPN2	0.3423091953267938
RPP30	0.2539481096262304
RPP38	0.0964126571761095
RPS27	0.0444775967368787
RPS27L	0.0265163148496452
RPS4X	0.036546351135008
RPS4Y1	0.1552636420834746
RPS6KA3	0.0294933365155649
RPS6KA4	0.1129001319590165
RPS7	0.1916726996053855
RPUSD1	0.0364110366355202
RPUSD3	0.2121930698367194
RQCD1	0.018977456132777
RRAGA	0.0334326496196062
RRAS2	0.1025292371020908
RRBP1	0.0684649271007868
RRM1	0.2606594822243381
RRM2	0.137096694163521
RRP1	0.014452787700309
RRP15	0.1666386104886306
RRP1B	0.0688330078185965
RRP36	0.0092261170225205
RRP9	0.07319135603103
RSAD1	0.3916992625462698
RSBN1L	0.1391407541428835
RSF1	0.1640631919006145
RSPO3	0.0111849312692584
RSRC1	0.3174609233754196
RSRC2	0.068683466249785
RTCA	0.1798804485065771
RTCB	0.0097203772760552
RTFDC1	0.0879346197775109
RTN2	0.0158678052263595
RTN3	0.0072379656595802
RTN4RL2	0.6305546780116056
RUSC1	0.048080548778483
RUVBL1	0.0356256617655416
RWDD4	0.0056416059342113
S100A16	0.3561668044664423
S100A2	0.016585404825202
S100A3	0.2155566381925691
S100A4	0.1214230838917679
S100A6	0.073917863502177
S100P	0.0894798081756936
S1PR3	0.0571779032323947
SAFB	0.1133595822628328
SAFB2	0.0647268919302664
SAMD1	0.0687346696261817
SAMD11	0.4922526933068035
SAMD4B	0.1156744332051488
SAP30BP	0.0487193593636174
SAP30L	0.0160348189866438
SAPCD2	0.001909271066142
SAR1A	0.0812207096150614
SAR1B	0.2319459650189961
SARS	0.1078246845166979
SAT1	0.0173575202842975
SAV1	0.0719017948121103
SBDS	0.3162787611789462
SBF2-AS1	0.0250020306708577
SBNO1	0.1737101542308974
SCAF1	0.1537786465619117
SCAMP3	0.0676633988224581
SCAMP4	0.002420786623517
SCARB1	0.3298883261051963
SCCPDH	0.1150671355256479
SCD	0.1070081677998285
SCN1B	0.022715477677208
SCNM1	0.1035608636977957
SCO1	0.1026283022279771
SCO2	0.0025653686409732
SCOC	0.0401489534605444
SCP2	0.0300087860974506
SCRIB	0.3709131547143857
SDC1	0.0788842417596491
SDC4	0.2155611681980228
SDCBP	0.0205328065816683
SDCCAG3	0.1140126250705604
SDF2	0.0421627317481478
SDF4	0.1712430462811734
SDHAF1	0.4738627067228718
SDHAF2	0.1306465842981642
SDHAF3	0.1254970296102992
SDHD	0.0426982326171858
SDPR	0.0312156289614721
SDR39U1	0.2557405405763648
SDSL	0.0479293568213294
SEC13	0.2155407589641348
SEC14L1	0.0990685938761417
SEC22C	0.0051546821652951
SEC61A1	0.0126265713373604
SEC63	0.1379616507417404
SECISBP2	0.1725743336426822
SELK	0.1117066180742947
SEMA3C	0.3599543083959896
SENP6	0.1587067031671222
SEPHS1	0.0537879765909698
SEPT1	0.0836415702591591
SEPT11	0.0865128502007016
SEPT7	0.1636108923406072
SERINC2	0.1354963921951887
SERINC3	0.02332912158815
SERPINB1	0.1437740889826899
SERPINB6	0.0634948772396511
SERPINE1	0.1905947247647527
SERPINE2	0.0771780253466645
SERPINH1	0.1018626857899529
SERTAD1	0.1457662065553253
SERTAD3	0.0986089028005808
SERTAD4-AS1	0.0522213156327762
SET	0.1059767052850817
SETD5	0.0849007058306508
SETD7	0.0622376541013537
SF3B1	0.1123430277789497
SF3B3	0.05110585757154
SF3B4	0.0574004485942427
SFN	0.0048891612512883
SFRP1	0.0362801320291958
SFT2D2	0.1019993600402441
SFXN1	0.1298318839561185
SFXN4	0.0330543196000393
SFXN5	0.0278503217780032
SGK223	0.0400172574066522
SGOL1	0.0074320617250131
SGOL2	0.055145309436546
SGTA	0.2649813131553061
SH2D4A	0.0319959582033112
SH3BGRL	0.1111167715180161
SH3BGRL3	0.1601916959356515
SH3BP4	0.1570784389139861
SH3GLB1	0.055027222464794
SH3KBP1	0.0075453968311246
SHARPIN	0.4439347100518049
SHB	0.0816835048221565
SHISA4	0.1406072592257994
SHKBP1	0.3404646480896219
SHMT2	0.0544630544669731
SHTN1	0.142128412443789
SIAH2	0.1086270964267943
SIRT7	0.4950077138942046
SKAP2	0.0264579774493385
SKIL	0.0906309035894635
SLBP	0.0838231167587636
SLC10A3	0.0787761201347468
SLC12A2	0.3927863657195307
SLC16A1-AS1	0.093403948690199
SLC16A3	0.0078410636716926
SLC16A4	0.1266669497687712
SLC20A1	0.0442918456485341
SLC22A18AS	0.0211297387134714
SLC25A10	0.026759190510711
SLC25A13	0.1025880859220131
SLC25A19	0.0932952185569785
SLC25A26	0.0367107151157634
SLC25A3	0.2211201082045615
SLC25A33	0.1897412647258846
SLC25A4	0.1336901800276111
SLC25A43	0.0913355889205268
SLC25A6	0.4551644378024443
SLC26A2	0.1294837355257113
SLC27A2	0.1084320992266827
SLC2A1	0.3213414785415569
SLC2A3	0.2467051571856878
SLC2A8	0.0224356334752674
SLC30A5	0.0280328272354697
SLC35A4	0.0308272771095915
SLC35B2	0.0204971052192483
SLC35B4	0.048321620840542
SLC35C2	0.1265160415001919
SLC35D2	0.0287269374761797
SLC35F2	0.0215614206090796
SLC35F6	0.493743463894995
SLC36A4	0.0144082297507855
SLC39A10	0.021968635323008
SLC39A14	0.1116561567922396
SLC39A3	0.0290961924775444
SLC3A2	0.3049788276858329
SLC40A1	0.06618474207378
SLC44A1	0.0254227092221438
SLC48A1	0.3203289318348459
SLC4A2	0.0884338796062934
SLC4A7	0.1379902801139146
SLC50A1	0.0728242260337332
SLC5A6	0.1223726349516803
SLC6A6	0.0374275563645424
SLC7A1	0.1080510977100416
SLC7A5	0.1764069640179871
SLC9A3R1	0.1535596269187309
SLC9A3R2	0.2235108122962334
SLF1	0.013150674208434
SLF2	0.254555069145933
SLK	0.0472669124569961
SLU7	0.0822398618869256
SMAD2	0.0661388066510049
SMAGP	0.047498405092958
SMAP1	0.1102878977154337
SMARCA1	0.0364201370744192
SMARCA5	0.0893871138181897
SMARCB1	0.2705813549731363
SMARCC1	0.035470735990791
SMARCC2	0.0469998937754993
SMARCD1	0.269236878763122
SMARCD2	0.0027341588590932
SMARCE1	0.017414043480354
SMC1A	0.5579529745623332
SMC2	0.0020508401669017
SMC4	0.0567617493684424
SMC5	0.8626554679863324
SMC6	0.2436746429718992
SMCHD1	0.0083410268927031
SMCO4	0.0420565064006908
SMG1	0.0244775526567714
SMIM13	0.0621052015760687
SMIM14	0.0144589835701413
SMIM19	0.2514772574524063
SMIM4	0.1230462138661751
SMKR1	0.0345329649316437
SMOX	0.0642642769646673
SMYD2	0.469761801299994
SNAP47	0.1830289132497368
SNAPC1	0.0549133481448593
SNCG	0.0369399403925983
SNHG10	0.1123692921175334
SNHG12	0.0312461079975825
SNHG19	0.0028425759512358
SNHG21	0.2544012377265339
SNHG25	0.0804121490261366
SNRNP200	0.1101131955768534
SNRNP27	0.1273139294427013
SNRNP40	0.1039364446337219
SNUPN	0.2037218782193766
SNW1	0.164064488817495
SNX12	0.054133480753886
SNX2	0.019708049344992
SNX6	0.043023173717777
SNX8	0.1159664652231938
SOCS2	0.0987205866032943
SOCS3	0.007186621418767
SOCS6	0.1153084599111738
SOD2	0.011538251349702
SON	0.0026076419743454
SOWAHC	0.0344539079477432
SOX12	0.3472682702602188
SOX2	0.0298176733887075
SOX4	0.2071882725233866
SOX9	0.1379504253848655
SPAG9	0.0931507731503001
SPANXB1	0.1092359863477861
SPATA20	0.0884647142579956
SPATA33	0.0161380823301136
SPATS2	0.5577811965200701
SPATS2L	0.1187132742427698
SPC25	0.2346188571975701
SPCS2	0.0273016506273483
SPCS3	0.1796380861463155
SPDL1	0.0309214174704493
SPECC1	0.4037967066485136
SPG7	0.1937619497730133
SPHK1	0.1789505272896655
SPINT2	0.0621894375624078
SPNS1	0.1417157349968498
SPOCK1	0.0258974162987085
SPP1	0.0844138932404135
SPPL3	0.1435645716271542
SPRED2	0.1743499369491851
SPRYD4	0.0615989449262874
SPRYD7	0.0126453469429953
SPSB2	0.1285619257498609
SPTAN1	0.0702923636694299
SPX	0.4394419587157275
SQLE	0.0371809032227344
SQRDL	0.0611730005369955
SRC	0.1027020768539465
SREBF1	0.0834817152930425
SREK1	0.2294760222029016
SREK1IP1	0.0574096711711608
SRGAP1	0.0321723848921658
SRGN	0.0266867452123937
SRP68	0.0925706962769104
SRP72	0.1392063555381961
SRPK1	0.2273815578876286
SRPK2	0.0829245789503954
SRRD	0.0122097783605661
SRRT	0.0962586485195716
SRSF11	0.0208712736913954
SRSF3	0.1398100043676204
SRSF4	0.1064111209224652
SRSF6	0.1118198459733906
SRSF8	0.0572483740425749
SS18L2	0.1079127031297273
SSB	0.2740572974294002
SSBP1	1.043979118298001
SSBP4	0.0796336612682614
SSFA2	0.3337008497221947
SSH2	0.1455968661165635
SSR1	0.1124863787415647
ST3GAL4	0.0062868496097142
ST3GAL5	1.130393981944655
ST6GAL2	0.1752920546299599
STAG2	0.0692061097157764
STAMBP	0.1444644754630538
STAMBPL1	0.0836770572216622
STARD10	0.0826025663329028
STARD3NL	0.1617960619773946
STAT1	0.0165078228839646
STAT3	0.0541826436601378
STAU1	0.0580561210844097
STC1	0.09870812000723
STC2	0.3470848572329493
STEAP1	0.0542543409590918
STK16	0.2331575155236011
STK17A	0.1671558021456202
STK24	0.1574820626124166
STK25	0.2948999247461303
STK32C	0.0256896197660489
STMN1	0.621652044855703
STOM	1.4171573898457477
STRADB	0.3222637494993428
STRBP	0.0130792387897576
STRN3	0.232675063067663
STT3B	0.1291662538212427
STX2	0.118590338867603
STX4	0.0732882962946077
STX8	0.0441039062451121
SUGT1	0.3773584153247725
SULF2	0.0132162343033942
SULT2B1	0.1435921253786898
SUMF2	0.1367670393263001
SUN1	0.0483913796091251
SUPT16H	0.1302671801937681
SUPT5H	0.0938053673939176
SUPT6H	0.0759732843440639
SURF1	0.1118103505230448
SUSD2	0.0143901552893588
SVBP	0.0689288507660601
SVIL	0.0829234639713123
SWAP70	0.139894366188897
SYCE1L	0.2164334227597981
SYF2	0.1103492027560785
SYNCRIP	0.0487026105181186
SYNE1	0.0845513065066703
SYNGR1	0.0246455742810247
SYNJ2BP	0.0514713125048115
SYNM	0.043383808848201
SYNPO	0.5410452980750199
SYPL1	0.3132769936044396
SYT1	0.1159720985833623
TACC1	0.0555781492327733
TACC2	0.0221181308519732
TACC3	0.1030075078545449
TACO1	0.1667969235230662
TAF11	0.1053790494688268
TAF12	0.1644826668375733
TAF15	0.1617010205519611
TAF1D	0.1658712531967904
TAF6	0.0546065661914411
TAF7	0.1186731928861409
TAGLN	0.1506464986147636
TAGLN2	0.3781045502941331
TALDO1	0.0762421286749623
TANK	0.6687616441625903
TAOK1	0.0875767975406081
TAOK3	0.3287182065252224
TAPBP	0.018005820892515
TARDBP	0.115794196843894
TAX1BP1	0.0180553013512192
TBC1D20	0.1042062359732138
TBL1X	0.1614306305905086
TBL1XR1	0.0517370194584956
TBPL1	0.2080274519713229
TBRG1	0.0769484918372348
TBRG4	0.0664852958035288
TBX2-AS1	0.0173352878920399
TBX3	0.9193958972707816
TBXAS1	0.2933530125058176
TCEA2	0.1069119163357834
TCEAL3	0.031680665911664
TCEAL8	0.1111692221066816
TCEB3	0.0201691045165038
TCERG1	0.0632534755036131
TCF25	0.0839433291894296
TCHP	0.0219058901531631
TCOF1	0.7416843344299875
TCTEX1D2	0.2564622892493092
TCTN1	0.1517914837667717
TDG	0.1611835214034931
TDP2	0.4386968169874086
TEAD1	0.0353322724413406
TEAD4	0.0045426191810395
TECR	0.0530233219314861
TERF1	0.1548216673779786
TES	0.0060573631994316
TESC	0.0766100186411379
TEX261	0.0188912073517734
TEX264	0.0949568576546754
TEX30	0.1174128516285015
TFAP2A	0.0662292433063165
TFAP2C	0.2784275079683952
TFDP2	0.0243004917639605
TFF1	0.0850319085099277
TFG	0.0819847846904739
TFPI	0.0393758820323557
TFPI2	0.5190286435905934
TFRC	0.0069505094764667
TGFB2	0.0591837161963959
TGFBI	0.0047243035429912
TGFBR1	0.2103197877603519
TGFBR2	0.0381067400222962
TGM2	0.0028236957166677
TGOLN2	0.0557478994779822
TGS1	0.2546758088863048
THAP11	0.0320929101076532
THAP2	0.076337189762562
THAP4	0.2032504793738747
THAP7	0.3338492787303516
THBD	0.1284771197811975
THEM4	0.0518631594893879
THG1L	0.0416730450127744
THOC2	0.1125260179054635
THOC3	0.2312783429717767
THOC6	0.3278714174046651
THRAP3	0.2180308016567216
THSD4	0.2009031689521433
THUMPD1	0.0112246898578211
THUMPD2	0.0165186545070651
THUMPD3	0.0049183928519368
THUMPD3-AS1	0.173180463181972
TIAL1	0.070918480261673
TIGAR	0.2076954489010563
TIMELESS	0.0727920193606896
TIMM10B	0.1081181254387623
TIMM23	0.0278736440963287
TIMM44	0.1256560489418134
TIMMDC1	0.0352566969975656
TIMP1	0.2497123906565065
TIMP2	0.0445912805193873
TIPIN	0.0560697636486722
TIPRL	0.2290118249879323
TJP1	0.0612417276855499
TKT	0.8783227042696815
TLCD1	0.2674305403506018
TLE1	0.0242143278403829
TLE4	0.1268256902458997
TLK1	0.5274973267337534
TLK2	0.1693186925401766
TLN1	0.1482600879264634
TM2D2	0.1168248700855951
TM2D3	0.0572440151261533
TM4SF1	0.049049828427941
TM4SF18	0.0751716102264849
TM4SF20	0.1807825626931209
TM7SF3	0.1719216121665328
TM9SF3	0.0130628015570661
TMA16	0.0879698535622083
TMC5	0.1114817773736062
TMED1	0.0727362358018842
TMED10	0.043957139489702
TMED4	0.0409633996675694
TMED7	0.0558697941208625
TMEM106B	0.090842442702955
TMEM107	0.1175319404508161
TMEM109	0.1066339466612818
TMEM120B	0.1113017286228061
TMEM121	0.0269495977426795
TMEM132A	0.0621289725526402
TMEM136	0.0448751201823751
TMEM138	0.0390874437378132
TMEM156	0.1204020660639866
TMEM158	0.2003619465075541
TMEM165	0.0694116970104764
TMEM177	0.0494255439604628
TMEM18	0.0316247016842579
TMEM189	0.0187427229708245
TMEM19	0.1576029337360036
TMEM199	0.0730324946432886
TMEM2	0.0463132276640674
TMEM218	0.0878559520135371
TMEM223	0.0863157898486493
TMEM237	0.148828430564759
TMEM243	0.1195636049703169
TMEM245	0.0040562160741056
TMEM248	0.0859014616032243
TMEM251	0.0226873156673697
TMEM259	0.0842581015875872
TMEM263	0.0912694230244547
TMEM30A	0.0724560013771282
TMEM33	0.0401297474522886
TMEM41A	0.038446645995065
TMEM41B	0.0423456262076694
TMEM50A	0.0908992733019513
TMEM55B	0.0816579680352787
TMEM56	0.5020012941945083
TMEM59	0.0584733448781223
TMEM60	0.1183243136503246
TMEM70	0.0644277340101271
TMEM9	0.0080838127509996
TMEM92	0.3131660149467564
TMEM98	0.1979155053278228
TMEM99	0.3006220038426149
TMEM9B	0.0835156178961572
TMPO-AS1	0.0487964456860981
TMX1	0.0332184523880005
TMX2	0.10049941505486
TMX4	0.0772808379527833
TNFAIP1	0.2138231362905663
TNFAIP2	0.0093934791450073
TNFAIP8	0.1772694539942473
TNFRSF10B	0.6981698713893828
TNFRSF12A	0.047216615945045
TNIP1	0.0261199140098383
TNIP2	0.0038046344204019
TNNT1	0.1165342030415587
TNPO3	0.1103010969182122
TNRC6A	0.2111413873109761
TNRC6B	0.080759169059246
TNS3	0.1336858628201773
TNS4	0.0420607942208646
TOB1	0.026924798785596
TOLLIP	0.132306932997649
TOMM70A	0.0879477097353253
TOP1	0.1533530790330806
TOP2A	0.1441680017909031
TOP2B	0.7557097392134292
TOPBP1	0.0622598247098576
TOR1A	0.3822461744643439
TOR1AIP2	0.182147698884544
TOR3A	0.2525084871768485
TOX4	0.0771904218480712
TP53	0.0448775779165446
TP53I11	0.2275711251842531
TP53I13	0.0031858528931363
TP53I3	0.1285114469597889
TP53TG1	0.0124616077021671
TPBG	0.2727858041321421
TPD52L1	0.2176135548317505
TPD52L2	0.1239645154243908
TPGS1	0.0580667159272203
TPM1	0.0627904225135315
TPM2	0.0715487597424223
TPR	0.0103439803197707
TPRA1	0.1046943349978399
TPX2	0.146332730406441
TRA2A	0.0255840712200553
TRABD	0.067386900602915
TRADD	0.1012620546384491
TRAF2	0.026832722605385
TRAF3IP1	0.4758977879403595
TRAF4	0.0512666008449877
TRAF5	0.0332636075143389
TRAF7	0.0115260710391366
TRAM1	0.0480888423873074
TRAP1	0.0312379553443454
TRAPPC10	0.0444331582907436
TRAPPC4	0.1841177482907376
TRAPPC6A	0.0495021714642567
TRIB3	0.09021106016204
TRIM37	0.0637276688242356
TRIM44	0.0647531977620162
TRIM47	0.1356543664350702
TRIM56	0.3044223208431317
TRIM59	0.0835757513078445
TRIM65	0.1017474015338373
TRIM7	0.3128111928025616
TRIML2	0.6979597586024526
TRIOBP	0.001267944914642
TRIP12	0.0113718371106491
TRIP13	0.0767739589379483
TRIP6	0.0236170059112819
TRMT10C	0.1942509138157996
TRMT6	0.1807458856206843
TRMT61A	0.0966157151807596
TRNP1	0.2299153568018725
TROVE2	0.1193208774210118
TRPT1	0.3232424453173299
TRUB2	0.0761337459646136
TSC22D1	1.708810248708715
TSC22D4	0.3137369416730752
TSEN15	0.0125328208100745
TSEN54	0.1108440748021038
TSFM	0.0032426718142607
TSG101	0.0326331335202478
TSN	0.2163477691200802
TSNAX	1.0742250484853204
TSPAN13	0.0755524934591133
TSPAN14	0.017588876183242
TSPAN15	0.2051628221123517
TSPAN17	0.196884000041216
TSPAN3	0.0731844344077473
TSPYL1	0.0711274856546896
TSR1	0.6073474440288288
TSR2	0.0131195530361668
TSSC1	0.3205726129071252
TSTA3	0.1137776617453728
TTC1	0.1651847465629286
TTC19	0.0437745517215208
TTC32	0.0755413503400719
TTC39C	0.0647321043110445
TTF1	0.3909872238667553
TUBA1A	0.0033235235957711
TUBA1B	0.1262572466583092
TUBA1C	0.0102535818034312
TUBA4A	0.0480247861747363
TUBB	0.1929081072268994
TUBB4B	0.0929573344516549
TUBB6	0.344891086542723
TUBGCP2	0.2059482935828585
TUG1	0.0093236564263157
TUSC1	0.0367683563965086
TUSC3	0.1781894844932113
TWF1	0.069117583774765
TWIST2	0.0388688310494256
TWISTNB	0.0214306148241199
TXN	0.0413579142338591
TXNDC12	0.3083908021165709
TXNDC9	0.0832866106871732
TXNRD1	0.0165407700914917
TXNRD2	0.0994416197362636
TYMP	0.0519283521005439
TYW3	0.1156970837572818
U2AF1L4	0.0153467615850221
U2AF2	0.0082922354337523
UACA	0.0879166465353984
UAP1	0.204076023475817
UBA1	0.0409346161196394
UBALD1	0.2927284005321779
UBALD2	0.2231734600240404
UBAP2	0.032059265265809
UBAP2L	0.0145813466767039
UBASH3B	0.3403607558991284
UBB	0.1210950471983551
UBC	0.1077702296276916
UBE2B	0.1118935895446256
UBE2C	0.2177560372754536
UBE2D1	0.0788465918046332
UBE2D4	0.3670329771901616
UBE2E1	0.047979441391717
UBE2E2	0.0279872632608371
UBE2G1	0.6192076672427025
UBE2G2	0.2358907730391464
UBE2H	0.0461590688150528
UBE2J1	0.3592973194733333
UBE2J2	0.0364723372546427
UBE2Q2	0.0163417628530251
UBE2S	0.3331283954060579
UBE2T	0.0944507927191602
UBE2Z	0.0237292562888474
UBE3A	0.112363421759027
UBE3C	0.7942329942757697
UBL4A	0.0198185571332526
UBL7	0.0250910513951787
UBN1	0.0655767162462699
UBP1	0.0349858576781807
UBQLN1	0.0078700747571462
UBR4	0.0539220528392625
UBTD1	0.1268560717694462
UBTF	0.027624215647086
UBXN2A	0.2482862049850859
UBXN4	0.1946925159999979
UCHL3	1.252505104274972
UCHL5	0.652583059298666
UCK2	0.0285650888091245
UCP2	0.032740693129754
UFM1	0.1305073772172817
UGP2	0.0468636947368684
UHMK1	0.0493269744757119
UHRF1	0.024551288315288
UMPS	0.0161115917158314
UNC119	0.5264145516462797
UNC119B	0.033187521574476
UNC50	0.0768113974844962
UNC93B1	0.0618068178619703
UNG	0.2114341355127535
UNK	0.1871801389629901
UNKL	0.3028080214073833
UPF2	0.3768777424008867
UPF3A	0.0608643840987387
UPF3B	0.0762765424390597
UPK1B	0.0534456185074174
UQCRC1	0.2377249715825515
UQCRC2	0.0185797749673328
URB1-AS1	0.0405002607991164
USO1	0.1596599244064511
USP1	0.0345213853118163
USP10	0.1233348149588095
USP12	0.0440181437775978
USP14	0.0702997591318324
USP3	0.6354281911493527
USP34	0.0580885071196982
USP39	0.1285186750941647
USP7	0.0163556015406955
USP8	0.0479094296692755
USP9X	0.1235891935272198
UTP11L	0.0190451055979535
UTP18	0.054226285466373
VAMP2	0.0167193405387544
VAMP3	0.1410026695918731
VAMP8	0.1378045799631909
VASP	0.0712315683395871
VCL	0.0721693036139942
VDAC3	0.2393655277011769
VEGFB	0.2744555965048516
VEZT	0.1157349995325622
VGF	0.7692428192576998
VIM	0.1247881084046499
VKORC1L1	0.0409363177765628
VOPP1	0.3179407864708016
VPS25	0.1022037032040327
VPS26A	0.0205821018298472
VPS28	0.0409110713030413
VPS35	0.0306225709144897
VPS4A	0.0866864289111314
VPS53	1.0343698546640028
VPS9D1-AS1	0.2131344724257562
VSIG10	0.0751236496966459
VSTM1	0.0252805800578459
VTA1	0.2057341865332264
WAC	0.0159641329292982
WAC-AS1	0.0120255977735317
WAPL	0.0593953377392081
WARS	0.0456888183587236
WASF2	0.1244196135213632
WBP11	0.025924855922512
WBP2	0.0062922835078853
WBP4	0.3747509699962678
WBP5	0.3011437516819205
WBSCR16	0.086561958785997
WBSCR27	0.1321015556521454
WDR1	0.310524814412975
WDR13	0.0076348333790689
WDR18	0.0019750575011785
WDR33	0.0301963610833906
WDR4	0.1663369040713831
WDR45	0.0478334667694065
WDR46	0.1084990521836891
WDR5	0.0470208903442518
WDR61	0.0881477717873279
WDR73	0.2561036753037403
WDR74	0.0589861100564532
WDR76	0.1787555228669726
WDR77	0.043466472861378
WDR82	0.0532405096101619
WDYHV1	0.0019533483769534
WHSC1	0.0772124595399947
WIPF2	0.1882574795321065
WIPI2	0.2632963454312725
WNT7B	0.0216377417133967
WRB	0.0963189804861594
WSB2	0.125779743516301
WTAP	0.3310474479266825
WTIP	0.0600882562289573
WWC1	0.0123972149967756
WWTR1	0.0319618757908556
XBP1	0.2765512529637345
XIAP	0.2064231175946277
XPC	0.1874364508928056
XPOT	0.0717197256168948
XRCC2	0.0599394061894312
XRCC5	0.0024243231386245
XRCC6	0.1419695926227746
XRN2	0.0693940768184571
XXyac-YM21GA2.4	0.1050583722320002
XYLT2	0.0226443930497914
YAF2	0.1648025596077005
YARS	0.0262340980140446
YBEY	0.0281471107296307
YEATS4	0.2278554589826791
YIF1B	0.0216982951342502
YIPF4	0.1457167142893696
YIPF6	0.0803907729715132
YKT6	0.3369088014604481
YME1L1	0.0400390006730918
YPEL3	0.1101566611149421
YPEL5	0.1331840537580209
YRDC	0.1534903847711904
YTHDC1	0.1908918139670243
YTHDF1	0.0477143703481257
YTHDF2	0.142884709728705
YWHAE	0.0038343698444259
ZBED1	0.120214940296991
ZBED5	0.1893077709220836
ZBED5-AS1	0.110854578392524
ZBTB38	0.069743405281496
ZBTB7A	0.0740030102912743
ZBTB8OS	0.0404240137134411
ZC3H13	0.402770685078737
ZC3H14	0.0009049804162303
ZC3H18	0.0612540963724936
ZC3H4	0.3974571407122572
ZC3H8	0.0607900472207375
ZC3HAV1	0.1751363002121629
ZCCHC10	0.0432763008305279
ZCCHC11	0.0416436493320413
ZCCHC17	0.2374217887494821
ZCCHC8	0.0332675475144101
ZCCHC9	0.1050827597056168
ZDHHC16	0.108731189031981
ZDHHC24	0.3072727500650323
ZDHHC3	0.0231560064681026
ZDHHC4	0.2418336079852446
ZDHHC6	0.1404475193911731
ZDHHC7	0.102627768606806
ZEB1	0.189031860469837
ZFAND1	0.1791813014299583
ZFAND2B	0.0093314975331387
ZFAS1	0.1172687617571904
ZFHX3	0.0188648864000261
ZFP36L1	0.2087041583090659
ZFP36L2	0.185467861562029
ZFPL1	0.064442179902968
ZFPM1	0.0623001014258905
ZFR	0.1830245116917344
ZFX	0.0883862309648716
ZFYVE21	0.0736110496125196
ZKSCAN1	0.0033860154578675
ZMAT3	0.0207074859749454
ZMAT5	0.2851790187503352
ZMYND19	0.1913708499380849
ZNF106	0.0822675049325287
ZNF131	0.096584975583071
ZNF185	0.0847817148249445
ZNF22	0.0688057508905594
ZNF280D	0.1143115540291307
ZNF281	0.0412365481253038
ZNF302	0.0249677878716954
ZNF32	0.0438749460035234
ZNF326	0.0080596830230549
ZNF37A	0.1173316522379128
ZNF444	0.2064449437319096
ZNF480	0.0312374765985081
ZNF518A	0.0194279038739579
ZNF524	0.2778676753350241
ZNF544	0.0748174172979049
ZNF576	0.1904251624479491
ZNF579	0.2627605209612198
ZNF581	0.0626874697008167
ZNF622	0.0993668172448445
ZNF638	0.0490564759082641
ZNF652	0.0596115798388329
ZNF655	0.1406938148041696
ZNF664	0.20879842501595
ZNF768	0.0363533996078999
ZNF770	0.0259759299263769
ZNF771	0.0138708559991648
ZNRD1	0.1901433929947251
ZNRF1	0.2062568088094835
ZP3	0.108250595570895
ZPR1	0.0699616179323545
ZRANB2	0.0290526515344819
ZWILCH	0.0626917195823483
ZWINT	0.1439378590677938
ZYX	0.1922046398022306